t,qw,qx,qy,qz,wx,wy,wz,tau_x,tau_y,tau_z,energy,hx,hy,hz,pointing_error_deg
0.000000000000000e+00,9.659258262890683e-01,0.000000000000000e+00,0.000000000000000e+00,2.588190451025207e-01,8.000000000000000e-02,-5.000000000000000e-02,6.000000000000000e-02,-2.000000000000000e-03,2.000000000000000e-03,-2.000000000000000e-03,8.818000000000001e-04,1.641717597600969e-02,1.164617092752041e-03,3.660000000000000e-03,3.000000000000000e+01
5.000000000000000e-01,9.622890113099831e-01,2.166479278554399e-02,-6.459941050780182e-03,2.710881122942046e-01,7.404834841084783e-02,-4.475581800176903e-02,4.237808353244936e-02,-2.000000000000000e-03,2.000000000000000e-03,-2.000000000000000e-03,7.061891095086008e-04,1.504686001083878e-02,1.534937696853562e-03,2.667495954232003e-03,3.157009774881865e+01
1.000000000000000e+00,9.593152297865052e-01,4.156353001060387e-02,-1.187352422462775e-02,2.790085702898924e-01,6.832498536282684e-02,-3.884642512935912e-02,2.498268469992222e-02,-2.000000000000000e-03,2.000000000000000e-03,-2.000000000000000e-03,5.595054102725263e-04,1.366923431778900e-02,1.918701431146648e-03,1.690344931234498e-03,3.279949053980447e+01
1.500000000000000e+00,9.572105903507782e-01,5.971390566809777e-02,-1.600787113806451e-02,2.827116609759906e-01,6.278653973860886e-02,-3.236750181423607e-02,7.802977903160008e-03,-2.000000000000000e-03,2.000000000000000e-03,-2.000000000000000e-03,4.419370451049857e-04,1.228581790136453e-02,2.323100805326539e-03,7.298537327909841e-04,3.364315119050821e+01
2.000000000000000e+00,9.561136762932355e-01,7.613162052397184e-02,-1.866402481178642e-02,2.823159020304261e-01,5.738351561404098e-02,-2.554222895570152e-02,-9.175880781691372e-03,-2.000000000000000e-03,1.831158134330674e-03,-2.000000000000000e-03,3.541314726004755e-04,1.090831224225825e-02,2.739117934037244e-03,-2.143256626763770e-04,3.407481149867312e+01
2.500000000000000e+00,9.560948082353534e-01,9.086582951089629e-02,-1.980645915067310e-02,2.779097387077546e-01,5.206455115641664e-02,-1.939014841668581e-02,-2.598205249176950e-02,-2.000000000000000e-03,1.480312251411919e-03,-2.000000000000000e-03,2.984013182396330e-04,9.610402551540012e-03,3.061957033451653e-03,-1.160641733172023e-03,3.408219007472225e+01
3.000000000000000e+00,9.571562482626670e-01,1.039973150853333e-01,-1.956420277220096e-02,2.695435342141708e-01,4.678581399964697e-02,-1.409048025299589e-02,-4.244543822850212e-02,-2.000000000000000e-03,1.158456059534969e-03,-1.765970253716606e-03,2.717186582601018e-04,8.398087199801231e-03,3.283333244987815e-03,-2.104317078020470e-03,3.366466251824632e+01
3.500000000000000e+00,9.590850636641491e-01,1.155802533681717e-01,-1.814117760759266e-02,2.578137765184281e-01,4.150787144524081e-02,-9.660334064017125e-03,-5.338037819920596e-02,-2.000000000000000e-03,8.698788855625100e-04,-9.221977323424931e-04,2.529964273456025e-04,7.266113406628548e-03,3.348649007961747e-03,-2.737608248510536e-03,3.289277853336730e+01
4.000000000000000e+00,9.614189194162425e-01,1.256406390367431e-01,-1.587507038702783e-02,2.442049822406383e-01,3.620111735969186e-02,-6.139543329872145e-03,-5.867873620053194e-02,-2.000000000000000e-03,6.223737259847739e-04,-3.865555438182975e-04,2.289545700226915e-04,6.203323673129814e-03,3.259822755289725e-03,-3.055921555178056e-03,3.193457185986061e+01
4.500000000000000e+00,9.638541925255689e-01,1.342089912226789e-01,-1.308373241704291e-02,2.297865491535867e-01,3.085922513163832e-02,-3.482551565561422e-03,-6.041856577767608e-02,-2.000000000000000e-03,4.182928126063719e-04,-5.147083979682200e-05,2.002975114281213e-04,5.193651551058479e-03,3.054001907290545e-03,-3.182119023349228e-03,3.090391552803643e+01
5.000000000000000e+00,9.662322993913957e-01,1.413193633465547e-01,-1.003313539585991e-02,2.152285235517569e-01,2.548737110745188e-02,-1.591568156866664e-03,-5.995331989430477e-02,-2.000000000000000e-03,2.560242557457584e-04,1.535428168301751e-04,1.699001626480221e-04,4.221779302246098e-03,2.763512089032184e-03,-3.193687429004330e-03,2.986400852703597e+01
5.500000000000000e+00,9.684853628547051e-01,1.470050091652783e-01,-6.935732536810633e-03,2.009415955711628e-01,2.009422438564076e-02,-3.478493147313997e-04,-5.816051404944499e-02,-2.000000000000000e-03,1.318426794728541e-04,2.745653138280951e-04,1.405288479342075e-04,3.274533411020014e-03,2.415533085223169e-03,-3.138671764782151e-03,2.884502912392365e+01
6.000000000000000e+00,9.705987353945541e-01,1.512956000186304e-01,-3.954327853597010e-03,1.871686393515788e-01,1.468821409936470e-02,3.701731848463252e-04,-5.560574931394460e-02,-2.000000000000000e-03,4.105885456677266e-05,3.416467292114145e-04,1.142721325029500e-04,2.341348624836904e-03,2.032384346422304e-03,-3.046226741806382e-03,2.785611078482837e+01
6.500000000000000e+00,9.725864767483029e-01,1.542158178198746e-01,-1.208269431593162e-03,1.740447266235056e-01,9.276103813934108e-03,6.769300451798637e-04,-5.265075413410534e-02,-2.000000000000000e-03,-2.128349180530123e-05,3.743296220702300e-04,9.254136558267883e-05,1.414213238831850e-03,1.632053888083265e-03,-2.933568137592718e-03,2.689349258346587e+01
7.000000000000000e+00,9.744758773096341e-01,1.557849327287645e-01,1.219747485017434e-03,1.616364175932705e-01,3.862701355692500e-03,6.747697099613133e-04,-4.952444330265518e-02,-2.000000000000000e-03,-6.000214235795774e-05,3.852839166669821e-04,7.621937510808517e-05,4.873633318164101e-04,1.228793242171322e-03,-2.810520453881932e-03,2.594604337347668e+01
7.500000000000000e+00,9.762979807786832e-01,1.560169922098633e-01,3.277135438246944e-03,1.499673672922638e-01,-1.548938947672605e-03,4.520296003229419e-04,-4.636956530676899e-02,-2.000000000000000e-03,-7.955594303132762e-05,3.826960417299186e-04,6.581580480760426e-05,-4.431134472824008e-04,8.336942183374866e-04,-2.682463921670823e-03,2.499895504671943e+01
8.000000000000000e+00,9.780819588968485e-01,1.549213396066934e-01,4.935518945151388e-03,1.390348908285725e-01,-6.957149615430360e-03,8.285843639601782e-05,-4.327324991004779e-02,-2.000000000000000e-03,-8.393980930618330e-05,3.718367413457074e-04,6.159118472604913e-05,-1.379676076620830e-03,4.552104970061457e-04,-2.552219467873440e-03,2.403615199524954e+01
8.500000000000000e+00,9.798485155229231e-01,1.525250030328084e-01,6.188647770954779e-03,1.288204592296306e-01,-1.204146485735901e-02,-3.705362655503028e-04,-4.028695544471437e-02,-1.717912157083395e-03,-7.678618840225831e-05,3.560899790087725e-04,6.292477917433718e-05,-2.266572067220618e-03,1.149538226193419e-04,-2.419530750095007e-03,2.304375048352507e+01
9.000000000000000e+00,9.815903520585799e-01,1.489932219783943e-01,7.064377440061752e-03,1.192958302766470e-01,-1.625364842002527e-02,-8.505492110014574e-04,-3.743954244314541e-02,-1.408672646452793e-03,-6.199708638090058e-05,3.376392621623717e-04,6.724127760884835e-05,-3.005471649969373e-03,-1.599375441779669e-04,-2.283408992946638e-03,2.202210835393667e+01
9.500000000000000e+00,9.832897535150800e-01,1.445306355092589e-01,7.605868414387922e-03,1.104278352464014e-01,-1.967138752896678e-02,-1.313189156059777e-03,-3.474577111660002e-02,-1.132206916410136e-03,-4.290254526662013e-05,3.179009030535788e-04,7.273997673116701e-05,-3.608737877561880e-03,-3.760319236384082e-04,-2.146495119588510e-03,2.097807719533632e+01
1.000000000000000e+01,9.849301120425529e-01,1.393194253036414e-01,7.858975287884132e-03,1.021812538205120e-01,-2.238097927705265e-02,-1.729570700573367e-03,-3.221157078808075e-02,-8.862520482351031e-04,-2.196936257174413e-05,2.977941861566533e-04,7.819574488106723e-05,-4.090285386618675e-03,-5.405708830417560e-04,-2.010924592293990e-03,1.991909248977533e+01
1.050000000000000e+01,9.864968643271372e-01,1.335212190456039e-01,7.869618745570921e-03,9.452031442024149e-02,-2.446269483730718e-02,-2.082419236086035e-03,-2.983731710785172e-02,-6.685778144912319e-04,-9.687457639726384e-07,2.779139957472393e-04,8.281949142296683e-05,-4.463082343133796e-03,-6.605317174709969e-04,-1.878359649806113e-03,1.885275616859767e+01
1.100000000000000e+01,9.879780467243421e-01,1.272789519154424e-01,7.681958982399870e-03,8.740958240520862e-02,-2.599080454648399e-02,-2.363166475555042e-03,-2.761989240825230e-02,-4.770149578580394e-04,1.887864481490460e-05,2.586402260117999e-04,8.615504863464196e-05,-4.739209322655166e-03,-7.424864519363644e-04,-1.750069791786814e-03,1.778652859485542e+01
1.150000000000000e+01,9.893645554206209e-01,1.207185197530607e-01,7.337172328560061e-03,8.081448736586969e-02,-2.703371399519316e-02,-2.569593700777470e-03,-2.555399664331945e-02,-3.094734763373812e-04,3.678086478968720e-05,2.402080007452517e-04,8.799311469888221e-05,-4.929903570364940e-03,-7.925115715960558e-04,-1.626991892601016e-03,1.672750285298132e+01
1.200000000000000e+01,9.906501751683072e-01,1.139502604427360e-01,6.872692863272311e-03,7.470163771191451e-02,-2.765417194158444e-02,-2.703951293904512e-03,-2.363299615792887e-02,-1.639538505887092e-04,5.227399182191372e-05,2.227535660850998e-04,8.830090524706817e-05,-5.045594101452560e-03,-8.161365502625610e-04,-1.509780123196705e-03,1.568224830992826e+01
1.250000000000000e+01,9.918314382139617e-01,1.070702955587167e-01,6.321807541560129e-03,6.903900874723612e-02,-2.790952208858362e-02,-2.771482315784333e-03,-2.184948529028273e-02,-3.855340362445090e-05,6.514001828209791e-05,2.063449774611860e-04,8.716582209877153e-05,-5.095931535199276e-03,-8.183218670259294e-04,-1.398850360941375e-03,1.465671013491431e+01
1.300000000000000e+01,9.929073679961549e-01,1.001617585832306e-01,5.713515404518418e-03,6.379605346873335e-02,-2.785197932093118e-02,-2.779282767685412e-03,-2.019566673338244e-02,6.853062192418015e-05,7.534071958883004e-05,1.910031485032129e-04,8.475131840483260e-05,-5.089815357159489e-03,-8.034591657243959e-04,-1.294420858174203e-03,1.365615271952047e+01
1.350000000000000e+01,9.938791531396357e-01,9.329593022407397e-02,5.072579417298749e-03,5.894376384419708e-02,-2.752891729826983e-02,-2.735438387634648e-03,-1.866361459978050e-02,1.590001543110061e-04,8.296503258129888e-05,1.767166544796764e-04,8.126314852564763e-05,-5.035420407216656e-03,-7.753876987101637e-04,-1.196549543249214e-03,1.268513672816409e+01
1.400000000000000e+01,9.947497879523703e-01,8.653329612909295e-02,4.419714127254995e-03,5.445469820669695e-02,-2.698315880396676e-02,-2.648385683868334e-03,-1.724545894847256e-02,2.344567901725180e-04,8.818771499602016e-05,1.634523656012022e-04,7.692428718328086e-05,-4.940223729191252e-03,-7.374223499395963e-04,-1.105167777945189e-03,1.174752134181957e+01
1.450000000000000e+01,9.955237069510045e-01,7.992453789515483e-02,3.771864315944950e-03,5.030298381168567e-02,-2.625326337783482e-02,-2.526452556036621e-03,-1.593351561210426e-02,2.964031963476122e-04,9.123732430707805e-05,1.511631957392849e-04,7.195694936770637e-05,-4.811032433276473e-03,-6.923894559823209e-04,-1.020110288879850e-03,1.084648492070856e+01
1.500000000000000e+01,9.962064333265050e-01,7.351146477481681e-02,3.142539652705940e-03,4.646430016771895e-02,-2.537380886958695e-02,-2.377540911738073e-03,-1.472037641545317e-02,3.462450957781476e-04,9.237182026098934e-05,1.397937822436870e-04,6.657031498285381e-05,-4.654012872244306e-03,-6.426674040181500e-04,-9.411410896224200e-04,9.984558731201691e+00
1.550000000000000e+01,9.968042548638655e-01,6.732789085485318e-02,2.542178437864697e-03,4.291584703953882e-02,-2.437566492383291e-02,-2.208919996716793e-03,-1.359896977438795e-02,3.852936417523237e-04,9.186034479717243e-05,1.292846338306559e-04,6.095274318524579e-05,-4.474721183666354e-03,-5.902296240414964e-04,-8.679753795122347e-04,9.163669553053705e+00
1.600000000000000e+01,9.973239356403696e-01,6.140046061609898e-02,1.978520147915584e-03,3.963630019261755e-02,-2.328625726792983e-02,-2.027104685710723e-03,-1.256259867110161e-02,4.147680662182061e-04,8.996995877599400e-05,1.195751171842158e-04,5.526743947232217e-05,-4.278135079279264e-03,-5.366881323284666e-04,-8.002975735036193e-04,8.385187929224900e+00
1.650000000000000e+01,9.977724677552419e-01,5.574942455613956e-02,1.456971894133665e-03,3.660575752766224e-02,-2.212982218774020e-02,-1.837797751572206e-03,-1.160496119983712e-02,4.357985383661792e-04,8.695631478819372e-05,1.106055515476315e-04,4.965070661780822e-05,-4.068686650971599e-03,-4.833362391370532e-04,-7.377757518344195e-04,7.649979575302334e+00
1.700000000000000e+01,9.981568642590321e-01,5.038936583268077e-02,9.809582665777274e-04,3.380567799106911e-02,-2.092765086543948e-02,-1.645879196342920e-03,-1.072015773415428e-02,4.494291986034765e-04,8.305741951533153e-05,1.023186161921509e-04,4.421206425994175e-05,-3.850295896691077e-03,-4.311894151529730e-04,-6.800729083499006e-04,6.958458062374580e+00
1.750000000000000e+01,9.984839922090539e-01,4.532987854140517e-02,5.522475141259594e-04,3.121881542234994e-02,-1.969832340468041e-02,-1.455429156171227e-03,-9.902687980961276e-03,4.566213476183420e-04,7.848978914425827e-05,9.466023210007743e-05,3.903565913050665e-05,-3.626404637818562e-03,-3.810236258830224e-04,-6.268554232958607e-04,6.310637355583777e+00
1.800000000000000e+01,9.987604432337234e-01,4.057619816823031e-02,1.712497440946937e-04,2.882914926449061e-02,-1.845793244114430e-02,-1.269773753548876e-03,-9.147440594758454e-03,4.582567757769734e-04,7.344642930741748e-05,8.758004745365740e-05,3.418250782066176e-05,-3.400010493356659e-03,-3.334106979686078e-04,-5.777991973962379e-04,5.706183154476760e+00
1.850000000000000e+01,9.989924380090580e-01,3.612978486076915e-02,-1.627150678994859e-04,2.662181380822741e-02,-1.722029626986719e-02,-1.091545636141826e-03,-8.449677543803713e-03,4.551412184197252e-04,6.809617925490133e-05,8.103163169658427e-05,2.969321685321631e-05,-3.173700588466653e-03,-2.887504831584740e-04,-5.325938680482630e-04,5.144462258942698e+00
1.900000000000000e+01,9.991857605139242e-01,3.198886037468733e-02,-4.511798795471966e-04,2.458302737370260e-02,-1.599716143897511e-02,-9.227528790312200e-04,-7.805015007989291e-03,4.480079203435094e-04,6.258405081462834e-05,7.497246250011581e-05,2.559091155961884e-05,-2.949684699682057e-03,-2.472997414114047e-04,-4.909454943313730e-04,4.624589388486508e+00
1.950000000000000e+01,9.993457177314757e-01,2.814889981222249e-02,-6.963236547165812e-04,2.270002256587065e-02,-1.479839477644991e-02,-7.648514990315628e-04,-7.209402228682261e-03,4.375212895914344e-04,5.703226841735906e-05,6.936377266700521e-05,2.188417713408496e-05,-2.729827571929937e-03,-2.091977811714194e-04,-4.525780528579843e-04,4.145471019673320e+00
2.000000000000000e+01,9.994771205131616e-01,2.460307954237169e-02,-9.007933492896107e-04,2.096097848605374e-02,-1.363216483910520e-02,-6.188180926026899e-04,-6.659099416956803e-03,4.242806176683646e-04,5.154177914479516e-05,6.417030924054837e-05,1.856987376730421e-05,-2.515680179704808e-03,-1.744889788325286e-04,-4.172340373203516e-04,3.705845877752039e+00
2.050000000000000e+01,9.995842815445798e-01,2.134268294796691e-02,-1.067552906863988e-03,1.935495555096470e-02,-1.250511280341789e-02,-4.852201131500814e-04,-6.150655556099767e-03,4.088238410376026e-04,4.619405329882870e-05,5.936004455055086e-05,1.563573454709316e-05,-2.308509743620952e-03,-1.431423568434251e-04,-3.846744053178429e-04,3.304321718626556e+00
2.100000000000000e+01,9.996710266893091e-01,1.835746586710739e-02,-1.199757029820016e-03,1.787183336846686e-02,-1.142251285588453e-02,-3.642820933782102e-04,-5.680886705513132e-03,3.916313174793537e-04,4.105303807981286e-05,5.490386843531804e-05,1.306269144835613e-05,-2.109328352091682e-03,-1.150684362074447e-04,-3.546780696529097e-04,2.939407955737233e+00
2.150000000000000e+01,9.997407163902566e-01,1.563598377609987e-02,-1.300647323195535e-03,1.650225194907915e-02,-1.038842218438181e-02,-2.559467319753952e-04,-5.246855224204612e-03,3.731295906453106e-04,3.616716108965227e-05,5.077528226701030e-05,1.082690274770506e-05,-1.918920074615997e-03,-9.013359900993894e-05,-3.270410895509764e-04,2.609543509212120e+00
2.200000000000000e+01,9.997962742416087e-01,1.316588289482739e-02,-1.373468362895267e-03,1.523755639379200e-02,-9.405820719246715e-03,-1.599302338313460e-04,-4.845850180092462e-03,3.536951168375647e-04,3.157130783620503e-05,4.695010850487577e-05,8.901476008700435e-06,-1.737866487141320e-03,-6.817220403016123e-05,-3.015756810715953e-04,2.313118973003891e+00
2.250000000000000e+01,9.998402202810240e-01,1.093415748394702e-02,-1.421401282587541e-03,1.406974509021878e-02,-8.476740821031181e-03,-7.577164672591440e-05,-4.475369092677212e-03,3.336579295187186e-04,2.728871932495552e-05,4.340622411713217e-05,7.257895678976396e-06,-1.566570560640765e-03,-4.899669675321539e-05,-2.781091355632307e-04,2.048491825226692e+00
2.300000000000000e+01,9.998747069719287e-01,8.927375649709388e-03,-1.447512578560552e-03,1.299142136733468e-02,-7.602387158944149e-03,-2.876197996891896e-06,-4.133101067037062e-03,3.133052191412987e-04,2.333277313678235e-05,4.012332214486873e-05,5.867174463335829e-06,-1.405278891110496e-03,-3.240594684558117e-05,-2.564827101590101e-04,1.813993026568727e+00
2.350000000000000e+01,9.999015562365781e-01,7.131875981184377e-03,-1.454715977888757e-03,1.199574850028499e-02,-6.783247068077718e-03,5.944717880011239e-05,-3.816911312149445e-03,2.928848083857131e-04,1.970862491821336e-05,3.708270272440682e-05,4.700753983314793e-06,-1.254102272588973e-03,-1.819203349890690e-05,-2.365505345320556e-04,1.607923167803326e+00
2.400000000000000e+01,9.999222962538905e-01,5.533937321653772e-03,-1.445745386328903e-03,1.107640791704788e-02,-6.019191713268417e-03,1.119538090459644e-04,-3.524826991856792e-03,2.726085056496446e-04,1.641469763850458e-05,3.426709283864152e-05,3.731183657022664e-06,-1.113034634611505e-03,-6.145683614493615e-06,-2.181785628005790e-04,1.428536747148130e+00
2.450000000000000e+01,9.999381970477734e-01,4.119923926416041e-03,-1.423137116162667e-03,1.022756043431880e-02,-5.309568421947304e-03,1.554363330950210e-04,-3.255024328283234e-03,2.526553224941815e-04,1.344401387290141e-05,3.166049274789319e-05,2.932607952211792e-06,-9.819703819327775e-04,3.939449162040772e-06,-2.012435879179503e-04,1.274014800199545e+00
2.500000000000000e+01,9.999503041604831e-01,2.876408188538313e-03,-1.389219781625990e-03,9.443810337396458e-03,-4.653284577043278e-03,1.907024044921924e-04,-3.005816861493754e-03,2.331745436059837e-04,1.078537223648430e-05,2.924804629128190e-05,2.281091776290088e-06,-8.607201876348937e-04,1.226349411471508e-05,-1.856323274356557e-04,1.142429582244086e+00
2.550000000000000e+01,9.999594699323925e-01,1.790273027038891e-03,-1.346110434029601e-03,8.720172115087032e-03,-4.048883483708802e-03,2.185565603938299e-04,-2.775644762483366e-03,2.142886405899059e-04,8.424373320843815e-06,2.701593190760946e-05,1.754812254675474e-06,-7.490253011850369e-04,1.901790890011500e-05,-1.712405835710055e-04,1.031710277503701e+00
2.600000000000000e+01,9.999663820967128e-01,8.487959328820202e-04,-1.295715685578991e-03,8.052039663186562e-03,-3.494612640379861e-03,2.397857926370557e-04,-2.563065096525020e-03,1.960960234966793e-04,6.344303411040511e-06,2.495127118051619e-05,1.334142901645499e-06,-6.465704409255974e-04,2.438372478112016e-05,-1.579724765006684e-04,9.396241152386728e-01
2.650000000000000e+01,9.999715895485481e-01,3.971656071201471e-05,-1.239736737183613e-03,7.435157776907606e-03,-2.988484855701918e-03,2.551483605884687e-04,-2.366742938326716e-03,1.786736263707228e-04,4.526886159629692e-06,2.304205186908127e-05,1.001653509817505e-06,-5.529953461808546e-04,2.853037177481358e-05,-1.457397472687503e-04,8.637891041601020e-01
2.700000000000000e+01,9.999755252659854e-01,-6.487103584448885e-04,-1.179677379323040e-03,6.865595762085069e-03,-2.528332658531728e-03,2.653654095553454e-04,-2.185443247649692e-03,1.620793252470219e-04,2.952913495847919e-06,2.127706266562041e-05,7.420462083759737e-07,-4.679050679469128e-04,3.161497887681329e-05,-1.344611252568582e-04,8.017288318669912e-01
2.750000000000000e+01,9.999785264508184e-01,-1.227675123659942e-03,-1.116854175322340e-03,6.339723005912895e-03,-2.111856449033104e-03,2.711149877852320e-04,-2.018023422727562e-03,1.463541889205453e-04,1.602767538043518e-06,1.964583726904739e-05,5.420452392153297e-07,-3.908790792758385e-04,3.378205838544981e-05,-1.240617545007025e-04,7.509660759477762e-01
2.800000000000000e+01,9.999808520220430e-01,-1.707784645890305e-03,-1.052408162851896e-03,5.854186359443696e-03,-1.736666835349935e-03,2.730280882917751e-04,-1.863426458055583e-03,1.315245644552410e-04,4.568453081238286e-07,1.813860573223582e-05,3.902551982563721e-07,-3.214792872288340e-04,3.516349598270201e-05,-1.144726730073690e-04,7.091364000387400e-01
2.850000000000000e+01,9.999826976403555e-01,-2.099044076130645e-03,-9.873175222601910e-04,5.405889195508693e-03,-1.400321593011032e-03,2.716863769168818e-04,-1.720674642230604e-03,1.176040007987522e-04,-5.041022588498497e-07,1.674625140569713e-05,2.769998705940283e-07,-2.592570278900244e-04,3.587877963173876e-05,-1.056303394411748e-04,6.740947109037078e-01
2.900000000000000e+01,9.999842084701781e-01,-2.410847163563297e-03,-9.224107599631476e-04,4.991972016681915e-03,-1.100357673648013e-03,2.676213036585250e-04,-1.588863740084880e-03,1.045950150358935e-04,-1.298706060101139e-06,1.546027213818214e-05,1.941514056262857e-07,-2.037591246103775e-04,3.603541055388304e-05,-9.747620196388027e-05,6.439917441502271e-01
2.950000000000000e+01,9.999854899005118e-01,-2.651974136587038e-03,-8.583800422710404e-04,4.609794498176879e-03,-8.343186763213784e-04,2.613143292453814e-04,-1.467157611116471e-03,9.249070676467531e-05,-1.944779078386238e-06,1.427274469615816e-05,1.349574602312293e-07,-1.545330875742414e-04,3.572944860440775e-05,-8.995630453607934e-05,6.173100480963649e-01
3.000000000000000e+01,9.999866164501229e-01,-2.830596004770097e-03,-7.957943906000902e-04,4.256918860004368e-03,-5.997781792539948e-04,2.531980324288430e-04,-1.354783223052652e-03,8.127622683156124e-05,-2.459171696129134e-06,1.317629162308920e-05,9.387209422434513e-08,-1.111315301095981e-04,3.504615234543461e-05,-8.302092654096376e-05,5.928622135053472e-01
3.050000000000000e+01,9.999876390787242e-01,-2.954284280320151e-03,-7.351125139386424e-04,3.931094471298635e-03,-3.943593125317104e-04,2.436578949480763e-04,-1.251026025261931e-03,7.093010723702503e-05,-2.857673473866297e-06,1.216404997493771e-05,6.639462899059403e-08,-7.311587403649451e-05,3.406068109306543e-05,-7.662425213347316e-05,5.697620166677929e-01
3.100000000000000e+01,9.999885911160982e-01,-3.030025213217877e-03,-6.766951096992464e-04,3.630243597456534e-03,-2.157509337729285e-04,2.330345902622270e-04,-1.155225651690209e-03,6.142545943786174e-05,-3.154953660545677e-06,1.122964154210800e-05,4.891936405318870e-08,-4.005941288566715e-05,3.283883227706225e-05,-7.072406621921198e-05,5.473808746111842e-01
3.150000000000000e+01,9.999894930073230e-01,-3.064237724478996e-03,-6.208165106685677e-04,3.352448207684750e-03,-6.172074927467040e-05,2.216266287478724e-04,-1.066771927112472e-03,5.273104854814416e-05,-3.364533554175263e-06,1.036714430379232e-05,3.859796781896593e-08,-1.154979812284869e-05,3.143779267854043e-05,-6.528147441361100e-05,5.252997824627309e-01
3.200000000000000e+01,9.999903560558956e-01,-3.062794306956797e-03,-5.676755946206357e-04,3.095937766789238e-03,6.987429694908556e-05,2.096932360600570e-04,-9.851011538605998e-04,4.481225109436361e-05,-3.498784649673246e-06,9.571064963008172e-06,3.321549448285262e-08,1.280899033040288e-05,2.990688658677093e-05,-6.026064471699835e-05,5.032633651045547e-01
3.250000000000000e+01,9.999911853287798e-01,-3.031044242622572e-03,-5.174059051946794e-04,2.859077940650444e-03,1.810800642134557e-04,1.974573627709399e-04,-9.096926589162633e-04,3.763190402915382e-05,-3.568947283141524e-06,8.836312484568692e-06,3.108030394866233e-08,3.339513190926465e-05,2.828830771997737e-05,-5.562856896597147e-05,4.811394905169433e-01
3.300000000000000e+01,9.999919818691715e-01,-2.973838559382900e-03,-4.700849587094920e-04,2.640360149890100e-03,2.738394047062462e-04,1.851087423151142e-04,-8.400655834514463e-04,3.115105266775163e-05,-3.585165199554977e-06,8.158172608845171e-06,3.092765018411827e-08,5.056785811857264e-05,2.661782496261337e-05,-5.135484238999812e-05,4.588856587427736e-01
3.350000000000000e+01,9.999927443447757e-01,-2.895556219282741e-03,-4.257427324811927e-04,2.438391910827389e-03,3.499882402036066e-04,1.728069308141051e-04,-7.757758986568345e-04,2.532960509630746e-05,-3.556532129147224e-06,7.532283346171838e-06,3.183633098084074e-08,6.466670061731688e-05,2.492545465384731e-05,-4.741145982087378e-05,4.365220713552277e-01
3.400000000000000e+01,9.999934702421405e-01,-2.800131093517795e-03,-3.843693466523509e-04,2.251887907012657e-03,4.112532845340359e-04,1.606842766834109e-04,-7.164136331095898e-04,2.012690042424257e-05,-3.491147054567039e-06,6.954611474372860e-06,3.315753542938962e-08,7.601104897742719e-05,2.323609438442472e-05,-4.377262727878336e-05,4.141106508540889e-01
3.450000000000000e+01,9.999941567014499e-01,-2.691079338188795e-03,-3.459219641814842e-04,2.079661738475417e-03,4.592511897564225e-04,1.488487802204374e-04,-6.616002980740901e-04,1.550219802563537e-05,-3.396175386322500e-06,6.421430068838735e-06,3.445486329899546e-08,8.489997614644688e-05,2.157011508178583e-05,-4.041458779958602e-05,3.917390587315406e-01
3.500000000000000e+01,9.999948010713724e-01,-2.571526838351941e-03,-3.103309430693441e-04,1.920618299379569e-03,4.954889127705820e-04,1.373868138159456e-04,-6.109864980671404e-04,1.141509464739614e-05,-3.277913739847229e-06,5.929297093955310e-06,3.545440390874445e-08,9.161229324088104e-05,1.994390964081370e-05,-3.731546048044752e-05,3.695087625553305e-01
3.550000000000000e+01,9.999954012502101e-01,-2.444236436852137e-03,-2.775052816337831e-04,1.773746738083534e-03,5.213651170963957e-04,1.263656822115893e-04,-5.642497148061030e-04,7.825875963850447e-06,-3.141856426554828e-06,5.475035079029641e-06,3.600373429878687e-08,9.640679874533737e-05,1.837039753898182e-05,-3.445509181123626e-05,3.475263050038202e-01
3.600000000000000e+01,9.999959558677460e-01,-2.311634708883457e-03,-2.473374021484015e-04,1.638113956688576e-03,5.381724417644025e-04,1.158360095242043e-04,-5.210922533364203e-04,4.695808836271175e-06,-2.992762137077830e-06,5.055711893167999e-06,3.603871318164582e-08,9.952269047789322e-05,1.685948580383416e-05,-3.181491843243086e-05,3.258970634047829e-01
3.650000000000000e+01,9.999964643518267e-01,-2.175838083430268e-03,-2.197073208343180e-04,1.512858610050810e-03,5.471004856009207e-04,1.058339457483561e-04,-4.812393397366763e-04,1.987380198829044e-06,-2.834719611552280e-06,4.668622623387607e-06,3.555699612198341e-08,1.011801117945284e-04,1.541848741659640e-05,-2.937784052101756e-05,3.047209230087617e-01
3.700000000000000e+01,9.999969269147750e-01,-2.038678148936365e-03,-1.944862533890167e-04,1.397185566950502e-03,5.492393706264533e-04,9.638319029658410e-05,-4.444373603488012e-04,-3.355118546053546e-07,-2.671211363570779e-06,4.311272549720040e-06,3.459726857438522e-08,1.015808064386701e-04,1.405249877259041e-05,-2.712810505745703e-05,2.840894064608430e-01
3.750000000000000e+01,9.999973444871294e-01,-1.901726012966566e-03,-1.715397052526456e-04,1.290360798671606e-03,5.455837627945979e-04,8.749683399411023e-05,-4.104522329956475e-04,-2.307409560210822e-06,-2.505174755604284e-06,3.981361200993155e-06,3.322327859978931e-08,1.009088591926625e-04,1.276473820703726e-05,-2.505119827196833e-05,2.640839014052579e-01
3.800000000000000e+01,9.999977186198069e-01,-1.766315614505108e-03,-1.507300949080814e-04,1.191706662656200e-03,5.370372418703119e-04,7.917902395100650e-05,-3.790679011397882e-04,-3.961184680136985e-06,-2.339059918531087e-06,3.676767465888092e-06,3.151184375300869e-08,9.933150205557185e-05,1.155684785990912e-05,-2.313374660912062e-05,2.447747083692517e-01
3.850000000000000e+01,9.999980513705148e-01,-1.633565913117224e-03,-1.319189569050680e-04,1.100597551171541e-03,5.244169248829986e-04,7.142645801625264e-05,-3.500849424135328e-04,-5.327960883104334e-06,-2.174884170494070e-06,3.395535726067302e-06,2.954410171883077e-08,9.699996805757981e-05,1.042916131830737e-05,-2.136342558748297e-05,2.262206944652128e-01
3.900000000000000e+01,9.999983451859059e-01,-1.504401901720332e-03,-1.149687691744854e-04,1.016455877068537e-03,5.084582593025841e-04,6.422971718805131e-05,-3.233192834151003e-04,-6.437065130629734e-06,-2.014282724491311e-06,3.135862971809419e-06,2.739936795780354e-08,9.405037702842463e-05,9.380939558790341e-06,-1.972887596684081e-05,2.084693879592967e-01
3.950000000000000e+01,9.999986027875193e-01,-1.379574409401073e-03,-9.974444670939154e-05,9.387483707252642e-04,4.898199128947275e-04,5.757444551387865e-05,-2.986010131215692e-04,-7.316004223266487e-06,-1.858555583482454e-06,2.896086855689923e-06,2.515105314533240e-08,9.060463967046178e-05,8.410577731695545e-06,-1.821962666986955e-05,1.915573871649572e-01
4.000000000000000e+01,9.999988270667995e-01,-1.259678677798946e-03,-8.611454096106294e-05,8.669826641624737e-04,4.690886971401109e-04,5.144238775074584e-05,-2.757732877158872e-04,-7.990462983623515e-06,-1.708710609667743e-06,2.674674636353650e-06,2.286417666125368e-08,8.677136815159710e-05,7.515785298817754e-06,-1.682602393851609e-05,1.755109868195511e-01
4.050000000000000e+01,9.999990209923764e-01,-1.145171709274615e-03,-7.395218143370538e-05,8.007041400943303e-04,4.467844701832378e-04,4.581229544857209e-05,-2.546913200621590e-04,-8.484320862600424e-06,-1.565502823975039e-06,2.470212962220256e-06,2.059408863024968e-08,8.264678313614008e-05,6.693741966617355e-06,-1.553916623783994e-05,1.603469480346344e-01
4.100000000000000e+01,9.999991875311832e-01,-1.036388397599929e-03,-6.313579304349758e-05,7.394930253409616e-04,4.233649735432680e-04,4.066071223466232e-05,-2.352214474892278e-04,-8.819684050997214e-06,-1.429470045383778e-06,2.281398443898283e-06,1.838608140500076e-08,7.831560871975014e-05,5.941231759297640e-06,-1.435084445173684e-05,1.460733556065487e-01
4.150000000000000e+01,9.999993295838118e-01,-9.335564624475939e-04,-5.354961990165669e-05,6.829617095842621e-04,3.992305643111403e-04,3.596264897289251e-05,-2.172402719556340e-04,-9.016930459506918e-06,-1.300965019947043e-06,2.107028963989844e-06,1.627563173530075e-08,7.385194813580010e-05,5.254757457772281e-06,-1.325348694575576e-05,1.326905201132876e-01
4.200000000000000e+01,9.999994499336771e-01,-8.368102177108966e-04,-4.508408333804583e-05,6.307522718988596e-04,3.747288113138943e-04,3.169215919670612e-05,-2.006338670677152e-04,-9.094765195459311e-06,-1.180184218393634e-06,1.945995673681159e-06,1.428906731312818e-08,6.932013436269308e-05,4.630637498448228e-06,-1.224010910202553e-05,1.201918926985596e-01
4.250000000000000e+01,9.999995512090029e-01,-7.462032108276895e-04,-3.763599923993707e-05,5.825341988408519e-04,3.501589297904150e-04,2.782282481220679e-05,-1.852970468053951e-04,-9.070284414181864e-06,-1.067193500893414e-06,1.797275626870074e-06,1.244449629457675e-08,6.477555089316399e-05,4.065087285323300e-06,-1.130426696001359e-05,1.085649684137502e-01
4.300000000000000e+01,9.999996358563017e-01,-6.617197759868444e-04,-3.110867716798173e-05,5.380022791324092e-04,3.257760345353683e-04,2.432816157156174e-05,-1.711326911758378e-04,-8.959045656332590e-06,-9.619508596059966e-07,1.659925004431721e-06,1.075287630141666e-08,6.026541893567566e-05,3.554286724516572e-06,-1.044001462432923e-05,9.779215992202650e-02
4.350000000000000e+01,9.999997061238440e-01,-5.832855485177993e-04,-2.541192124775292e-05,4.968746611453765e-04,3.017951962726704e-04,2.118195325674684e-05,-1.580511243626539e-04,-8.775143000075431e-06,-8.643264554407636e-07,1.533072883433208e-06,9.219130922303152e-09,5.582954821296960e-05,3.094435645477457e-06,-9.641865126956162e-06,8.785162757535034e-02
4.400000000000000e+01,9.999997640535565e-01,-5.107769910520479e-04,-2.046195053290398e-05,4.588910604664022e-04,2.783952902590214e-04,1.835852291333409e-05,-1.459695412670724e-04,-8.531285558708519e-06,-7.741201662735819e-07,1.415915508561905e-06,7.843247540549167e-09,5.150104931183458e-05,2.681798630451242e-06,-8.904754456073380e-06,7.871805452541676e-02
4.450000000000000e+01,9.999998114798255e-01,-4.440299843362647e-04,-1.618125440182845e-05,4.238111058248016e-04,2.557226298337626e-04,1.583294885301864e-05,-1.348114786471077e-04,-8.238878040645523e-06,-6.910768607518632e-07,1.307711025629633e-06,6.621311099374963e-09,4.730700622922854e-05,2.312740635365991e-06,-8.224008486943208e-06,7.036335667416926e-02
4.500000000000000e+01,9.999998500337706e-01,-3.828475369965298e-04,-1.249839658593972e-05,3.914128125871429e-04,2.338943808645498e-04,1.358123251750958e-05,-1.245063273511903e-04,-7.908102259928511e-06,-6.148996056755394e-07,1.207774639677130e-06,5.546444849912733e-09,4.326910836082424e-05,1.983754652663463e-06,-7.595312572182155e-06,6.275731686722635e-02
4.550000000000000e+01,9.999998811516873e-01,-3.270066692180346e-04,-9.347779632958131e-06,3.614911738742975e-04,2.130017558287726e-04,1.158042467756076e-05,-1.149888824141953e-04,-7.547998642237801e-06,-5.452610065263155e-07,1.115474162862957e-06,4.609641851594668e-09,3.940424169636711e-05,1.691482540797823e-06,-7.014683569078448e-06,5.586813071470616e-02
4.600000000000000e+01,9.999999060865098e-01,-2.762645253210448e-04,-6.669379978768815e-06,3.338568601421190e-04,1.931129886565360e-04,9.808715838777767e-06,-1.061989280367073e-04,-7.166546914255439e-06,-4.818128706663649e-07,1.030225919928531e-06,3.800480601780662e-09,3.572503942915814e-05,1.432730026881479e-06,-6.478444100497185e-06,4.966284783704884e-02
4.650000000000000e+01,9.999999259213049e-01,-2.303637696787328e-04,-4.408462330291167e-06,3.083350187905980e-04,1.742760934789381e-04,8.245496147522721e-06,-9.808085470329349e-05,-6.770745293876562e-06,-4.241943715667045e-07,9.514909815480417e-07,3.107725199834137e-09,3.224039256139022e-05,1.204476778685590e-06,-5.983198863355892e-06,4.410768764845966e-02
4.700000000000000e+01,9.999999415839659e-01,-1.890373194237231e-04,-2.515280741665547e-06,2.847641660327288e-04,1.565214121101577e-04,6.871389540886601e-06,-9.058330591324608e-05,-6.366687615829894e-06,-3.720388805865472e-07,8.787716982711043e-07,2.519815380072895e-09,2.895592139951622e-05,1.003882340086883e-06,-5.525812814711913e-06,3.916820444681100e-02
4.750000000000000e+01,9.999999538624297e-01,-1.520124660072477e-04,-9.447725881701217e-07,2.629951638676149e-04,1.398639564764699e-04,5.668266367812416e-06,-8.365885219852584e-05,-5.959637932472230e-06,-3.249796206580230e-07,8.116085100297120e-07,2.025254998567015e-09,2.587440909048495e-05,8.282886300912119e-07,-5.103391080241581e-06,3.480927579684796e-02
4.800000000000000e+01,9.999999634198793e-01,-1.190144359790504e-04,3.437494027611154e-07,2.428902755665766e-04,1.243055533207891e-04,4.619238226191336e-06,-7.726369028938816e-05,-5.554102223582539e-06,-2.826542840156580e-07,7.495770082980650e-07,1.612909493322352e-09,2.299619855635525e-05,6.752196196129946e-07,-4.713260443381977e-06,3.099489678158178e-02
4.850000000000000e+01,9.999999708095161e-01,-8.976943941143126e-05,1.386902825963773e-06,2.243222935999835e-04,1.098367993867919e-04,3.708638314192335e-06,-7.135736545933231e-05,-5.153896932624616e-06,-2.447087440669604e-07,6.922852299602014e-07,1.272223764034955e-09,2.031955434692232e-05,5.423787219947685e-07,-4.352952285726958e-06,2.768778889218804e-02
4.900000000000000e+01,9.999999764885988e-01,-6.400725225381357e-05,2.217535549555679e-06,2.071737344098072e-04,9.643883594927396e-05,2.921990183431907e-06,-6.590251523853340e-05,-4.762214120895420e-06,-2.107999797988053e-07,6.393711637550882e-07,9.933720939485606e-10,1.784099105262786e-05,4.276443624797820e-07,-4.020186860500404e-06,2.484888372004974e-02
4.950000000000000e+01,9.999999808315393e-01,-4.146337662510847e-05,2.865017218662418e-06,1.913360948717503e-04,8.408495203235322e-05,2.245967406370468e-06,-6.086463282974377e-05,-4.381683095939458e-06,-1.805983198808268e-07,5.905004518366222e-07,7.673513744014406e-10,1.555557000787435e-05,3.290641281135825e-07,-3.712858791153457e-06,2.243681703979022e-02
5.000000000000000e+01,9.999999841419204e-01,-2.188082067401436e-05,3.355520198786233e-06,1.767091656944358e-04,7.274202596779671e-05,1.668346329540147e-06,-5.621184869370561e-05,-4.014428427283573e-06,-1.537891029529885e-07,5.453642705113640e-07,5.860281639216385e-10,1.345716607226415e-05,2.448478424223766e-07,-3.429023696428682e-06,2.040764655636654e-02
5.050000000000000e+01,9.999999866633668e-01,-5.011537200640967e-06,3.712288371444757e-06,1.632003973743300e-04,6.237181511359208e-05,1.177953776477989e-06,-5.191472889329737e-05,-3.662124311605269e-06,-1.300738405317955e-07,5.036773756085628e-07,4.421491543793150e-10,1.153870630822958e-05,1.733598582498943e-07,-3.166885851680985e-06,1.871503873802251e-02
5.100000000000000e+01,9.999999885892509e-01,9.382442230219379e-06,3.955892643910929e-06,1.507243146665430e-04,5.293210359761927e-05,7.646112878917343e-07,-4.794608889779636e-05,-3.326045291540666e-06,-1.091709595760789e-07,4.651762992030930e-07,3.293235325209042e-10,9.792382381667776e-06,1.131108168754795e-07,-2.924786803917565e-06,1.731110166788183e-02
5.150000000000000e+01,9.999999900712512e-01,2.152814341470830e-05,4.104472415710860e-06,1.392019758458095e-04,4.437771789087178e-05,4.190772397652814e-07,-4.428082165158273e-05,-3.007113368087640e-06,-9.081619303729063e-08,4.296176855620116e-07,2.419845963011826e-10,8.209838500882181e-06,6.274908153039090e-08,-2.701194864987126e-06,1.614785683385694e-02
5.200000000000000e+01,9.999999912268142e-01,3.164102403933027e-05,4.173962564556249e-06,1.285604733210810e-04,3.666141986548364e-05,1.329879608452053e-07,-4.089573880609813e-05,-2.705941576558303e-06,-7.476267868361229e-08,3.967767552285911e-07,1.753368705347611e-10,6.782336681389991e-06,2.105201823201423e-08,-2.494695413678332e-06,1.517910941559552e-02
5.250000000000000e+01,9.999999921455858e-01,3.992455716670191e-05,4.178305780619841e-06,1.187324724333043e-04,2.973468676961354e-05,-1.012012227895267e-07,-3.776942410060680e-05,-2.422874120844043e-06,-6.078081912254585e-08,3.664458871035402e-07,1.252939067557406e-10,5.500901082723754e-06,-1.308273396330955e-08,-2.303981943239672e-06,1.436231767758258e-02
5.300000000000000e+01,9.999999928948951e-01,4.656999655407388e-05,4.129650296968556e-06,1.096557855110329e-04,2.354838726733136e-05,-2.902742586209145e-07,-3.488209795694707e-05,-2.158023180905064e-06,-4.865794923424202e-08,3.384333092402976e-07,8.841097499126602e-11,4.356443110699167e-06,-4.064588804015251e-08,-2.127847796063590e-06,1.366006844373833e-02
5.350000000000000e+01,9.999999935243798e-01,5.175629892771415e-05,4.038533241459362e-06,1.012729784842478e-04,1.805336235896992e-05,-4.403113453582803e-07,-3.221549242660590e-05,-1.911302524381622e-06,-3.819785114185298e-08,3.125618898483892e-07,6.181597653157186e-11,3.339868916950037e-06,-6.252493746246986e-08,-1.965178532037943e-06,1.304092242302878e-02
5.400000000000000e+01,9.999999940698442e-01,5.565018049471693e-05,3.914049976855865e-06,9.353100756472608e-05,1.320091962656746e-05,-5.567441379141971e-07,-2.975273569565701e-05,-1.682458065509518e-06,-2.922015135484202e-08,2.886680207038034e-07,4.314113429879002e-11,2.442170858810671e-06,-7.951231605962835e-08,-1.814944881404016e-06,1.247960045639093e-02
5.450000000000000e+01,9.999999945564405e-01,5.840628703577903e-05,3.764009906203111e-06,8.638088369297387e-05,8.943248849451163e-06,-6.444088117845665e-07,-2.747824541487949e-05,-1.471095523539534e-06,-2.155962979217578e-08,2.666005858051876e-07,3.045735228200023e-11,1.654504408599141e-06,-9.231323464164032e-08,-1.676196236914081e-06,1.195663902343005e-02
5.500000000000000e+01,9.999999950012625e-01,6.016745888182812e-05,3.595079303983453e-06,7.977736262842336e-05,5.233766614989537e-06,-7.075967145903621e-07,-2.537763017918437e-05,-1.276705339008622e-06,-1.506546598831353e-08,2.462200086962880e-07,2.221257431672169e-11,9.682519235552730e-07,-1.015531542636527e-07,-1.548054643690802e-06,1.145770927894646e-02
5.550000000000000e+01,9.999999954154319e-01,6.106507392991656e-05,3.412911794188033e-06,7.367865872252569e-05,2.027397116326175e-06,-7.501024139750746e-07,-2.343759853274306e-05,-1.098685009858236e-06,-9.600443868504060e-09,2.273973724041725e-07,1.717500868714081e-11,3.750746074572332e-07,-1.077848684349432e-07,-1.429709248489052e-06,1.097278412900443e-02
5.600000000000000e+01,9.999999958057564e-01,6.121945359701219e-05,3.222267137670422e-06,6.804618056464321e-05,-7.192041112015013e-07,-7.752690198195920e-07,-2.164587492432184e-05,-9.363590108801050e-07,-5.040133013551234e-09,2.100136064250186e-07,1.438171006182901e-11,-1.330460865553339e-07,-1.114951769463143e-07,-1.320411173078519e-06,1.049529020148313e-02
5.650000000000000e+01,9.999999961760230e-01,6.074031824320074e-05,3.027119016099780e-06,6.284428682927994e-05,-3.047477204832525e-06,-7.860307162787797e-07,-1.999112208162759e-05,-7.889964596012605e-07,-1.272061280869696e-09,1.939587356291762e-07,1.309271448371923e-11,-5.637764441821564e-07,-1.131111426148624e-07,-1.219468779229473e-06,1.002132772399327e-02
5.700000000000000e+01,9.999999965279952e-01,5.972728011858908e-05,2.830752511233457e-06,5.804006078111135e-05,-4.996829868635267e-06,-7.849524867908685e-07,-1.846286931428509e-05,-6.558266897793091e-07,1.805109027716804e-09,1.791311863593239e-07,1.275069645850658e-11,-9.244067825837980e-07,-1.130059293370684e-07,-1.126243295318582e-06,9.548997756245604e-03
5.750000000000000e+01,9.999999968621623e-01,5.827036330215805e-05,2.635851978483603e-06,5.360310201233389e-05,-6.604548706895633e-06,-7.742670541790024e-07,-1.705144629268066e-05,-5.360528904207910e-07,4.282391595002503e-09,1.654371453634975e-07,1.294594965743925e-11,-1.221835040672667e-06,-1.115042255990543e-07,-1.040144776898049e-06,9.077847195519516e-03
5.800000000000000e+01,9.999999971782911e-01,5.645054140814135e-05,2.444580004954977e-06,4.950533409583083e-05,-7.905744977344590e-06,-7.559090893619752e-07,-1.574792188458884e-05,-4.288639638895863e-07,6.241265282438873e-09,1.527899675420370e-07,1.338637486536413e-11,-1.462556738261100e-06,-1.088872621956655e-07,-9.606283757087890e-07,8.608425523448669e-03
5.850000000000000e+01,9.999999974758190e-01,5.434028503913308e-05,2.258648126102775e-06,4.572082693825860e-05,-8.933330153014393e-06,-7.315467670217983e-07,-1.454404766348461e-05,-3.334447514452657e-07,7.754436003663501e-09,1.411096287969388e-07,1.387208175786365e-11,-1.652660450787858e-06,-1.053974365180117e-07,-8.871908935839597e-07,8.141939606514130e-03
5.900000000000000e+01,9.999999977541222e-01,5.200411206855836e-05,2.079379953472638e-06,4.222563271004471e-05,-9.718017074501874e-06,-7.026107657434823e-07,-1.343220573195453e-05,-2.489847686268214e-07,8.886566689046730e-09,1.303222205565564e-07,1.427416692320400e-11,-1.797828019080009e-06,-1.012425585251226e-07,-8.193675994982765e-07,7.679990538255580e-03
5.950000000000000e+01,9.999999980126903e-01,4.949913484238396e-05,1.907767339990885e-06,3.899763431506454e-05,-1.028834285064877e-05,-6.703208244581860e-07,-1.240536053085299e-05,-1.746855864392170e-07,9.694972027636997e-09,1.203594828101468e-07,1.451721221417400e-11,-1.903338783237918e-06,-9.659973554634379e-08,-7.567292896847039e-07,7.224377025189192e-03
6.000000000000000e+01,9.999999982512268e-01,4.687559930534399e-05,1.744520180122957e-06,3.601640544197440e-05,-1.067071002387879e-05,-6.357099772083199e-07,-1.145701432998836e-05,-1.097669874527765e-07,1.023027575053188e-08,1.111583727277115e-07,1.456504891428226e-11,-1.974077196027358e-06,-9.161891447925043e-08,-6.988795722757595e-07,6.776951607639752e-03
6.050000000000000e+01,9.999999984696978e-01,4.417741188513625e-05,1.590110410887848e-06,3.326308131233346e-05,-1.088944285578010e-05,-5.996465949550789e-07,-1.058116611933265e-05,-5.347201881537385e-08,1.053702912309916e-08,1.026606661626238e-07,1.440934913447670e-11,-2.014543233962520e-06,-8.642610085203436e-08,-6.454523593427193e-07,6.339518189790025e-03
6.100000000000000e+01,9.999999986683431e-01,4.144265071379573e-05,1.444810747024889e-06,3.072023930821312e-05,-1.096685590843164e-05,-5.628543669335308e-07,-9.772273641179793e-06,-5.071056914833379e-09,1.065429006361361e-08,9.481258953937762e-08,1.406063198012298e-11,-2.028865083464004e-06,-8.112627469623669e-08,-5.961095505124494e-07,5.913761484281611e-03
6.150000000000000e+01,9.999999988476624e-01,3.870405843368538e-05,1.308728650238865e-06,2.837178872439823e-05,-1.092333239716074e-05,-5.259303554277645e-07,-9.025218323470739e-06,3.613500889067833e-08,1.061616292184402e-08,8.756447981787269e-08,1.354130478961794e-11,-2.020813635025319e-06,-7.580602330106373e-08,-5.505388935473744e-07,5.501200862683557e-03
6.200000000000000e+01,9.999999990083839e-01,3.598951443119248e-05,1.181835998961146e-06,2.620286894792895e-05,-1.077741007084670e-05,-4.893612572264884e-07,-8.335272892785476e-06,7.081237335172240e-08,1.045229945021097e-08,8.087047040026544e-08,1.288039629745496e-11,-1.993818370212438e-06,-7.053591076016269e-08,-5.084520083873560e-07,5.103162686317551e-03
6.250000000000000e+01,9.999999991514260e-01,3.332248486921096e-05,1.063994891914914e-06,2.419975542097437e-05,-1.054587263671057e-05,-4.535380028091691e-07,-7.698071462389750e-06,9.959260029525865e-08,1.018836189791153e-08,7.468820100779501e-08,1.210967668761041e-11,-1.950984274583850e-06,-6.537260383259063e-08,-4.695825621803766e-07,4.720766480198042e-03
6.300000000000000e+01,9.999999992778534e-01,3.072244935468953e-05,9.549799863268162e-07,2.234977279221286e-05,-1.024384498808881e-05,-4.187688208346932e-07,-7.109581906325565e-06,1.230715096102964e-07,9.846449468852531e-09,6.897854970412806e-08,1.126089748429506e-11,-1.895109454315106e-06,-6.036077307080441e-08,-4.336845837786274e-07,4.354921341451023e-03
6.350000000000000e+01,9.999999993888355e-01,2.820530348468999e-05,8.544977401721035e-07,2.064121470732226e-05,-9.884890716453433e-06,-3.852908910432624e-07,-6.566080344946846e-06,1.418085872321662e-07,9.445489619842088e-09,6.370538537965453e-08,1.036392083557999e-11,-1.828703175530348e-06,-5.553478746178965e-08,-4.005309070539546e-07,4.006329785382555e-03
6.400000000000000e+01,9.999999994856048e-01,2.578373686815970e-05,7.622028975947115e-07,1.906326973114781e-05,-9.481110593503584e-06,-3.532807034814596e-07,-6.064127580618038e-06,1.563268457196599e-07,9.001595847372192e-09,5.883533913871736e-08,9.445542116447691e-12,-1.754004083193212e-06,-5.092022001863676e-08,-3.699117331973408e-07,3.675496868617022e-03
6.450000000000000e+01,9.999999995694218e-01,2.346758652544290e-05,6.777125277695263e-07,1.760595293287773e-05,-9.043240896200348e-06,-3.228632362274504e-07,-5.600547334595192e-06,1.671130693649344e-07,8.528393729334601e-09,5.433759314966776e-08,8.528841353195601e-12,-1.672998391017904e-06,-4.653518087913731e-08,-3.416333029161714e-07,3.362742925313982e-03
6.500000000000000e+01,9.999999996415428e-01,2.126416582772317e-05,6.006179000842545e-07,1.626004270136154e-05,-8.580750617902223e-06,-2.941200577030574e-07,-5.172406147475537e-06,1.746183838305626e-07,8.037317060835373e-09,5.018368562674765e-08,7.632927437024435e-12,-1.587437865368122e-06,-4.239149354063001e-08,-3.155166701353076e-07,3.068218639003668e-03
6.550000000000000e+01,9.999999997031950e-01,1.917856935819456e-05,5.304944526850397e-07,1.501702239077808e-05,-8.101936763095639e-06,-2.670964533584652e-07,-4.776994816102374e-06,1.792590960546254e-07,7.537875958547273e-09,4.634733071369306e-08,6.772964327508222e-12,-1.498857454667005e-06,-3.849572890742710e-08,-2.913965694476837e-07,2.791921472650879e-03
6.600000000000000e+01,9.999999997555560e-01,1.721395425968390e-05,4.669100871914312e-07,1.386902642740975e-05,-7.614017062450727e-06,-2.418076701249938e-07,-4.411811249513868e-06,1.814177555921012e-07,7.037898812436727e-09,4.280425213227603e-08,5.960390466667034e-12,-1.408592441602638e-06,-3.485011086603586e-08,-2.691203701513160e-07,2.533712711512705e-03
6.650000000000000e+01,9.999999997997375e-01,1.537179878335805e-05,4.094319997525768e-07,1.280879053649501e-05,-7.123219569939646e-06,-2.182443656513183e-07,-4.074544635487511e-06,1.814443936626499e-07,6.543749943037871e-09,3.953202954533046e-08,5.203261556361998e-12,-1.317795018542074e-06,-3.145330614816618e-08,-2.485471102559058e-07,2.293334551136381e-03
6.700000000000000e+01,9.999999998367759e-01,1.365213887349482e-05,3.576322375749402e-07,1.182960577419482e-05,-6.634868715416185e-06,-1.963773430491931e-07,-3.763060817512298e-06,1.796579009490540e-07,6.060524781752543e-09,3.650995666362080e-08,4.506662892778957e-12,-1.227450207226002e-06,-2.830111030349928e-08,-2.295466043470187e-07,2.070426796746364e-03
6.750000000000000e+01,9.999999998676240e-01,1.205378371730087e-05,3.110921505714257e-07,1.092527607378025e-05,-6.153467485255935e-06,-1.761616457402219e-07,-3.475388789670489e-06,1.763475096385421e-07,5.592224335270500e-09,3.371891019974530e-08,3.873150844951091e-12,-1.138391062169658e-06,-2.538704069229704e-08,-2.119986196622889e-07,1.864542837587535e-03
6.800000000000000e+01,9.999999998931488e-01,1.057451125942987e-05,2.694058898172283e-07,1.009007903738314e-05,-5.682775491271540e-06,-1.575400810653426e-07,-3.209708223977438e-06,1.717743493254144e-07,5.141910626844900e-09,3.114122884051609e-08,3.303194077875992e-12,-1.051313113405611e-06,-2.270284652901499e-08,-1.957921151650934e-07,1.675164625365250e-03
6.850000000000000e+01,9.999999999141301e-01,9.211244730977415e-06,2.321830879925713e-07,9.318729725187138e-06,-5.225882765008529e-06,-1.404462356311683e-07,-2.964337951256042e-06,1.661730502048731e-07,4.711844729988956e-09,2.876060147236829e-08,2.795594032178968e-12,-9.667880184297417e-07,-2.023894516724874e-08,-1.808245387993617e-07,1.501716422707567e-03
6.900000000000000e+01,9.999999999312632e-01,7.960211274882705e-06,1.990508418822029e-07,8.606347212903611e-06,-4.785279181532276e-06,-1.248070399495365e-07,-2.737725322652423e-06,1.597533704938133e-07,4.303608926856941e-09,2.656196395268757e-08,2.347871255821399e-12,-8.852764056084496e-07,-1.798479301722269e-08,-1.670011784770924e-07,1.343577097439503e-03
6.950000000000000e+01,9.999999999451606e-01,6.817083766219155e-06,1.696551032157180e-07,7.948423705894617e-06,-4.362919474747670e-06,-1.105449347972198e-07,-2.528436384469757e-06,1.527018282253537e-07,3.918214436381698e-09,2.453140377387156e-08,1.956609701672097e-12,-8.071399020229199e-07,-1.592919873200478e-08,-1.542345626900440e-07,1.200090723593115e-03
7.000000000000000e+01,9.999999999563586e-01,5.777106928977676e-06,1.436615715973397e-07,7.340796014484491e-06,-3.960283855930656e-06,-9.757968689313443e-08,-2.335146804142184e-06,1.451833204921965e-07,3.556196068030630e-09,2.265607201677916e-08,1.617755302774402e-12,-7.326523479097075e-07,-1.406058558905571e-08,-1.424439069510535e-07,1.070575215592482e-03
7.050000000000000e+01,9.999999999653215e-01,4.835208842617009e-06,1.207561719125357e-07,6.779619209944253e-06,-3.578434289241550e-06,-8.582989696582654e-08,-2.156633489923143e-06,1.373427158726209e-07,3.217695067349021e-09,2.092410203628053e-08,1.326868238351839e-12,-6.620102076440435e-07,-1.236720933009210e-08,-1.315546025604870e-07,9.543286805217834e-04
7.100000000000000e+01,9.999999999724483e-01,3.986098913672030e-06,1.006451883348999e-07,6.261342294433828e-06,-3.218066513243881e-06,-7.521423906490686e-08,-1.991766851252000e-06,1.293064081758803e-07,2.902531330536013e-09,1.932453436417876e-08,1.079330508112547e-12,-5.953421937345090e-07,-1.083733710436989e-08,-1.214977444612452e-07,8.506331518078403e-04
7.150000000000000e+01,9.999999999780788e-01,3.224353361698042e-06,8.305511781366349e-08,5.782685730932839e-06,-2.879557926541460e-06,-6.565246605272496e-08,-1.839503650817085e-06,1.211838218053189e-07,2.610266078144881e-09,1.784724735409969e-08,8.705119163537472e-13,-5.327181256794054e-07,-9.459392587620618e-09,-1.122096951932175e-07,7.587554158698454e-04
7.200000000000000e+01,9.999999999824994e-01,2.544489236247969e-06,6.773229762496393e-08,5.340620690962300e-06,-2.563011479203241e-06,-5.706621259006200e-08,-1.698880403077870e-06,1.130688609722270e-07,2.340255993404297e-09,1.648289312927541e-08,6.958984832532386e-13,-4.741570498933228e-07,-8.222071819809062e-09,-1.036316821866539e-07,6.779448388948880e-04
7.250000000000000e+01,9.999999999859508e-01,1.941027943738349e-06,5.444235414559834e-08,4.932349888771043e-06,-2.268295730263374e-06,-4.937962359256674e-08,-1.569007277467431e-06,1.050412967159889e-07,2.091699749224431e-09,1.522283842770918e-08,5.511877786146505e-13,-4.196346503568496e-07,-7.114433818091171e-09,-9.570942584502940e-08,6.074285383272758e-04
7.300000000000000e+01,9.999999999886318e-01,1.408549221123574e-06,4.296951338607018e-08,4.555289880701271e-06,-1.995081245816684e-06,-4.251983307177269e-08,-1.449062467690555e-06,9.716808721102380e-08,1.863677770129238e-09,1.405910997021294e-08,4.323558223928126e-13,-3.690899822755269e-07,-6.125969575049055e-09,-8.839279606296158e-08,5.464049878551669e-04
7.350000000000000e+01,9.999999999907064e-01,9.417364482973504e-07,3.311580793298303e-08,4.207054717720423e-06,-1.742873522591822e-06,-3.641731547311607e-08,-1.338286991482880e-06,8.950462818275169e-08,1.655186001459235e-09,1.298434400544603e-08,3.357001067923517e-13,-3.224315629511954e-07,-5.246652644494732e-09,-8.163549500480892e-08,4.940381352885016e-04
7.400000000000000e+01,9.999999999923080e-01,5.354141439829739e-07,2.470020973526128e-08,3.885440847670329e-06,-1.511042628851848e-06,-3.100612906977495e-08,-1.235979887920986e-06,8.209593142738327e-08,1.465164388422317e-09,1.199173971253391e-08,2.578630399290939e-13,-2.795428553579240e-07,-4.466974145774708e-09,-7.539476413588751e-08,4.494550467660677e-04
7.450000000000000e+01,9.999999999935444e-01,1.845784413531800e-07,1.755771356382840e-08,3.588413171693888e-06,-1.298849758483604e-06,-2.622406865110780e-08,-1.141493781889626e-06,7.497773044736536e-08,1.292520702045214e-09,1.107501616627532e-08,1.958397494756880e-13,-2.402871806568927e-07,-3.777964680409995e-09,-6.963111365182786e-08,4.117503950776860e-04
7.500000000000000e+01,9.999999999945017e-01,-1.155787095765188e-07,1.153839192342292e-08,3.314092166603664e-06,-1.105470895595449e-06,-2.201274264343296e-08,-1.054230787636166e-06,6.817751308895120e-08,1.136150287831210e-09,1.022837259251134e-08,1.469737621084803e-13,-2.045120961543896e-07,-3.171205349879483e-09,-6.430807259343522e-08,3.800001659903922e-04
7.550000000000000e+01,9.999999999952477e-01,-3.696509150177856e-07,6.506438645045003e-09,3.060741991702839e-06,-9.300177862153696e-07,-1.831758790424349e-08,-9.736387254884886e-07,6.171548181320674e-08,9.949522559338894e-10,9.446451662063886e-09,1.089436258145449e-13,-1.720532750725074e-07,-2.638829788210619e-09,-5.939195806540340e-08,3.532845995709689e-04
7.600000000000000e+01,9.999999999958353e-01,-5.820036370404149e-07,2.339215288618070e-09,2.826759504798942e-06,-7.715564111027468e-07,-1.508783372423236e-08,-8.992076277947118e-07,5.560544285881145e-08,8.678425788360524e-10,8.724305590899628e-09,7.974309302679713e-14,-1.427379240250592e-07,-2.173518875625871e-09,-5.485166209820296e-08,3.307173342351436e-04
7.650000000000000e+01,9.999999999963060e-01,-7.567648188786570e-07,-1.073688208051160e-09,2.610664117904588e-06,-6.291231495597818e-07,-1.227642504054778e-08,-8.304665119736148e-07,4.985562607564542e-08,7.537645137616856e-10,8.057364831943473e-09,5.765705150445317e-14,-1.163877733276989e-07,-1.768489577705033e-09,-5.065845480417538e-08,3.114753990089529e-04
7.700000000000000e+01,9.999999999966903e-01,-8.978192818473371e-07,-3.831369528388065e-09,2.411088428433204e-06,-5.017388187259325e-07,-9.839913495780912e-09,-7.669804002552118e-07,4.446943763311334e-08,6.516967222010637e-10,7.441409160381435e-09,4.123498922411041e-14,-9.282167427173670e-08,-1.417479156332279e-09,-4.678580258203327e-08,2.948243189453626e-04
7.750000000000000e+01,9.999999999970119e-01,-1.008806385137939e-06,-6.022499525006163e-09,2.226769566605280e-06,-3.884207664052972e-07,-7.738323757102483e-09,-7.083475672521967e-07,3.944614814652486e-08,5.606594178262476e-10,6.872540969447317e-09,2.926341688728449e-14,-7.185783630095686e-08,-1.114725822156516e-09,-4.320920021923734e-08,2.801342783875377e-04
7.800000000000000e+01,9.999999999972878e-01,-1.093120483386402e-06,-7.726171935324605e-09,2.056541204312991e-06,-2.881931882312611e-07,-5.935001426106506e-09,-6.541969979448854e-07,3.478151902805810e-08,4.797188365315840e-10,6.347160607685268e-09,2.073835088630004e-14,-5.331573569030582e-08,-8.549467415501769e-10,-3.990601582970661e-08,2.668860241824681e-04
7.850000000000000e+01,9.999999999975305e-01,-1.153913758633472e-06,-9.012713346032630e-09,1.899326174876794e-06,-2.000958321086862e-07,-4.396447910325520e-09,-6.041860399939124e-07,3.046837006465674e-08,4.079902881560533e-10,5.861943601606046e-09,1.483868182099421e-14,-3.701772587046183e-08,-6.333141723504371e-10,-3.685534764556952e-08,2.546676710560635e-04
7.900000000000000e+01,9.999999999977486e-01,-1.194101043002276e-06,-9.944450723984821e-09,1.754129656993346e-06,-1.231912445624555e-07,-3.092146780771286e-09,-5.579982355247592e-07,2.649709136178375e-08,3.446400184300343e-10,5.413819619592011e-09,1.090101801280843e-14,-2.279037800467555e-08,-4.454303803557231e-10,-3.403789175670070e-08,2.431649905572750e-04
7.950000000000000e+01,9.999999999979480e-01,-1.216366286003616e-06,-1.057643486852097e-08,1.620032879744345e-06,-5.657070501213815e-08,-1.994385395635760e-09,-5.153413186639522e-07,2.285610287678614e-08,2.888860816344811e-10,4.999953043927605e-09,8.396397595859097e-15,-1.046557883158958e-08,-2.873018810814880e-10,-3.143581996108375e-08,2.321480563819190e-04
8.000000000000000e+01,9.999999999981326e-01,-1.223170355789666e-06,-1.095711900303349e-08,1.496187308833036e-06,6.410147836867571e-10,-1.078074918569560e-09,-4.759453661557144e-07,1.953226480561345e-08,2.399983991627095e-10,4.617725028014292e-09,6.909103432659268e-15,1.185888358611410e-10,-1.553134572090423e-10,-2.903266695303661e-08,2.214566668635466e-04
8.050000000000000e+01,9.999999999983050e-01,-1.216759896883855e-06,-1.112899243386588e-08,1.381809277260355e-06,4.928193770080269e-08,-3.205712915390161e-10,-4.395610893565598e-07,1.651124208809352e-08,1.972981564341951e-10,4.264716925227913e-09,6.117688531054529e-15,9.117159199087123e-09,-4.620232014921132e-11,-2.681322613543504e-08,2.109862255572014e-04
8.100000000000000e+01,9.999999999984667e-01,-1.199176997917439e-06,-1.112916978210697e-08,1.276175026465024e-06,9.015009501709208e-08,2.985007713709313e-10,-4.059582567999906e-07,1.377782626565349e-08,1.601566702314556e-10,3.938694984559044e-09,5.778221822371955e-15,1.667776801966636e-08,4.296728705121231e-11,-2.476345339665094e-08,2.006750476826784e-04
8.150000000000000e+01,9.999999999986183e-01,-1.172269451722531e-06,-1.098993675628388e-08,1.178616126549199e-06,1.240015560176276e-07,7.974191295527174e-10,-3.749242373496979e-07,1.131621786650284e-08,1.279938403273791e-10,3.637596216194694e-09,5.709691082875351e-15,2.294028809527149e-08,1.148288097505079e-10,-2.287037824332702e-08,1.904935149361573e-04
8.200000000000000e+01,9.999999999987604e-01,-1.137701416806572e-06,-1.073925379719630e-08,1.088515246610094e-06,1.515491709554477e-07,1.192529628230959e-09,-3.462626547227458e-07,9.110272411578285e-09,1.002762830612833e-10,3.359515337603238e-09,5.781447575433674e-15,2.803659670656424e-08,1.717372418827986e-10,-2.112202172665989e-08,1.804351457295682e-04
8.250000000000000e+01,9.999999999988930e-01,-1.096964313819435e-06,-1.040121920428483e-08,1.005302248413393e-06,1.734619331147734e-07,1.498404618872521e-09,-3.197921448689568e-07,7.143713034224557e-09,7.651523013620610e-11,3.102692717523114e-09,5.902542048329570e-15,3.209045759818242e-08,2.157919886666034e-10,-1.950732064285499e-08,1.705094482491550e-04
8.300000000000000e+01,9.999999999990162e-01,-1.051387813189173e-06,-9.996493558512491e-09,9.284505786902217e-07,1.903648736598737e-07,1.727993895847477e-09,-2.953452083435703e-07,5.400312591434352e-09,5.626426318535126e-11,2.865503241570671e-09,6.012780772047476e-15,3.521750152519111e-08,2.488586326946297e-10,-1.801605752811967e-08,1.607363319996831e-04
8.350000000000000e+01,9.999999999991301e-01,-1.002150790723318e-06,-9.542687400836825e-09,8.574739372291632e-07,2.028394105618132e-07,1.892767582895516e-09,-2.727671504113395e-07,3.864048017864303e-09,3.911694343965822e-11,2.646446029013756e-09,6.075320403582677e-15,3.752529080404283e-08,2.725895366894688e-10,-1.663879600522804e-08,1.511418278551234e-04
8.400000000000000e+01,9.999999999992348e-01,-9.502921467351548e-07,-9.054714217728387e-09,7.919231996798531e-07,2.114240801500875e-07,2.002850691756322e-09,-2.519151021753782e-07,2.519229538757230e-09,2.470438597827487e-11,2.444134935645043e-09,6.070619096283513e-15,3.911345464922666e-08,2.884432433784412e-10,-1.536682107255534e-08,1.417548768855154e-04
8.450000000000000e+01,9.999999999993304e-01,-8.967214012495674e-07,-8.545110834425548e-09,7.313835755964956e-07,2.166155867173465e-07,2.067149232078928e-09,-2.326571165367636e-07,1.350607216952291e-09,1.269281942607310e-11,2.257289782661885e-09,5.991566244645142e-15,4.007388334980955e-08,2.977026554887297e-10,-1.419208395775397e-08,1.326049750689553e-04
8.500000000000000e+01,9.999999999994172e-01,-8.422289931659852e-07,-8.024327330210829e-09,6.754719837381475e-07,2.188701121003411e-07,2.093467880496113e-09,-2.148713332644095e-07,3.434571646352994e-10,2.781164453606450e-12,2.084728256054210e-09,5.839622740753829e-15,4.049097054163849e-08,3.014919973783490e-10,-1.310715118712650e-08,1.237204932064448e-04
8.550000000000000e+01,9.999999999994953e-01,-7.874962250042347e-07,-7.500988574488547e-09,6.238346280173518e-07,2.186048332619723e-07,2.088619321185288e-09,-1.984452078920293e-07,-5.163503956505804e-10,-5.301342079300522e-12,1.925358425244127e-09,5.621816118243393e-15,4.044189395979610e-08,3.007925748267021e-10,-1.210515754842673e-08,1.151275230241421e-04
8.600000000000000e+01,9.999999999995653e-01,-7.331048071313572e-07,-6.982129443513224e-09,5.761447587583578e-07,2.161996016058802e-07,2.058525453605803e-09,-1.832747995628842e-07,-1.242299182251096e-09,-1.179745612013660e-11,1.778171833639326e-09,5.348449258114048e-15,3.999692611161734e-08,2.964573614824612e-10,-1.117976264945537e-08,1.068491288592774e-04
8.650000000000000e+01,9.999999999996275e-01,-6.795459662622285e-07,-6.473405720159929e-09,5.321006050987282e-07,2.119987430686631e-07,2.008310728322542e-09,-1.692641133160109e-07,-1.847189123924127e-09,-1.692415217679366e-11,1.642237117380999e-09,5.031396473489762e-15,3.921976729360167e-08,2.892244498274909e-10,-1.032511079756952e-08,9.890490855619192e-05
8.700000000000000e+01,9.999999999996826e-01,-6.272290926417701e-07,-5.979282607353710e-09,4.914234654511063e-07,2.063129429613710e-07,1.942387921494267e-09,-1.563244926521089e-07,-2.343111095413941e-09,-2.087475357199667e-11,1.516694111908831e-09,4.682876045377779e-15,3.816789428696941e-08,2.797294116381773e-10,-9.535793946238212e-09,9.131078723879255e-05
8.750000000000000e+01,9.999999999997309e-01,-5.764899087472976e-07,-5.503202703280716e-09,4.538559439420459e-07,1.994211840802305e-07,1.864536695026072e-09,-1.443740585354216e-07,-2.741432504857069e-09,-2.382095844907289e-11,1.400748409052563e-09,4.314603106565356e-15,3.689291890804892e-08,2.685166181420329e-10,-8.806817474183086e-09,8.407898388228548e-05
8.800000000000000e+01,9.999999999997730e-01,-5.275981496894128e-07,-5.047735196343765e-09,4.191603216685317e-07,1.915727107878744e-07,1.777975314595197e-09,-1.333371912817713e-07,-3.052792252241856e-09,-2.591475573421156e-11,1.293666330209774e-09,3.937240782256443e-15,3.544095136322617e-08,2.560495736713980e-10,-8.133568580566392e-09,7.721810363122504e-05
8.850000000000000e+01,9.999999999998095e-01,-4.807647518288370e-07,-4.614707942574584e-09,3.871170524658893e-07,1.829889955939311e-07,1.685425913552107e-09,-1.231440520542801e-07,-3.287103706374474e-09,-2.729022773193309e-11,1.194770283802579e-09,3.560080440059322e-15,3.385296406629166e-08,2.427203188659262e-10,-7.511787096241623e-09,7.073331916008779e-05
8.900000000000000e+01,9.999999999998410e-01,-4.361485515514075e-07,-4.205323990028522e-09,3.575233736686689e-07,1.738656882524605e-07,1.589173698649049e-09,-1.137301409389294e-07,-3.453564470325107e-09,-2.806523807848660e-11,1.103434477637063e-09,3.190893628791773e-15,3.216515222141630e-08,2.288579605981841e-10,-6.937538526369667e-09,6.462661254896698e-05
8.950000000000000e+01,9.999999999998680e-01,-3.938625007368258e-07,-3.820264015350434e-09,3.301920230737258e-07,1.643745305593561e-07,1.491120495032519e-09,-1.050358888035789e-07,-3.560671821772154e-09,-2.834300545634417e-11,1.019080959035122e-09,2.835908727211229e-15,3.040928806063167e-08,2.147363859902927e-10,-6.407189153822593e-09,5.889705557580494e-05
9.000000000000000e+01,9.999999999998909e-01,-3.539794092973335e-07,-3.459776038676326e-09,3.049500539867407e-07,1.546652228922692e-07,1.392833024153233e-09,-9.700628035783320e-08,-3.616242824778814e-09,-2.821356483037279e-11,9.411759576821411e-10,2.499874474355461e-15,2.861306615368497e-08,2.005812173266969e-10,-5.917383045836771e-09,5.354111135404296e-05
9.050000000000000e+01,9.999999999999103e-01,-3.165372283247001e-07,-3.123753685508377e-09,2.816377408540655e-07,1.448672311061481e-07,1.295586300236218e-09,-8.959050602857415e-08,-3.627438213173684e-09,-2.775511904603903e-11,8.692265080494000e-10,2.186180452630422e-15,2.680043768368971e-08,1.865760634983808e-10,-5.465020818419947e-09,4.855294414449528e-05
9.100000000000000e+01,9.999999999999265e-01,-2.815438899377690e-07,-2.811804169113635e-09,2.601075685549957e-07,1.350915246967810e-07,1.200402519611158e-09,-8.274164044831512e-08,-3.600789242802554e-09,-2.703528447085132e-11,8.027773300189750e-10,1.897011315174783e-15,2.499193200736221e-08,1.728681219661668e-10,-5.047240024139451e-09,4.392472715384425e-05
9.150000000000000e+01,9.999999999999402e-01,-2.489817219338819e-07,-2.523307075082689e-09,2.402232989589313e-07,1.254322391904192e-07,1.108085803298842e-09,-7.641634552192859e-08,-3.542226800483041e-09,-2.611223499660747e-11,7.414079479728144e-10,1.633517183437719e-15,2.320496419708755e-08,1.595731832158170e-10,-4.661397039190557e-09,3.964694035839572e-05
9.200000000000000e+01,9.999999999999516e-01,-2.188114568770471e-07,-2.257464941500676e-09,2.218591088408157e-07,1.159682575272408e-07,1.019253137440152e-09,-7.057459619282587e-08,-3.457112141601695e-09,-2.503574918239830e-11,6.847300301165000e-10,1.395987294524453e-15,2.145412759684924e-08,1.467800873899725e-10,-4.305050335131155e-09,3.570865197822592e-05
9.250000000000000e+01,9.999999999999608e-01,-1.909758563605369e-07,-2.013346544133403e-09,2.048987936997798e-07,1.067647067973594e-07,9.343618389968166e-10,-6.517942717330111e-08,-3.350268706072973e-09,-2.384816563367456e-11,6.323849312015887e-10,1.184017761091000e-15,1.975147071838256e-08,1.345546803015786e-10,-3.975945029430391e-09,3.209777826212650e-05
9.300000000000000e+01,9.999999999999685e-01,-1.654029719142413e-07,-1.789923716392368e-09,1.892350324429323e-07,9.787436807717225e-08,8.537338561170407e-10,-6.019669903640930e-08,-3.226014534002473e-09,-2.258525190474455e-11,5.840414230976409e-10,9.966673297634168e-16,1.810675806089277e-08,1.229433134277861e-10,-3.671998617070982e-09,2.880131680421445e-05
9.350000000000000e+01,9.999999999999747e-01,-1.420090644360106e-07,-1.586102458783468e-09,1.747687082813744e-07,8.933899831745032e-08,7.775771940361272e-10,-5.559488218926127e-08,-3.088194868070850e-09,-2.127699230163214e-11,5.393935988536861e-10,8.325973937088261e-16,1.652771466034723e-08,1.119759298086750e-10,-3.391287792918150e-09,2.580554878911395e-05
9.400000000000000e+01,9.999999999999798e-01,-1.207012041557749e-07,-1.400749022144903e-09,1.614082815412336e-07,8.119056426845789e-08,7.060047386963357e-10,-5.134485736076797e-08,-2.940214589615075e-09,-1.994829996746169e-11,4.981589369863404e-10,6.901943310607131e-16,1.502025436561940e-08,1.016687750780638e-10,-3.132036281470226e-09,2.309620550020476e-05
9.450000000000000e+01,9.999999999999837e-01,-1.013795730319035e-07,-1.232711583245852e-09,1.490692104209919e-07,7.345238930665260e-08,6.390507316867301e-10,-4.741973134136557e-08,-2.785070189888700e-09,-1.861965856927016e-11,4.600765137460627e-10,5.676735951293595e-16,1.358869200142603e-08,9.202677017223003e-11,-2.892603596980342e-09,2.065859438837222e-05
9.500000000000000e+01,9.999999999999871e-01,-8.393949116799528e-08,-1.080838070196253e-09,1.376734160297968e-07,6.614021476653589e-08,5.766851318365512e-10,-4.379466680876449e-08,-2.625381027304229e-09,-1.730769878705303e-11,4.249053520491205e-10,4.631659572466616e-16,1.223593971471807e-08,8.304557962725465e-11,-2.671474662825857e-09,1.847768044878444e-05
9.550000000000000e+01,9.999999999999896e-01,-6.827318835833921e-08,-9.439906385074381e-10,1.271487883216342e-07,5.926317799362820e-08,5.188260810144215e-10,-4.044672516289700e-08,-2.463419665884265e-09,-1.602571464474628e-11,3.924228966276726e-10,3.747869716726201e-16,1.096368791448021e-08,7.471340681126692e-11,-2.467250224439157e-09,1.653812032137217e-05
9.600000000000000e+01,9.999999999999917e-01,-5.427134125172113e-08,-8.210572464049004e-10,1.174287297990216e-07,5.282470983317348e-08,4.653506745220923e-10,-3.735472137555825e-08,-2.301141129962870e-09,-1.478412452884713e-11,3.624236057491488e-10,3.006911576946156e-16,9.772571307140723e-09,6.701254496297271e-11,-2.278637995134982e-09,1.482425040367965e-05
9.650000000000000e+01,9.999999999999932e-01,-4.182439589299090e-08,-7.109607299604861e-10,1.084517340988872e-07,4.682335466610236e-08,4.161042200245395e-10,-3.449908993626136e-08,-2.140210945678287e-09,-1.359088152210459e-11,3.347176505934869e-10,2.391126312244549e-16,8.662320603224464e-09,5.992071053667792e-11,-2.104444478807027e-09,1.332003734356434e-05
9.700000000000000e+01,9.999999999999946e-01,-3.082369458383514e-08,-6.126657345928925e-10,1.001609967940120e-07,4.125351641026148e-08,3.709081532995056e-10,-3.186176104604186e-08,-1.982031871274327e-09,-1.245183744448406e-11,3.091297140583198e-10,1.883940126625024e-16,7.631900527580395e-09,5.341218309680102e-11,-1.943567417749624e-09,1.200900993090322e-05
9.750000000000000e+01,9.999999999999956e-01,-2.116242511982473e-08,-5.251838192790229e-10,9.250405594727637e-08,3.610613413143821e-08,3.295667642671149e-10,-2.942604627579294e-08,-1.827769245969097e-09,-1.137106474756253e-11,2.854978813911544e-10,1.470054275859779e-16,6.679634807421317e-09,4.745877386845605e-11,-1.794988817815958e-09,1.087420427142692e-05
9.800000000000000e+01,9.999999999999963e-01,-1.273640952877334e-08,-4.475770132112413e-10,8.543246014421752e-08,3.136929106498168e-08,2.918728728025463e-10,-2.717653296560262e-08,-1.678374911438527e-09,-1.035114015677292e-11,2.636726156286769e-10,1.135553329842064e-16,5.803318841324087e-09,4.203064303914113e-11,-1.657768506777522e-09,9.898165020288400e-06
9.850000000000000e+01,9.999999999999969e-01,-5.444748472179773e-09,-3.789600714087505e-10,7.890146190328114e-08,2.702876094380367e-08,2.576125807542190e-10,-2.509898669687543e-08,-1.534609681073343e-09,-9.393393702713133e-12,2.435158113600274e-10,8.679476921785877e-17,5.000320769910131e-09,3.709698402160972e-11,-1.531038185123520e-09,9.063047480716690e-06
9.900000000000000e+01,9.999999999999973e-01,8.096635086815099e-10,-3.185016457256936e-10,7.286973452373624e-08,2.306849557046191e-08,2.265692143855573e-10,-2.318026122010341e-08,-1.397064350366619e-09,-8.498126531522342e-12,2.248999208264245e-10,6.561647621123328e-17,4.267671676681238e-09,3.262659112944658e-11,-1.413995931654954e-09,8.350851673860753e-06
9.950000000000000e+01,9.999999999999978e-01,6.119737705306720e-09,-2.654245605762593e-10,6.729911057952822e-08,1.947105756741067e-08,1.985265601183126e-10,-2.140821526832936e-08,-1.266179257329548e-09,-7.664800637878608e-12,2.077071468273103e-10,4.905013664937807e-17,3.602145646816307e-09,2.858832548297842e-11,-1.305901129105992e-09,7.743788542707278e-06
1.000000000000000e+02,9.999999999999980e-01,1.057389269540247e-08,-2.190053583043111e-10,6.215434040431871e-08,1.621800219720097e-08,1.732714859592129e-10,-1.977163572991629e-08,-1.142262414958498e-09,-6.892203424683797e-12,1.918286973258778e-10,3.625483039170671e-17,3.000330403908789e-09,2.495149245094616e-11,-1.206069777683052e-09,7.224738530750867e-06
1.005000000000000e+02,9.999999999999982e-01,1.425584528369053e-08,-1.785732572540942e-10,5.740286903945826e-08,1.329021206963973e-08,1.505960313122077e-10,-1.826016669447716e-08,-1.025506248717432e-09,-6.178589762666954e-12,1.771640970372976e-10,2.650961103419220e-17,2.458689230791490e-09,2.168614253891142e-11,-1.113870166866691e-09,6.777730258843267e-06
1.010000000000000e+02,9.999999999999984e-01,1.724447961860162e-08,-1.435086460490656e-10,5.301463023346861e-08,1.066818845127722e-08,1.302990389834724e-10,-1.686424392298348e-08,-9.160029809742593e-10,-5.521804002223295e-12,1.636205516435110e-10,1.920295310576856e-17,1.973614861792100e-09,1.876330635398783e-11,-1.028718878088408e-09,6.388357311161008e-06
1.015000000000000e+02,9.999999999999987e-01,1.961378408719689e-08,-1.132412201661890e-10,4.896185618950908e-08,8.332302769123307e-09,1.121873950395631e-10,-1.557503432739399e-08,-8.137587115425487e-10,-4.919384179714763e-12,1.511123606114938e-10,1.382167029183184e-17,1.541476010921022e-09,1.615517310196464e-11,-9.500770929881914e-10,6.044068435579013e-06
1.020000000000000e+02,9.999999999999988e-01,2.143284647134839e-08,-8.724785142073718e-11,4.521890185695126e-08,6.263011759692699e-09,9.607693474200933e-11,-1.438438007684379e-08,-7.187062491231361e-10,-4.368650461788765e-12,1.395603748994069e-10,9.939773274862136e-18,1.158657174445039e-09,1.383522100164108e-11,-8.774471838922368e-10,5.734301307872373e-06
1.025000000000000e+02,9.999999999999989e-01,2.276589869195751e-08,-6.505026727933148e-11,4.176208265521843e-08,4.441039560345933e-09,8.179306601390743e-11,-1.328474697671047e-08,-6.307167526920762e-10,-3.866779684365142e-12,1.288914961191333e-10,7.207621000612380e-18,8.215923177856583e-10,1.177830702639813e-11,-8.103695649361640e-10,5.450466433316831e-06
1.030000000000000e+02,9.999999999999990e-01,2.367240327191068e-08,-4.621260483436543e-11,3.856952460304196e-08,2.847529875959482e-09,6.917115575463426e-11,-1.226917679391142e-08,-5.496102449081397e-10,-3.410867667928208e-12,1.190382139860140e-10,5.341621261810101e-18,5.267930263533193e-10,9.960722498770435e-12,-7.484197839083212e-10,5.185813169689408e-06
1.035000000000000e+02,9.999999999999991e-01,2.420717441051068e-08,-3.033889364915027e-11,3.562102590478648e-08,1.464171183326496e-09,5.805671876638347e-11,-1.133124322675721e-08,-4.751650615677606e-10,-2.997980827596604e-12,1.099381791288487e-10,4.114654656399404e-18,2.708716683617453e-10,8.360220264093150e-12,-6.912058364110004e-10,4.935220052609539e-06
1.040000000000000e+02,9.999999999999992e-01,2.442052728095181e-08,-1.707051237843456e-11,3.289792911799253e-08,2.732977610631765e-10,4.830544405000220e-11,-1.046501124074816e-08,-4.071263021590196e-10,-2.625198444945179e-12,1.015338085570089e-10,3.347329023274340e-18,5.056008536080603e-11,6.956018448297817e-12,-6.383656853441729e-10,4.694949424772538e-06
1.045000000000000e+02,9.999999999999993e-01,2.435844983732795e-08,-6.083655951830847e-12,3.038300309324156e-08,-7.420308434859356e-10,3.978308872755585e-11,-9.664999513000206e-09,-3.452133467880910e-10,-2.289646828424057e-12,9.377192128814733e-11,2.900117933333992e-18,-1.372757063858395e-10,5.728785156849132e-12,-5.895649700155947e-10,4.462397461261338e-06
1.050000000000000e+02,9.999999999999993e-01,2.406279204851807e-08,2.913156943550711e-12,2.806033393928533e-08,-1.597969474782075e-09,3.236526581635157e-11,-8.926145747656542e-09,-2.891265042893646e-10,-1.988526460077906e-12,8.660340183082722e-11,2.666395142873486e-18,-2.956243530994125e-10,4.660607891053139e-12,-5.444948903810324e-10,4.235860061793098e-06
1.055000000000000e+02,9.999999999999994e-01,2.357146806339108e-08,1.018151244245643e-11,2.591522432349082e-08,-2.309843895383866e-09,2.593714847642571e-11,-8.243774642808762e-09,-2.385528552912253e-10,-1.719133107664846e-12,7.998288939267254e-11,2.566345498937924e-18,-4.273211208498393e-10,3.734950939140120e-12,-5.028702530265565e-10,4.014325763043878e-06
1.060000000000000e+02,9.999999999999994e-01,2.291866735580602e-08,1.595544775078837e-11,2.393410047039688e-08,-2.892122086715781e-09,2.039311014501053e-11,-7.613568306229364e-09,-1.931713524899495e-10,-1.478873772713246e-12,7.386849084741176e-11,2.541710065282603e-18,-5.350425861978098e-10,2.936603537481895e-12,-4.644276665283114e-10,3.797299965484747e-06
1.065000000000000e+02,9.999999999999996e-01,2.213507139987843e-08,2.044370116312205e-11,2.210442626988991e-08,-3.358398398777290e-09,1.563631712328339e-11,-7.031538932712967e-09,-1.526572384714175e-10,-1.265278246006956e-12,6.822151564453952e-11,2.551307748300787e-18,-6.213037038908780e-10,2.251621187150172e-12,-4.289238747704077e-10,3.584660366907152e-06
1.070000000000000e+02,9.999999999999996e-01,2.124807288722524e-08,2.383185576661570e-11,2.041462395149442e-08,-3.721388783388793e-09,1.157828766068760e-11,-6.494003570134498e-09,-1.166858391922763e-10,-1.076006951907107e-12,6.300623098415921e-11,2.567266103472401e-18,-6.884569250138812e-10,1.667262148138017e-12,-3.961342176745376e-10,3.376541042274438e-06
1.075000000000000e+02,9.999999999999997e-01,2.028199491989231e-08,2.628436997721340e-11,1.885400082282302e-08,-3.992935499333863e-09,8.138429360136468e-12,-5.997560814549621e-09,-8.493578875824518e-11,-9.088556812436024e-13,5.818963570780895e-11,2.571889094359333e-18,-7.386930674401881e-10,1.171920813605001e-12,-3.658512096011567e-10,3.173241503513574e-06
1.080000000000000e+02,9.999999999999997e-01,1.925830799707650e-08,2.794649076055170e-11,1.741268160860317e-08,-4.184019824572227e-09,5.243564775248139e-12,-5.539069286869230e-09,-5.709173847889044e-11,-7.617577386837155e-13,5.374125147450310e-11,2.555088305910701e-18,-7.740436675910427e-10,7.550593854023474e-13,-3.378832264266768e-10,2.975156800286707e-06
1.085000000000000e+02,9.999999999999998e-01,1.819584296237402e-08,2.894604763939594e-11,1.608154596213702e-08,-4.304781450140580e-09,2.827453362116799e-12,-5.115627754913192e-09,-3.284660038954954e-11,-6.327839639573429e-13,4.963292990059924e-11,2.512305577418411e-18,-7.963845683071678e-10,4.071390261001733e-13,-3.120532929887836e-10,2.782724911809649e-06
1.090000000000000e+02,9.999999999999998e-01,1.711099839299696e-08,2.939512743955400e-11,1.485217075378097e-08,-4.364543362142074e-09,8.303164586052475e-13,-4.724556775060135e-09,-1.190337255942694e-11,-5.201410265491789e-13,4.583867444311261e-11,2.442858454923718e-18,-8.074405220167783e-10,1.195514482599150e-13,-2.881979632271071e-10,2.596388087858334e-06
1.095000000000000e+02,9.999999999999998e-01,1.601794119514182e-08,2.939163122896990e-11,1.371677677125923e-08,-4.371841142182449e-09,-8.016293288100776e-13,-4.363381737325738e-09,6.023409408677777e-12,-4.221683399349137e-13,4.233447589939651e-11,2.348644636883857e-18,-8.087906113162322e-10,-1.154482844773581e-13,-2.661662859330249e-10,2.416565279115124e-06
1.100000000000000e+02,9.999999999999999e-01,1.492879942243083e-08,2.902071610659590e-11,1.266817949454290e-08,-4.334455732677344e-09,-2.116626067772562e-12,-4.029817206582572e-09,2.120655320174727e-11,-3.373338936391807e-13,3.909816048226785e-11,2.233147188595831e-18,-8.018743105518537e-10,-3.048071307740457e-13,-2.458188495640956e-10,2.243633273578515e-06
1.105000000000000e+02,9.999999999999999e-01,1.385384655905307e-08,2.835612544021404e-11,1.169974363380889e-08,-4.259448821654809e-09,-3.157812469928913e-12,-3.721752460836244e-09,3.390538435443933e-11,-2.642292588476899e-13,3.610924950923244e-11,2.100688324497650e-18,-7.879980320083743e-10,-4.547371440280029e-13,-2.270269000789213e-10,2.077914588479508e-06
1.110000000000000e+02,9.999999999999999e-01,1.280167670786228e-08,2.746141187259323e-11,1.080534114280518e-08,-4.153200102108609e-09,-3.963643406699238e-12,-3.437238135047233e-09,4.436517880072003e-11,-2.015639855595374e-13,3.334882981795102e-11,1.955885689717307e-18,-7.683420188892737e-10,-5.707758866657599e-13,-2.096715262102953e-10,1.919670541428134e-06
1.115000000000000e+02,9.999999999999999e-01,1.177937029816407e-08,2.639105794602586e-11,9.979312441940305e-09,-4.021445753782847e-09,-4.568289187469511e-12,-3.174473885983573e-09,5.281682045634560e-11,-1.481595758882432e-13,3.079943408796948e-11,1.803271078829478e-18,-7.439674644469179e-10,-6.578439295801431e-13,-1.936429070212276e-10,1.769098238630769e-06
1.120000000000000e+02,9.999999999999999e-01,1.079265008012550e-08,2.519149956539638e-11,9.216430605725335e-09,-3.869317580699979e-09,-5.002013405638168e-12,-2.931797000050276e-09,5.947665355999069e-11,-1.029431887080521e-13,2.844493031141119e-11,1.647037242738849e-18,-7.158237524252295e-10,-7.202992647849632e-13,-1.788396169825492e-10,1.626330476512067e-06
1.125000000000000e+02,9.999999999999999e-01,9.846027304478882e-09,2.390205775505090e-11,8.511868287954627e-09,-3.701382316037280e-09,-5.291528651047705e-12,-2.707671872008400e-09,6.454650209057468e-11,-6.494120501795221e-14,2.627041971322994e-11,1.490883740573329e-18,-6.847557284618207e-10,-7.619885303550454e-13,-1.651679841747833e-10,1.491437762985203e-06
1.130000000000000e+02,9.999999999999999e-01,8.942938099221035e-09,2.255578428730929e-11,7.861167175335132e-09,-3.521680677399349e-09,-5.460329796475960e-12,-2.500680288007465e-09,6.821383105642440e-11,-3.327276080839101e-14,2.426214247508574e-11,1.337937623135829e-18,-6.515109253133986e-10,-7.862950056267986e-13,-1.525414975531282e-10,1.364431833470430e-06
1.135000000000000e+02,1.000000000000000e+00,8.085870151000865e-09,2.118022679011879e-11,7.260209776273732e-09,-3.333765820439408e-09,-5.529004901715720e-12,-2.309512451444356e-09,7.065202681035062e-11,-7.143334538957572e-15,2.240739066628164e-11,1.190729053276967e-18,-6.167466767756973e-10,-7.961833829885972e-13,-1.408802595248556e-10,1.245270171594999e-06
1.140000000000000e+02,1.000000000000000e+00,7.276479879437324e-09,1.979811889519719e-11,6.705193366308289e-09,-3.140740897481343e-09,-5.515524050913599e-12,-2.132958694862435e-09,7.202077577788338e-11,1.416154073166095e-14,2.069442783081343e-11,1.051205768651924e-18,-5.810370660285493e-10,-7.942413617707344e-13,-1.301104803751601e-10,1.133861151435655e-06
1.145000000000000e+02,1.000000000000000e+00,6.515700359223309e-09,1.842800088088773e-11,6.192605925314952e-09,-2.945295480631612e-09,-5.435506655843704e-12,-1.969901825445525e-09,7.246652309032375e-11,3.128238525641856e-14,1.911241472169227e-11,9.207735856896849e-19,-5.448796639115829e-10,-7.827181409861802e-13,-1.201640113422948e-10,1.030069502287439e-06
1.150000000000000e+02,1.000000000000000e+00,5.803840298972062e-09,1.708477610866028e-11,5.719203914227676e-09,-2.749740656195662e-09,-5.302467927310956e-12,-1.819310055670832e-09,7.212299458818672e-11,4.479165790009295e-14,1.765134071260712e-11,8.003529563242632e-19,-5.087020213912557e-10,-7.635599120777894e-13,-1.109779133874018e-10,9.337218623892597e-07
1.155000000000000e+02,1.000000000000000e+00,5.140674428684353e-09,1.578020835974257e-11,5.281991750646054e-09,-2.556042639380945e-09,-5.128045345720930e-12,-1.680230474387497e-09,7.111176750390702e-11,5.519938698737476e-14,1.630196045291297e-11,6.904439566343254e-19,-4.728678882809086e-10,-7.384424713752083e-13,-1.024940589303056e-10,8.446122380940376e-07
1.160000000000000e+02,1.000000000000000e+00,4.525525680702456e-09,1.452336495815634e-11,4.878202853457617e-09,-2.365854795629391e-09,-4.922206056054335e-12,-1.551783017007257e-09,6.954287684652419e-11,6.295852403275871e-14,1.505573536511351e-11,5.911940501914369e-19,-4.376831371872716e-10,-7.088010855247466e-13,-9.465876403114477e-11,7.625072222568077e-07
1.165000000000000e+02,1.000000000000000e+00,3.957339573229282e-09,1.332101032644079e-11,4.505282136529276e-09,-2.180547987823447e-09,-4.693436177380371e-12,-1.433154896651906e-09,6.751544609773830e-11,6.847000541976963e-14,1.390477961464596e-11,5.024645725196074e-19,-4.034013777435769e-10,-6.758577524961838e-13,-8.742244869036804e-11,6.871508523016751e-07
1.170000000000000e+02,1.000000000000000e+00,3.434751222000042e-09,1.217795436729869e-11,4.160869840691824e-09,-2.001239197391099e-09,-4.448913057332874e-12,-1.323595461019118e-09,6.511833229146525e-11,7.208751356319338e-14,1.284181021007787e-11,4.238931709673474e-19,-3.702292515139886e-10,-6.406460065684098e-13,-8.073932311754984e-11,6.182690065518400e-07
1.175000000000000e+02,1.000000000000000e+00,2.956145415487864e-09,1.109735980392274e-11,3.842786601709917e-09,-1.828818392326279e-09,-4.194661521779767e-12,-1.222411442422001e-09,6.243077689177089e-11,7.412193444402217e-14,1.186010091796136e-11,3.549504496278054e-19,-3.383314025773742e-10,-6.040334185446782e-13,-7.456709798380407e-11,5.555732492911626e-07
1.180000000000000e+02,1.000000000000000e+00,2.519710193011836e-09,1.008101234851120e-11,3.549019659751000e-09,-1.663973636660079e-09,-3.935695172844352e-12,-1.128962570945709e-09,5.952305511141534e-11,7.484551279448192e-14,1.095343970072655e-11,2.949898524730646e-19,-3.078351227794803e-10,-5.667419428670555e-13,-6.886671682433773e-11,4.987640438908669e-07
1.185000000000000e+02,1.000000000000000e+00,2.123484364125079e-09,9.129557306280596e-12,3.277710123089755e-09,-1.507214454270371e-09,-3.676143777623973e-12,-1.042657522962150e-09,5.645711743022096e-11,7.449570975694884e-14,1.011608940829290e-11,2.432904072036047e-19,-2.788346740377097e-10,-5.293662617401522e-13,-6.360210889784804e-11,4.475332640708035e-07
1.190000000000000e+02,1.000000000000000e+00,1.765399402447095e-09,8.242705964216530e-12,3.027141205455619e-09,-1.358893475393801e-09,-3.419367768117584e-12,-9.629501793658691e-10,5.328721808447453e-11,7.327877065959051e-14,9.342751474662248e-12,1.990923814574358e-19,-2.513952929458405e-10,-4.923902732280484e-13,-5.873996093891219e-11,4.015659533238687e-07
1.195000000000000e+02,1.000000000000000e+00,1.443316138352619e-09,7.419414862325641e-12,2.795727362591956e-09,-1.219226407081005e-09,-3.168060842364981e-12,-8.893361698540930e-10,5.006052621121840e-11,7.137301274468862e-14,8.628532389774283e-12,1.616262021721502e-19,-2.255568853082401e-10,-4.562018658932934e-13,-5.424950635906956e-11,3.605413218609527e-07
1.200000000000000e+02,1.000000000000000e+00,1.155056663255646e-09,6.658040802173156e-12,2.582004259285431e-09,-1.088310379373847e-09,-2.924341619630433e-12,-8.213496813838752e-10,4.681771615034046e-11,6.893184434305549e-14,7.968912734465613e-12,1.301351844219462e-19,-2.013374201826542e-10,-4.211061171928737e-13,-5.010233056270816e-11,3.241330409352548e-07
1.205000000000000e+02,1.000000000000000e+00,8.984318441858987e-10,5.956474214455731e-12,2.384619503379196e-09,-9.661407274277496e-10,-2.689835260350607e-12,-7.585605106109966e-10,4.359353413869059e-11,6.608652818974468e-14,7.359718582592663e-12,1.038927306377725e-19,-1.787360345728376e-10,-3.873370467805353e-13,-4.627219114583750e-11,2.920090054074068e-07
1.210000000000000e+02,1.000000000000000e+00,6.712648314402221e-10,5.312253285316748e-12,2.202324088136778e-09,-8.526262763818410e-10,-2.465745915968229e-12,-7.005713416590980e-10,4.041733927986690e-11,6.294870239302574e-14,6.797095089357435e-12,8.221471396185890e-20,-1.577358611295307e-10,-3.550680492975917e-13,-4.273485184000580e-11,2.638308853054641e-07
1.215000000000000e+02,1.000000000000000e+00,4.714109247423296e-10,4.722661030774789e-12,2.033964488805872e-09,-7.476032007082957e-10,-2.252920825915170e-12,-6.470152319933800e-10,3.731361724662047e-11,5.961267306251358e-14,6.277482098708856e-12,6.446776659323015e-20,-1.383065921300878e-10,-3.244211243419525e-13,-3.946792915059570e-11,2.392539514438314e-07
1.220000000000000e+02,1.000000000000000e+00,2.967741449487502e-10,4.184807310437934e-12,1.878475363370831e-09,-6.508475332478816e-10,-2.051906829916257e-12,-5.975532904900365e-10,3.430246567569289e-11,5.615749282796847e-14,5.797591615468886e-12,5.007416847688366e-20,-1.204067936500531e-10,-2.954750142350512e-13,-3.645075071905984e-11,2.179277823217241e-07
1.225000000000000e+02,1.000000000000000e+00,1.453208392367102e-10,3.695697585816359e-12,1.734872811305877e-09,-5.620864013441792e-10,-1.863000014304941e-12,-5.518725330087652e-10,3.140005065286339e-11,5.264883948523474e-14,5.354386999631874e-12,3.851398416068651e-20,-1.039859842479911e-10,-2.682723530805985e-13,-3.366422451284405e-11,1.994984568426666e-07
1.230000000000000e+02,1.000000000000000e+00,1.509062819734684e-11,3.252290055030935e-12,1.602248147671885e-09,-4.810080685923936e-10,-1.686289161866656e-12,-5.096839018988940e-10,2.861903406438607e-11,4.914070883150441e-14,4.945063751183474e-12,2.932503446241187e-20,-8.898649268901692e-11,-2.428259235273277e-13,-3.109071801526104e-11,1.836126346665292e-07
1.235000000000000e+02,1.000000000000000e+00,-9.579501640899805e-11,2.851542634397039e-12,1.479762153160646e-09,-4.072708608740742e-10,-1.521693626413890e-12,-4.707204369070025e-10,2.596897191498842e-11,4.567693543448077e-14,4.567031763849819e-12,2.210122123205864e-20,-7.534510926121899e-11,-2.191241106905884e-13,-2.871394665085547e-11,1.699235122689147e-07
1.240000000000000e+02,1.000000000000000e+00,-1.891262940803969e-10,2.490451107967461e-12,1.366639763702153e-09,-3.405110546967858e-10,-1.368996206291242e-12,-4.347355859119439e-10,2.345668398709350e-11,4.229255464999517e-14,4.217898935482179e-12,1.648965284271063e-20,-6.299454511849864e-11,-1.971356359184709e-13,-2.651887074024024e-11,1.580981164819581e-07
1.245000000000000e+02,1.000000000000000e+00,-2.666004483799837e-10,2.166079628274752e-12,1.262165166031940e-09,-2.803498045252191e-10,-1.227871545652248e-12,-4.015016447979822e-10,2.108659544559289e-11,3.901501868673885e-14,3.895456031367892e-12,1.218694865378954e-20,-5.186471383682530e-11,-1.768136465565372e-13,-2.449160033235795e-11,1.478249498081487e-07
1.250000000000000e+02,1.000000000000000e+00,-3.298187592628080e-10,1.875584624775080e-12,1.165677268184301e-09,-2.263991838925448e-10,-1.097910548900199e-12,-3.708083165939052e-10,1.886105118175761e-11,3.586527893761066e-14,3.597662704685497e-12,8.935035041046015e-21,-4.188384901983705e-11,-1.580992316082738e-13,-2.261930731196681e-11,1.388208243615731e-07
1.255000000000000e+02,1.000000000000000e+00,-3.802849424749705e-10,1.616233060361734e-12,1.076565516249694e-09,-1.782674127214848e-10,-9.786412523283467e-13,-3.424613807606670e-10,1.678060384288862e-11,3.285874617391305e-14,3.322634585644907e-12,6.516685290770910e-21,-3.297947135323879e-11,-1.409244272328197e-13,-2.089014422618690e-11,1.308358909693314e-07
1.260000000000000e+02,1.000000000000000e+00,-4.194047613502349e-10,1.385415870246616e-12,9.942660309257088e-10,-1.355633405562673e-10,-8.695465578548506e-13,-3.162814642071117e-10,1.484427661497980e-11,3.000613954734518e-14,3.068631357615360e-12,4.751001645844546e-21,-2.507921800271392e-11,-1.252147703852217e-13,-1.929316931645929e-11,1.236563037256106e-07
1.265000000000000e+02,1.000000000000000e+00,-4.484866733829225e-10,1.180657320938204e-12,9.182580394145240e-10,-9.790025239175324e-11,-7.700791968981165e-13,-2.921029062570359e-10,1.304980191763195e-11,2.731423467887573e-14,2.834045744789769e-12,3.488990483017040e-21,-1.811154669231277e-11,-1.108914535979953e-13,-1.781827728153696e-11,1.171044729856989e-07
1.270000000000000e+02,1.000000000000000e+00,-4.687433502276523e-10,9.996209393971786e-13,8.480605800887334e-10,-6.489906055755266e-11,-6.796742579093883e-13,-2.697727103853566e-10,1.139383723709560e-11,2.478652044420844e-14,2.617393341701662e-12,2.609341022271042e-21,-1.200632620301414e-11,-9.787312893054385e-14,-1.645613533339100e-11,1.110372738718850e-07
1.275000000000000e+02,1.000000000000000e+00,-4.812939252212090e-10,8.401125831459751e-13,7.832294590733791e-10,-3.619094273704370e-11,-5.977595788675984e-13,-2.491495760902056e-10,9.872159367761967e-12,2.242377340172030e-14,2.417303220238271e-12,2.014483871497985e-21,-6.695324406243784e-12,-8.607740447441443e-14,-1.519812414140843e-11,1.053428013571509e-07
1.280000000000000e+02,1.000000000000000e+00,-4.871668371092998e-10,7.000811505699924e-13,7.233544394861235e-10,-1.141948272991900e-11,-5.237642761142145e-13,-2.301030047748505e-10,8.479838357543935e-12,2.022455815773299e-14,2.232509254713053e-12,1.626977656473123e-21,-2.112604304945554e-12,-7.542207249279377e-14,-1.403628329118944e-11,9.993630068466916e-08
1.285000000000000e+02,1.000000000000000e+00,-4.873031523740804e-10,5.776173663115728e-13,6.680566455497061e-10,9.757632949197684e-12,-4.571256532082706e-13,-2.125124739816644e-10,7.211392461033426e-12,1.818566133151107e-14,2.061842110104569e-12,1.386249423702598e-21,1.805162095674547e-12,-6.582610428416571e-14,-1.296326091281946e-11,9.475581334690505e-08
1.290000000000000e+02,1.000000000000000e+00,-4.825602613912494e-10,4.709510189742827e-13,6.169861651504780e-10,2.766731306263115e-11,-3.972947079414900e-13,-1.962666747528792e-10,6.060925398502121e-12,1.630246617290088e-14,1.904221842765104e-12,1.245696816687739e-21,5.118452916646082e-12,-5.721044318222603e-14,-1.197226715987524e-11,8.975793448763566e-08
1.295000000000000e+02,1.000000000000000e+00,-4.737158556020276e-10,3.784469767957433e-13,5.698198356725469e-10,4.262010814519561e-11,-3.437404321845291e-13,-1.812628072923129e-10,5.022247200920704e-12,1.456927430233985e-14,1.758651066778020e-12,1.170146578910855e-21,7.884720006909228e-12,-4.949862372461451e-14,-1.105703124479016e-11,8.491393034471814e-08
1.300000000000000e+02,1.000000000000000e+00,-4.614721039774572e-10,2.986002610061782e-13,5.262591990967784e-10,5.490956284074921e-11,-2.959530777422491e-13,-1.674059304711744e-10,4.088979893194363e-12,1.297958048843609e-14,1.624208642722011e-12,1.133654104289197e-21,1.015826912557736e-11,-4.261724192800508e-14,-1.021176175870837e-11,8.020634263488495e-08
1.305000000000000e+02,1.000000000000000e+00,-4.464599572989467e-10,2.300304157857156e-13,4.860286134249822e-10,6.481183475409390e-11,-2.534465417761534e-13,-1.546083610617642e-10,3.254649231537514e-12,1.152630585399775e-14,1.500043848906137e-12,1.117621944879772e-21,1.199018942953851e-11,-3.649629878184175e-14,-9.431110024740543e-12,7.562611944990429e-08
1.310000000000000e+02,1.000000000000000e+00,-4.292435182042830e-10,1.714753776112004e-13,4.488735084787886e-10,7.258554372210410e-11,-2.157600074991036e-13,-1.427891188975546e-10,2.512763667942282e-12,1.020199440816701e-14,1.385370998192659e-12,1.109210849337987e-21,1.342832558861416e-11,-3.106943650217073e-14,-8.710136252728765e-12,7.117025679947653e-08
1.315000000000000e+02,1.000000000000000e+00,-4.103244235814089e-10,1.217850149147488e-13,4.145587750363063e-10,7.847181851397522e-11,-1.824589596524598e-13,-1.318734144487471e-10,1.856881666464029e-12,8.998977340511607e-15,1.279464466343923e-12,1.100014551674246e-21,1.451728642510524e-11,-2.627408475494495e-14,-8.044278281355546e-12,6.683990430951967e-08
1.320000000000000e+02,1.000000000000000e+00,-3.901461937655849e-10,7.991448096060014e-14,3.828672771133752e-10,8.269451094046591e-11,-1.531356796298781e-13,-1.217921755707993e-10,1.280668443821403e-12,7.909509082423084e-15,1.181654100433956e-12,1.084968724282468e-21,1.529848452400189e-11,-2.205153194916817e-14,-7.429322709803995e-12,6.263887510810076e-08
1.325000000000000e+02,1.000000000000000e+00,-3.690985101444055e-10,4.491749831026010e-14,3.535984779754600e-10,8.546055017672225e-11,-1.274093119072256e-13,-1.124816104312912e-10,7.779431517071542e-13,6.925878741469375e-15,1.091320978270110e-12,1.061464877061665e-21,1.581020178270598e-11,-1.834693479876288e-14,-6.861378236296638e-12,5.857249719950890e-08
1.330000000000000e+02,1.000000000000000e+00,-3.475213892366512e-10,1.593967184146108e-14,3.265671711858950e-10,8.696041277629318e-11,-1.049255815687857e-13,-1.038828038494292e-10,3.427174612088277e-13,6.040500144663764e-15,1.007893491991428e-12,1.028641207807225e-21,1.608767636362390e-11,-1.510927764287377e-14,-6.336851034805190e-12,5.464674695993756e-08
1.335000000000000e+02,1.000000000000000e+00,-3.257092271236079e-10,-7.788091306892829e-15,3.016023086608378e-10,8.736868637133527e-11,-8.535623208360256e-14,-9.594134449391507e-11,-3.077354830238982e-14,5.245983385926439e-15,9.308437310614990e-13,9.868242234984492e-22,1.616320697870453e-11,-1.229129148269339e-14,-5.852422014120560e-12,5.086761167235161e-08
1.340000000000000e+02,1.000000000000000e+00,-3.039146933144662e-10,-2.695599256970560e-14,2.785459183151225e-10,8.684470741395349e-11,-6.839824298378247e-14,-8.860698058017027e-11,-3.480473518057502e-13,4.535190460142237e-15,8.596841417682558e-13,9.370971421067268e-22,1.606627087158717e-11,-9.849341324609854e-15,-5.405025815383533e-12,4.724063533875733e-08
1.345000000000000e+02,1.000000000000000e+00,-2.823524577600800e-10,-4.218153511097811e-14,2.572521044501180e-10,8.553325551617643e-11,-5.377287863450162e-14,-8.183330188824446e-11,-6.143560068093063e-13,3.901277279845747e-15,7.939644420927783e-13,8.809734782021473e-22,1.582365227049704e-11,-7.743289200944277e-15,-4.991831415177204e-12,4.377060928048257e-08
1.350000000000000e+02,1.000000000000000e+00,-2.612027388309309e-10,-5.401546267936051e-14,2.375861245582695e-10,8.356528899281506e-11,-4.122461177376201e-14,-7.557744608928923e-11,-8.346735182740088e-13,3.337724109295489e-15,7.332687724250411e-13,8.201566792736873e-22,1.545957846367410e-11,-5.936339157865441e-15,-4.610224211441872e-12,4.046137571017798e-08
1.355000000000000e+02,1.000000000000000e+00,-2.406146636842021e-10,-6.294741761548654e-14,2.194235367025451e-10,8.105870810532225e-11,-3.051995885392523e-14,-6.979982752229543e-11,-1.013687867372102e-12,2.838356213083298e-15,6.772130640970033e-13,7.563691124636295e-22,1.499586099948708e-11,-4.394869543048687e-15,-4.257789478856018e-12,3.731571830430272e-08
1.360000000000000e+02,1.000000000000000e+00,-2.207094355991540e-10,-6.941129997253888e-14,2.026494120755978e-10,7.811913424975536e-11,-2.144625835716561e-14,-6.446388670485422e-11,-1.155797085398859e-12,2.397356300990559e-15,6.254426090816875e-13,6.912360302069057e-22,1.445203983620654e-11,-3.088257081827238e-15,-3.932297088992738e-12,3.433531877512402e-08
1.365000000000000e+02,1.000000000000000e+00,-2.015833055961564e-10,-7.379031684690999e-14,1.871576077558915e-10,7.484069493293889e-11,-1.381041810875832e-14,-5.953585899290215e-11,-1.265108806437832e-12,2.009270156076059e-15,5.776298154798646e-13,6.262123178352672e-22,1.384552856259498e-11,-1.988696489244291e-15,-3.631687398564186e-12,3.152076258422756e-08
1.370000000000000e+02,1.000000000000000e+00,-1.833103480080586e-10,-7.642171694585886e-14,1.728500950589534e-10,7.130680584351498e-11,-7.437653106188749e-15,-5.498456092557966e-11,-1.345442782481960e-12,1.669006657505067e-15,5.334721345915253e-13,5.625418149218366e-22,1.319175908105115e-11,-1.071018716564715e-15,-3.354058216457950e-12,2.887158034464906e-08
1.375000000000000e+02,1.000000000000000e+00,-1.659450416769295e-10,-7.760121029615252e-14,1.596363392337102e-10,6.759094265489729e-11,-2.170231454074267e-15,-5.078119290324196e-11,-1.400335892462965e-12,1.371833251982896e-15,4.926901464551547e-13,5.012407881261688e-22,1.250432439115658e-11,-3.125103651777886e-16,-3.097652767095715e-12,2.638631422794788e-08
1.380000000000000e+02,1.000000000000000e+00,-1.495246601368189e-10,-7.758707695876320e-14,1.474327265787649e-10,6.375739640173792e-11,2.133757414673205e-15,-4.689915695001223e-11,-1.433049221915173e-12,1.113367786459819e-15,4.550257917404957e-13,4.430987110911495e-22,1.179511833432187e-11,3.072636901510328e-16,-2.860848573949008e-12,2.406260092486136e-08
1.385000000000000e+02,1.000000000000000e+00,-1.340714755446791e-10,-7.660397178243282e-14,1.361620353535317e-10,5.986200735719385e-11,5.601600996942709e-15,-4.331388840771909e-11,-1.446576832716764e-12,8.895674887023625e-16,4.202407388066379e-13,3.886908796406272e-22,1.107447136108105e-11,8.066328509317264e-16,-2.642147192869384e-12,2.189726449253378e-08
1.390000000000000e+02,1.000000000000000e+00,-1.195947822657843e-10,-7.484643471284546e-14,1.257529471362758e-10,5.595287331201175e-11,8.347119754871782e-15,-4.000270049621546e-11,-1.443655882468157e-12,6.967157701132205e-16,3.881148755925150e-13,3.383985673977283e-22,1.035128156272224e-11,1.201987264447924e-15,-2.440164730267881e-12,1.988641383417225e-08
1.395000000000000e+02,1.000000000000000e+00,-1.060927469340158e-10,-7.248211807175791e-14,1.161395955370373e-10,5.207102902528787e-11,1.047177439201889e-14,-3.694464075649088e-11,-1.426777790573019e-12,5.314074256269930e-16,3.584449167968554e-13,2.924334214515728e-22,9.633140369678233e-12,1.507937271842645e-15,-2.253623086144867e-12,1.802554066272914e-08
1.400000000000000e+02,1.000000000000000e+00,-9.355409251657950e-11,-6.965474361823386e-14,1.072611494097989e-10,4.825109438774304e-11,1.206571967355961e-14,-3.412035846818135e-11,-1.398200182999310e-12,3.905327174781651e-16,3.310431175340978e-13,2.508636259121661e-22,8.926452461732380e-12,1.737465158479587e-15,-2.081341866558144e-12,1.630961465322358e-08
1.405000000000000e+02,1.000000000000000e+00,-8.195962444067562e-11,-6.648680317859565e-14,9.906142792655267e-11,4.452188951844231e-11,1.320880164652445e-14,-3.151198220252428e-11,-1.359959380055729e-12,2.712607520660633e-16,3.057360853266139e-13,2.136400405251935e-22,8.236549560911705e-12,1.902068753857595e-15,-1.922230914353198e-12,1.473317313637318e-08
1.410000000000000e+02,1.000000000000000e+00,-7.128360720822901e-11,-6.308201725026529e-14,9.148854507754416e-11,4.090701561190895e-11,1.397149641617641e-14,-2.910300673594113e-11,-1.313883221382873e-12,1.710224910336601e-16,2.823636829157609e-13,1.806210697675475e-22,7.567797888203012e-12,2.011896615565829e-15,-1.775283410891741e-12,1.329040317527935e-08
1.415000000000000e+02,1.000000000000000e+00,-6.149500015417636e-11,-5.952756630649347e-14,8.449458134816847e-11,3.742540087117799e-11,1.441578971329914e-14,-2.687818860866158e-11,-1.261604049803858e-12,8.749367810594723e-17,2.607780149489994e-13,1.515954524696787e-22,6.923699161167772e-12,2.075874687094546e-15,-1.639569505127787e-12,1.197521424752452e-08
1.420000000000000e+02,1.000000000000000e+00,-5.255856111256140e-11,-5.589610960585310e-14,7.803528049496327e-11,3.409181130992100e-11,1.459599737256274e-14,-2.482344966750816e-11,-1.204571700794278e-12,1.857791133988506e-17,2.408424921310775e-13,1.263024996188543e-22,6.306985092335226e-12,2.101824446812191e-15,-1.514230429717514e-12,1.078130009023814e-08
1.425000000000000e+02,1.000000000000000e+00,-4.443582675977309e-11,-5.224760618740132e-14,7.206976950196576e-11,3.091732658952277e-11,1.455952755951387e-14,-2.292578798248097e-11,-1.144066367214997e-12,-3.760995457241130e-17,2.224309669174060e-13,1.044495639968847e-22,5.719705419061557e-12,2.096572668721086e-15,-1.398473066930928e-12,9.702188639534669e-09
1.430000000000000e+02,1.000000000000000e+00,-3.708597832114805e-11,-4.863095244871743e-14,6.656029994537816e-11,2.790978138078743e-11,1.434758615571403e-14,-2.117319557344302e-11,-1.081211229708877e-12,-8.275993016336294e-17,2.054269352805307e-13,8.572671369747583e-23,5.163309555445525e-12,2.066052997967788e-15,-1.291564929979675e-12,8.731279519111289e-09
1.435000000000000e+02,1.000000000000000e+00,-3.046660116987855e-11,-4.508545029338210e-14,6.147200912995654e-11,2.507417301039523e-11,1.399582715830749e-14,-1.955458242629847e-11,-1.016984761905657e-12,-1.183824248043357e-16,1.897227994986033e-13,6.981871484088828e-23,4.638722006922976e-12,2.015399608416479e-15,-1.192829528003911e-12,7.861869339392608e-09
1.440000000000000e+02,1.000000000000000e+00,-2.453434662839175e-11,-4.164211932589382e-14,5.677269948564672e-11,2.241303637461206e-11,1.353495028979173e-14,-1.805970631785558e-11,-9.522326364224559e-13,-1.458231081732030e-16,1.752191873009875e-13,5.641451791128641e-23,4.146411729303102e-12,1.949033258479846e-15,-1.101642085388941e-12,7.087166288992387e-09
1.445000000000000e+02,1.000000000000000e+00,-1.924550401348027e-11,-3.832486599030507e-14,5.243263482853773e-11,1.992678728204742e-11,1.299124826191070e-14,-1.667910800532145e-11,-8.876791727071610e-13,-1.662770398697609e-16,1.618243230626833e-13,4.521449654216112e-23,3.686455647178655e-12,1.870740097134569e-15,-1.017425588324398e-12,6.400297199895024e-09
1.450000000000000e+02,1.000000000000000e+00,-1.455649065765227e-11,-3.515152191504506e-14,4.842435219691879e-11,1.761403552812726e-11,1.238710630846544e-14,-1.540405137032210e-11,-8.239382811651989e-13,-1.808020278672054e-16,1.494534470686255e-13,3.593571530732138e-23,3.258596572703436e-12,1.783743596653950e-15,-9.396471335894712e-13,5.794312342875181e-09
1.455000000000000e+02,1.000000000000000e+00,-1.042426729948706e-11,-3.213476305821442e-14,4.472248807177919e-11,1.547186911074250e-11,1.174145670783027e-14,-1.422646813869282e-11,-7.615238698527569e-13,-1.903311935383854e-16,1.380282791731023e-13,2.831551086958306e-23,2.862295785487266e-12,1.690770003852875e-15,-8.678145564601135e-13,5.262195264756434e-09
1.460000000000000e+02,1.000000000000000e+00,-6.806685873236838e-12,-2.928292055991898e-14,4.130361788211379e-11,1.349611107328734e-11,1.107019106794949e-14,-1.313890682623775e-11,-7.008596904254509e-13,-1.956847351182655e-16,1.274765234604444e-13,2.211366424197046e-23,2.496780548558073e-12,1.594107709126111e-15,-8.014733164003783e-13,4.796886263515800e-09
1.465000000000000e+02,1.000000000000000e+00,-3.662776349544765e-12,-2.660069351324345e-14,3.814610777945928e-11,1.168155051174704e-11,1.038653315407624e-14,-1.213448558739885e-11,-6.422886091121064e-13,-1.975808930326795e-16,1.177314107725825e-13,1.711342541988525e-23,2.161086844673128e-12,1.495660933638682e-15,-7.402036208312260e-13,4.391327627771102e-09
1.470000000000000e+02,1.000000000000000e+00,-9.529788910954284e-13,-2.408977317331542e-14,3.522997774372336e-11,1.002214931006720e-11,9.701375010775842e-15,-1.120684866847125e-11,-5.860812963465051e-13,-1.966461298735038e-16,1.087312762087013e-13,1.312162882065868e-23,1.854097622362366e-12,1.396998130888410e-15,-6.836177687766597e-13,4.038535734990367e-09
1.475000000000000e+02,1.000000000000000e+00,1.360672805405091e-12,-2.174938744271637e-14,3.253677515407149e-11,8.511226175884181e-12,9.023579071923917e-15,-1.035012618981058e-11,-5.324443354395323e-13,-1.934245452319729e-16,1.004191689234908e-13,9.968111602098781e-24,1.574576842538516e-12,1.299395490538492e-15,-6.313576975783733e-13,3.731699483422551e-09
1.480000000000000e+02,1.000000000000000e+00,3.314411501739972e-12,-1.957677380772680e-14,3.004945802485534e-11,7.141619539695000e-12,8.360248871772518e-15,-9.558897002542999e-12,-4.815277564095395e-13,-1.883865513827224e-16,9.274249175489458e-14,7.504619138062376e-24,1.321199614843526e-12,1.203875920803126e-15,-5.830927171550632e-13,3.464297539398269e-09
1.485000000000000e+02,1.000000000000000e+00,4.942634654139310e-12,-1.756758825858512e-14,2.775228716772656e-11,5.905830857305356e-12,7.716970871944714e-15,-8.828154384743571e-12,-4.334320059045504e-13,-1.819368401793209e-16,8.565266840098927e-14,5.603354263511248e-24,1.092578708601448e-12,1.111243871526545e-15,-5.385174174693085e-13,3.230220782547530e-09
1.490000000000000e+02,1.000000000000000e+00,6.277836182435642e-12,-1.571625711190008e-14,2.563072659756125e-11,4.796149820280960e-12,7.098029807982356e-15,-8.153274360015936e-12,-3.882143681358279e-13,-1.744216746885400e-16,7.910483603997619e-14,4.155300464210351e-24,8.872877167519408e-13,1.022116344077677e-15,-4.973497359609315e-13,3.023883478782481e-09
1.495000000000000e+02,1.000000000000000e+00,7.350567432924340e-12,-1.401627806734665e-14,2.367135155198629e-11,3.804762934266280e-12,6.506599838653932e-15,-7.529986438000449e-12,-3.458948549827663e-13,-1.661355412416895e-16,7.305756144824626e-14,3.068424709954848e-24,7.038811428392304e-13,9.369504168424622e-16,-4.593291727179938e-13,2.840308282898198e-09
1.500000000000000e+02,1.000000000000000e+00,8.189423353959086e-12,-1.246047627567502e-14,2.186176354247558e-11,2.923846872333730e-12,5.944913654865588e-15,-6.954346591663062e-12,-3.064615860033692e-13,-1.573271988811349e-16,6.747257882017441e-14,2.265843557680795e-24,5.409116713817133e-13,8.560675968993654e-16,-4.242151420914192e-13,2.675175508914770e-09
1.505000000000000e+02,1.000000000000000e+00,8.821050247859698e-12,-1.104122067201022e-14,2.019051189947835e-11,2.145647951683736e-12,5.414411575408195e-15,-6.422712300371443e-12,-2.698756810667793e-13,-1.482051637723281e-16,6.231454763063299e-14,1.684016700950572e-24,3.969448710614684e-13,7.796752897997385e-16,-3.917854503226355e-13,2.524834127386797e-09
1.510000000000000e+02,1.000000000000000e+00,9.270171791937005e-12,-9.750605337938157e-15,1.864702131513468e-11,1.462549018538168e-12,4.915872526151140e-15,-5.931719500836357e-12,-2.360756897832822e-13,-1.389426661620579e-16,5.755082900802648e-14,1.271015366079658e-24,2.705715684295418e-13,7.078856605650150e-16,-3.618348895509994e-13,2.386278309500219e-09
1.515000000000000e+02,1.000000000000000e+00,9.559630334357971e-12,-8.580600197981160e-15,1.722152492508478e-11,8.671249592833632e-13,4.449528669485049e-15,-5.478261300069042e-12,-2.049815829067293e-13,-1.296821170014043e-16,5.315127920278596e-14,9.848987818575550e-25,1.604181174674059e-13,6.407321403202949e-16,-3.341739393041966e-13,2.257097480923480e-09
1.520000000000000e+02,1.000000000000000e+00,9.710440766505399e-12,-7.523174930366219e-15,1.590500250592835e-11,3.521879869852807e-13,4.015165323293721e-15,-5.059468315654953e-12,-1.764983314832032e-13,-1.205391205117637e-16,4.908805884444354e-14,7.922202246651832e-25,6.515477759226318e-14,5.781838146206890e-16,-3.086275672549399e-13,2.135409386252940e-09
1.525000000000000e+02,1.000000000000000e+00,9.741854552022230e-12,-6.570399577760096e-15,1.468912339726162e-11,-8.917621767283127e-14,3.612207684666916e-15,-4.672690518941429e-12,-1.505190997719858e-13,-1.116060678358534e-16,4.533545678029980e-14,6.666746551726047e-25,-1.649760026948532e-14,5.201579116608873e-16,-2.850341216554172e-13,2.019785109517414e-09
1.530000000000000e+02,1.000000000000000e+00,9.671431753697801e-12,-5.714524979904842e-15,1.356619378711531e-11,-4.635805023214551e-13,3.239795753854674e-15,-4.315480466247108e-12,-1.269280779198775e-13,-1.029553455528029e-16,4.186972738098143e-14,5.878924777932675e-25,-8.576239292947886e-14,4.665305913200332e-16,-2.632443084410655e-13,1.909173229020880e-09
1.535000000000000e+02,1.000000000000000e+00,9.515119142780140e-12,-4.948045815656995e-15,1.252910802722752e-11,-7.773154368650306e-13,2.896848739290323e-15,-3.985577811983869e-12,-1.056029800725804e-13,-9.464219130690741e-17,3.866894028339179e-14,5.403782184897336e-25,-1.438033558200387e-13,4.171462194809871e-16,-2.431202465310095e-13,1.802828121664685e-09
1.540000000000000e+02,1.000000000000000e+00,9.287332701383289e-12,-4.263748735489510e-15,1.157130367008539e-11,-1.036334835402993e-12,2.582120115361627e-15,-3.680895005693800e-12,-8.641723309795307e-14,-8.670722715386544e-17,3.571284162026168e-14,5.125886802824582e-25,-1.917219445495603e-13,3.718252963457835e-16,-2.245345953473165e-13,1.700245419236301e-09
1.545000000000000e+02,1.000000000000000e+00,9.001043037743126e-12,-3.654747785631706e-15,1.068671994322012e-11,-1.246246803194781e-12,2.294244401315647e-15,-3.399504082495228e-12,-6.924188041220318e-14,-7.917869950883152e-17,3.298272585819172e-14,4.961421594254054e-25,-2.305556585910400e-13,3.303711925947737e-16,-2.073697490322046e-13,1.601106020331281e-09
1.550000000000000e+02,1.000000000000000e+00,8.667862426619837e-12,-3.114509070209210e-15,9.869759397989755e-12,-1.412309570856891e-12,2.031776632435287e-15,-3.139624463350713e-12,-5.394722457450392e-14,-7.207445282276986e-17,3.046131743320668e-14,4.851483661998078e-25,-2.612772706085294e-13,2.925758332332813e-16,-1.915170922643900e-13,1.505228934917207e-09
1.555000000000000e+02,1.000000000000000e+00,8.298132363705842e-12,-2.636866366479366e-15,9.115252490171911e-12,-1.539431440695532e-12,1.793225403505003e-15,-2.899611687959808e-12,-4.040423137756159e-14,-6.540366234663032e-17,2.813266143483792e-14,4.756475910820772e-25,-2.847948165286771e-13,2.582244558482532e-16,-1.768763129655455e-13,1.412532529745603e-09
1.560000000000000e+02,1.000000000000000e+00,7.901010684107141e-12,-2.216029199005472e-15,8.418424868240291e-12,-1.632174230136884e-12,1.577080279578595e-15,-2.677947008980845e-12,-2.848571713750124e-14,-5.916834959062814e-17,2.598202264700603e-14,4.651472110267283e-25,-3.019522325753266e-13,2.270995577567288e-16,-1.633547675478293e-13,1.323003355077952e-09
1.565000000000000e+02,1.000000000000000e+00,7.484557441514245e-12,-1.846584689856112e-15,7.774867162332437e-12,-1.694759654417283e-12,1.381834290087682e-15,-2.473227781736289e-12,-1.806733979919096e-14,-5.336470236756313e-17,2.399579230685833e-14,4.522436865995490e-25,-3.135305360671999e-13,1.989841351556535e-16,-1.508668946859118e-13,1.236671568245193e-09
1.570000000000000e+02,1.000000000000000e+00,7.055818877299660e-12,-1.523494332163106e-15,7.180507082740150e-12,-1.731078144895320e-12,1.206002149240333e-15,-2.284158588589888e-12,-9.028413343075383e-15,-4.798421963981026e-17,2.216140199155087e-14,4.363186264789637e-25,-3.202494568056362e-13,1.736643068577272e-16,-1.393336739039817e-13,1.153591945936581e-09
1.575000000000000e+02,1.000000000000000e+00,6.620908928234868e-12,-1.242086682175016e-15,6.631583651367963e-12,-1.744699650455728e-12,1.048134778263921e-15,-2.109543041832635e-12,-1.252563824414191e-15,-4.301469978103498e-17,2.046724408807068e-14,4.172981808840174e-25,-3.227694353343114e-13,1.509314054930448e-16,-1.286821255517896e-13,1.073829534713885e-09
1.580000000000000e+02,1.000000000000000e+00,6.185087828590539e-12,-9.980468289070552e-16,6.124623403102124e-12,-1.738886017444183e-12,9.068306431177434e-16,-1.948276213208021e-12,5.371755789202374e-15,-3.844108932455172e-17,1.890259834284727e-14,3.954658792024699e-25,-3.216939132271753e-13,1.305836101385786e-16,-1.188448490056883e-13,9.974490873051045e-10
1.585000000000000e+02,1.000000000000000e+00,5.752837457855639e-12,-7.874033792770058e-16,5.656418406497589e-12,-1.716604588394337e-12,7.807443645867960e-16,-1.799337642172333e-12,1.095087597796998e-14,-3.424620780677566e-17,1.745756402637858e-14,3.713199768227902e-25,-3.175718488529534e-13,1.124271861707183e-16,-1.097595961725115e-13,9.245075450219193e-10
1.590000000000000e+02,1.000000000000000e+00,5.327933169968857e-12,-6.065135889602566e-16,5.224005964702941e-12,-1.680542701507801e-12,6.685930058978222e-16,-1.661784878647803e-12,1.558563137096634e-14,-3.041136293050522e-17,1.612299728362113e-14,3.454673650359020e-25,-3.109003997789440e-13,9.627739068116851e-17,-1.013688775975153e-13,8.550489391054931e-10
1.595000000000000e+02,1.000000000000000e+00,4.913511914573668e-12,-4.520471738944653e-16,4.824649868175119e-12,-1.633122811475984e-12,5.691603958910352e-16,-1.534747519408592e-12,1.937117805538036e-14,-2.691686897115067e-17,1.489045327371363e-14,3.185470826041243e-25,-3.021277201230577e-13,8.195909501299017e-17,-9.361959868392360e-14,7.891011879412772e-10
1.600000000000000e+02,1.000000000000000e+00,4.512136526145710e-12,-3.209692532856451e-16,4.455823080555352e-12,-1.576517987864321e-12,4.812998030487147e-16,-1.417421700363202e-12,2.239689485352790e-14,-2.374248013035256e-17,1.375213273290651e-14,2.911774164774382e-25,-2.916558277549000e-13,6.930716982014460e-17,-8.646272372215490e-14,7.266743593161153e-10
1.605000000000000e+02,1.000000000000000e+00,4.125856113635556e-12,-2.105228010549168e-16,4.115191748146380e-12,-1.512667580007834e-12,4.039352370375290e-16,-1.309065009881693e-12,2.474635698230117e-14,-2.086774940537307e-17,1.270083262255948e-14,2.639214700543547e-25,-2.798435023014498e-13,5.816667248910852e-17,-7.985296560278290e-14,6.677600462403827e-10
1.610000000000000e+02,1.000000000000000e+00,3.756262532234015e-12,-1.182109179324247e-16,3.800600431806507e-12,-1.443292867300356e-12,3.360616195800992e-16,-1.208991790980374e-12,2.649737152227711e-14,-1.827232248788715e-17,1.172990054991835e-14,2.372668960505683e-25,-2.670091804505662e-13,4.839287174398131e-17,-7.374849924980254e-14,6.123315717636011e-10
1.615000000000000e+02,1.000000000000000e+00,3.404542960684841e-12,-4.177917993625306e-17,3.510058467811158e-12,-1.369912541018083e-12,2.767440351540765e-16,-1.116568802637259e-12,2.772206509012755e-14,-1.593617523026454e-17,1.083319267325702e-14,2.116162294190508e-25,-2.534338200883457e-13,3.985113974682354e-17,-6.811069696087256e-14,5.603447938031492e-10
1.620000000000000e+02,1.000000000000000e+00,3.071528642893819e-12,2.080173007739636e-17,3.241727371376584e-12,-1.293857888530123e-12,2.251162439533247e-16,-1.031211212784025e-12,2.848701502550625e-14,-1.383980231843783e-17,1.000503482501617e-14,1.872849106959236e-25,-2.393637093780729e-13,3.241673796379714e-17,-6.290388397982531e-14,5.117393266716474e-10
1.625000000000000e+02,1.000000000000000e+00,2.757739882033809e-12,7.135294352160745e-17,2.993909203137955e-12,-1.216287573049036e-12,1.803786144752356e-16,-9.523788976190543e-13,2.885341627040119e-14,-1.196436396485986e-17,9.240186606935979e-15,1.645046621465416e-25,-2.250132010140717e-13,2.597451945751815e-17,-5.809511275476213e-14,4.664400331423087e-10
1.630000000000000e+02,1.000000000000000e+00,2.463427399507602e-12,1.115037520681267e-16,2.765035824967551e-12,-1.138201922101847e-12,1.417956107718057e-16,-8.795730238244128e-13,2.887727693398919e-14,-1.029179667939837e-17,8.533808229983939e-15,1.434303713585014e-25,-2.105673555888418e-13,2.041856705103271e-17,-5.365395445328903e-14,4.243586708536421e-10
1.635000000000000e+02,1.000000000000000e+00,2.188610190555631e-12,1.427072819753081e-16,2.553658977146240e-12,-1.060456655796986e-12,1.086929495834252e-16,-8.123328920598106e-13,2.860963629892906e-14,-8.804893486610441e-18,7.881429889248796e-15,1.241490545312799e-25,-1.961844813224425e-13,1.565178395493807e-17,-4.955230641564832e-14,3.853956008122927e-10
1.640000000000000e+02,1.000000000000000e+00,1.933110023498637e-12,1.662554267788021e-16,2.358441114098806e-12,-9.837760018661354e-13,8.045452503990271e-17,-7.502330217598707e-13,2.809679973598993e-14,-7.487358330854996e-18,7.278923480011347e-15,1.066898208886028e-25,-1.819985603452351e-13,1.158545092421474e-17,-4.576421432735200e-14,3.494414847645536e-10
1.645000000000000e+02,1.000000000000000e+00,1.696582741067160e-12,1.832929908166652e-16,2.178146940703699e-12,-9.087651585113269e-13,5.651918315312357e-17,-6.928804587879536e-13,2.738058565360506e-14,-6.323838842254058e-18,6.722476476018043e-15,9.103404728267017e-26,-1.681215543245955e-13,8.138761785077437e-18,-4.226570798606508e-14,3.163789132427602e-10
1.650000000000000e+02,1.000000000000000e+00,1.478546530435697e-12,1.948310148817011e-16,2.011635595620863e-12,-8.359220784241888e-13,3.637741474338069e-17,-6.399122889099740e-13,2.649858021848016e-14,-5.299941122710059e-18,6.208567804664634e-15,7.712520529969178e-26,-1.546455845084749e-13,5.238347216294785e-18,-3.903464962350834e-14,2.860839180957911e-10
1.655000000000000e+02,1.000000000000000e+00,1.278407333861683e-12,2.017592709349182e-16,1.857853432175485e-12,-7.656485580995819e-13,1.956802355380837e-17,-5.909933413540243e-13,2.548439614418799e-14,-4.402229748187194e-18,5.733945566433692e-15,6.487796907117269e-26,-1.416449832484227e-13,2.817794957611856e-18,-3.605059382259542e-14,2.584273332834394e-10
1.660000000000000e+02,1.000000000000000e+00,1.095481574606990e-12,2.048579256771681e-16,1.715827351116710e-12,-6.982606258694607e-13,5.674815944621715e-18,-5.458140679244431e-13,2.436793235845581e-14,-3.618215767511993e-18,5.295606457599215e-15,5.418637730468164e-26,-1.291782157858502e-13,8.171731256778643e-19,-3.329465814339097e-14,2.332759768015601e-10
1.665000000000000e+02,1.000000000000000e+00,9.290163734397648e-13,2.048083832226502e-16,1.584658643062486e-12,-6.339982300592654e-13,-5.676650435975387e-18,-5.040885842498326e-13,2.317563182851969e-14,-2.936335105403881e-18,4.890776765990181e-15,4.493093407977669e-26,-1.172896725609641e-13,-8.174379773752435e-19,-3.074940363923974e-14,2.104936361820510e-10
1.670000000000000e+02,1.000000000000000e+00,7.782074297938086e-13,2.022033254716830e-16,1.463517301666928e-12,-5.730342354375583e-13,-1.482222937891232e-17,-4.655528607704858e-13,2.193073524955255e-14,-2.345919444812188e-18,4.516894819558301e-15,3.698461547002598e-26,-1.060113335559483e-13,-2.134401296662019e-18,-2.839872450699959e-14,1.899418516815561e-10
1.675000000000000e+02,1.000000000000000e+00,6.422147388891439e-13,1.975559753299267e-16,1.351636771525176e-12,-5.154827418033519e-13,-2.206223729511604e-17,-4.299630520181838e-13,2.065352868597481e-14,-1.837161367571865e-18,4.171594776688213e-15,3.021780821260144e-26,-9.536430723362011e-14,-3.176962394604828e-18,-2.622774617310918e-14,1.714805067072116e-10
1.680000000000000e+02,1.000000000000000e+00,5.201763120510372e-13,1.913086129243286e-16,1.248309097581669e-12,-4.614067432419374e-13,-2.766437561771986e-17,-3.970939536164297e-13,1.936158360169965e-14,-1.401075269726065e-18,3.852691655679076e-15,2.450224699965869e-26,-8.536024749975842e-14,-3.983670276863425e-18,-2.422273117060218e-14,1.549682555162216e-10
1.685000000000000e+02,1.000000000000000e+00,4.112200623395526e-13,1.838403786506752e-16,1.152880445348357e-12,-4.108251503800850e-13,-3.186651204671366e-17,-3.667375772373543e-13,1.806998802537226e-14,-1.029455335607983e-18,3.558167508667547e-15,1.971404245222667e-26,-7.600265282031572e-14,-4.588777891571910e-18,-2.237099221147859e-14,1.402628438235300e-10
1.690000000000000e+02,1.000000000000000e+00,3.144740116274015e-13,1.754743994555962e-16,1.064746963585811e-12,-3.637192009800297e-13,-3.487931235288190e-17,-3.387018344979393e-13,1.679156787276335e-14,-7.148316501166256e-19,3.286158652503390e-15,1.573590582215049e-26,-6.728805218130549e-14,-5.022621109109914e-18,-2.066081190437428e-14,1.272214062722213e-10
1.695000000000000e+02,1.000000000000000e+00,2.290749686270392e-13,1.664842763849985e-16,9.833509632671819e-13,-3.200382865171772e-13,-3.688871788709547e-17,-3.128093214675487e-13,1.553709769299801e-14,-4.504253489342485e-19,3.034943875778014e-15,1.245868177909282e-26,-5.920708300567777e-14,-5.311975483442304e-18,-1.908136860952046e-14,1.157008497799229e-10
1.700000000000000e+02,1.000000000000000e+00,1.541758202340105e-13,1.570999722773928e-16,9.081773886463524e-13,-2.797052240712195e-13,-3.805826678611676e-17,-2.888961960953994e-13,1.431550032052900e-14,-2.301035492712783e-19,2.802933547382328e-15,9.782299618375646e-27,-5.174546645317559e-14,-5.480390505754960e-18,-1.762266796181935e-14,1.055584437989449e-10
1.705000000000000e+02,1.000000000000000e+00,8.895157106802005e-14,1.475131386809849e-16,8.387505580999862e-13,-2.426210040004604e-13,-3.853125920126880e-17,-2.668111414545869e-13,1.313403510293930e-14,-4.833466681963030e-20,2.588659557675437e-15,7.616247776979217e-27,-4.488488574008517e-14,-5.548501397381693e-18,-1.627547962872979e-14,9.665272596915237e-11
1.710000000000000e+02,1.000000000000000e+00,3.260425838336021e-14,1.378819207467353e-16,7.746311541202491e-13,-2.086690445347756e-13,-3.843276876826002e-17,-2.464144082423010e-13,1.199847453795277e-14,9.985539414783679e-20,2.390766028614076e-15,5.879668192929093e-27,-3.860377323893348e-14,-5.534318761456646e-18,-1.503127890278035e-14,8.884478606931172e-11
1.715000000000000e+02,1.000000000000000e+00,-1.563313830338667e-14,1.283352780990588e-16,7.154134434115485e-13,-1.777189846781821e-13,-3.787150404481047e-17,-2.275769304773894e-13,1.091326929354511e-14,2.189257931036875e-19,2.208000734058588e-15,4.501156981615693e-27,-3.287801216546368e-14,-5.453496629929495e-18,-1.388219275912074e-14,8.199991383314736e-11
1.720000000000000e+02,1.000000000000000e+00,-5.649368136296980e-14,1.189768586005572e-16,6.607227095006787e-13,-1.496300467162821e-13,-3.694152482074494e-17,-2.101795087995980e-13,9.881701704784444e-15,3.128617516357812e-19,2.039207175965021e-15,3.418347045222821e-27,-2.768155864251219e-14,-5.319579612215545e-18,-1.282095003677547e-14,7.598950249025086e-11
1.725000000000000e+02,1.000000000000000e+00,-9.067424925533443e-14,1.098884605836898e-16,6.102128816145074e-13,-1.242539992304351e-13,-3.572381910027344e-17,-1.941120562025916e-13,8.906027941911455e-15,3.852137766773687e-19,1.883317266323379e-15,2.577337258003331e-27,-2.298698985763049e-14,-5.144229980640608e-18,-1.184083542835808e-14,7.069301714781833e-11
1.730000000000000e+02,1.000000000000000e+00,-1.188340047084998e-13,1.011331175859791e-16,5.635643448212646e-13,-1.014377508778682e-13,-3.428774721027620e-17,-1.792729014279158e-13,7.987609128008086e-15,4.391349512409064e-19,1.739344568534713e-15,1.932022267373800e-27,-1.876598391240560e-14,-4.937435622030504e-18,-1.093564698710286e-14,6.599979422831002e-11
1.735000000000000e+02,1.000000000000000e+00,-1.415934682618617e-13,9.275783795172172e-17,5.204819175785006e-13,-8.102560434879253e-14,-3.269235993867468e-17,-1.655681456119370e-13,7.127031753117340e-15,4.774161890929330e-19,1.606378055460212e-15,1.443367049422918e-27,-1.498973680452661e-14,-4.707699849633018e-18,-1.009965688232816e-14,6.181045169889997e-11
1.740000000000000e+02,1.000000000000000e+00,-1.595341157903780e-13,8.479602989901211e-17,4.806929838900827e-13,-6.286119889715715e-14,-3.098759788609444e-17,-1.529110681147652e-13,6.324217786475477e-15,5.025193947814722e-19,1.483576344644589e-15,1.078661364300484e-27,-1.162932179597407e-14,-4.462214109753998e-18,-9.327575155000674e-15,5.803775538107942e-11
1.745000000000000e+02,1.000000000000000e+00,-1.731984255844346e-13,7.726964083530584e-17,4.439457682529405e-13,-4.678916869595847e-14,-2.921537935070224e-17,-1.412215777713741e-13,5.578524931108463e-15,5.166085076772412e-19,1.370162374235399e-15,8.107812827374150e-28,-8.655996208752315e-15,-4.207014637170750e-18,-8.614516244053819e-15,5.460688130879785e-11
1.750000000000000e+02,1.000000000000000e+00,-1.830903072189708e-13,7.019103787016086e-17,4.100077424778068e-13,-3.265654302210898e-14,-2.741058408540369e-17,-1.304257060925631e-13,4.888837496830073e-15,5.215784392016477e-19,1.265418485908876e-15,6.174780374929941e-28,-6.041460459090158e-15,-3.947124116165544e-18,-7.955968071646348e-15,5.145510816966037e-11
1.755000000000000e+02,1.000000000000000e+00,-1.896758507831060e-13,6.356465464674368e-17,3.786641543026672e-13,-2.031391295716768e-14,-2.560194019035273e-17,-1.204551392088453e-13,4.253648389959757e-15,5.190819370732646e-19,1.168681883688041e-15,4.807085773445556e-28,-3.758073897076018e-15,-3.686679393044275e-18,-7.347763491739560e-15,4.853104375335176e-11
1.760000000000000e+02,1.000000000000000e+00,-1.933843410429454e-13,5.738842781564157e-17,3.497166684883164e-13,-9.616387922801649e-15,-2.381282125087206e-17,-1.112467855955095e-13,3.671132732055225e-15,5.105544300020583e-19,1.079340439917509e-15,3.860173134333645e-28,-1.779031765718303e-15,-3.429046263994523e-18,-6.786053921326080e-15,4.579352478191464e-11
1.765000000000000e+02,1.000000000000000e+00,-1.946094867659325e-13,5.165504472253487e-17,3.229821117971755e-13,-4.243639746040380e-16,-2.206196061773614e-17,-1.027423768435152e-13,3.139213626731162e-15,4.972369215036106e-19,9.968288218561008e-16,3.219745708703637e-28,-7.850733530174561e-17,-3.176922331444064e-18,-6.267284987454423e-15,4.321033294330925e-11
1.770000000000000e+02,1.000000000000000e+00,-1.937108207404348e-13,4.635302218864667e-17,2.982913139138758e-13,7.395875627080288e-15,-2.036408946733552e-17,-9.488809894998869e-14,2.655620594222140e-15,4.801970130217845e-19,9.206249143773082e-16,2.796741004965185e-28,1.368236991009854e-15,-2.932428884722512e-18,-5.788174035949309e-15,4.075685120738637e-11
1.775000000000000e+02,1.000000000000000e+00,-1.910152309787400e-13,4.146763463962109e-17,2.754880369732119e-13,1.397170844991342e-14,-1.873050498547639e-17,-8.763425179520889e-14,2.217941188665034e-15,4.603481448946458e-19,8.502465161411431e-16,2.522895678582938e-28,2.584766063233984e-15,-2.697192718526671e-18,-5.345689359507741e-15,3.841475493069192e-11
1.780000000000000e+02,1.000000000000000e+00,-1.868185881984283e-13,3.698170829188113e-17,2.544279869217587e-13,1.942385178691525e-14,-1.716957470060701e-17,-8.093493465132790e-14,1.823666303959938e-15,4.384671493663225e-19,7.852482883315357e-16,2.346881191463428e-28,3.593412580579322e-15,-2.472418756903538e-18,-4.937031013731001e-15,3.617080097352833e-11
1.785000000000000e+02,1.000000000000000e+00,-1.813874389422808e-13,3.287629664052426e-17,2.349779004572644e-13,2.386615603005865e-14,-1.568718265863636e-17,-7.474775573279718e-14,1.470229661272974e-15,4.152102132697934e-19,7.252189366515992e-16,2.230978306622840e-28,4.415238865560851e-15,-2.258954302422782e-18,-4.559613099700627e-15,3.401575063051813e-11
1.790000000000000e+02,1.000000000000000e+00,-1.749607376290990e-13,2.913125111243145e-17,2.170147017681809e-13,2.740549744362362e-14,-1.428712278934335e-17,-6.903356395059798e-14,1.155041955448167e-15,3.911273495616978e-19,6.697786087449845e-16,2.148249890615275e-28,5.070017027070370e-15,-2.057345680938442e-18,-4.211047400986476e-15,3.194344099446875e-11
1.795000000000000e+02,1.000000000000000e+00,-1.677515944376827e-13,2.572569945386633e-17,2.004247237373616e-13,3.014175652662991e-14,-1.297144446955914e-17,-6.375620117287720e-14,8.755201194051283e-16,3.666754769116873e-19,6.185764905748462e-16,2.080166418507264e-28,5.576224957426533e-15,-1.867888002686105e-18,-3.889128271545509e-15,2.995000464971116e-11
1.800000000000000e+02,1.000000000000000e+00,-1.599490192259977e-13,2.263844321346655e-17,1.851029886818826e-13,3.216786936768999e-14,-1.174075494565561e-17,-5.888227342434892e-14,6.291121455545642e-16,3.422302053238718e-19,5.712885865508131e-16,2.014636280135181e-28,5.951055833022650e-15,-1.690668711120307e-18,-3.591818678885284e-15,2.803322840655281e-11
1.805000000000000e+02,1.000000000000000e+00,-1.517196446907935e-13,1.984828455813035e-17,1.709525440776652e-13,3.356994055350954e-14,-1.059448294127454e-17,-5.438093957666272e-14,4.133178818421241e-16,3.180964235463872e-19,5.276156693571191e-16,1.944392831142108e-28,6.210439002399265e-15,-1.525605542426734e-18,-3.317237314176425e-15,2.619203683072483e-11
1.810000000000000e+02,1.000000000000000e+00,-1.432094146940306e-13,1.733429161897056e-17,1.578838490655149e-13,3.442740729087036e-14,-9.531107448761814e-18,-5.022371619261814e-14,2.257061976522685e-16,2.945177810221799e-19,4.872813865088504e-16,1.865691569019839e-28,6.369070348811017e-15,-1.372479471488041e-18,-3.063646687749707e-15,2.442608431211455e-11
1.815000000000000e+02,1.000000000000000e+00,-1.345452261365752e-13,1.507601060464638e-17,1.458142078565242e-13,3.481324543917991e-14,-8.548355386811944e-18,-4.638429728932334e-14,6.392889183440890e-17,2.716851535343745e-19,4.500305116550135e-16,1.777273381953911e-28,6.440450406248283e-15,-1.230963174584077e-18,-2.829442134648723e-15,2.273543930027647e-11
1.820000000000000e+02,1.000000000000000e+00,-1.258365149621928e-13,1.305363203688184e-17,1.346672464515539e-13,3.479420912540561e-14,-7.643371504174287e-18,-4.283838787979923e-14,-7.426830812925248e-17,2.497441776603478e-19,4.156273295630911e-16,1.679553136798726e-28,6.436928688200038e-15,-1.100645495525068e-18,-2.613141660667753e-15,2.112034532351773e-11
1.825000000000000e+02,1.000000000000000e+00,-1.171767788416282e-13,1.124811765433893e-17,1.243724293635912e-13,3.443109652507049e-14,-6.812863621209785e-18,-3.956355023971734e-14,-1.910373300381786e-16,2.288019348031642e-19,3.838541445655812e-16,1.573996635552741e-28,6.369752857138040e-15,-9.810523604353490e-19,-2.413376564622758e-15,1.958104496021134e-11
1.830000000000000e+02,1.000000000000000e+00,-1.086450308331819e-13,9.641293792470690e-18,1.148646132849106e-13,3.377903524228914e-14,-6.053226028480090e-18,-3.653906192648198e-14,-2.884216212064379e-16,2.089328610292743e-19,3.545099030303491e-16,1.462652935811761e-28,6.249121519823491e-15,-8.716645471498413e-19,-2.228882777515401e-15,1.811765469397322e-11
1.835000000000000e+02,1.000000000000000e+00,-1.003071798582193e-13,8.215916374600261e-18,1.060836348747437e-13,3.288778150946639e-14,-5.360643604906710e-18,-3.374578465223255e-14,-3.683520128364744e-16,1.901839543007984e-19,3.274089211380535e-16,1.347813014806029e-28,6.084239579251282e-15,-7.719326782286529e-19,-2.058492863786185e-15,1.673008034642128e-11
1.840000000000000e+02,1.000000000000000e+00,-9.221733518273621e-14,6.955712039233990e-18,9.797393005906980e-14,3.180202815464150e-14,-4.731178977567898e-18,-3.116604318102417e-14,-4.326443263547103e-16,1.725793460263300e-19,3.023797099163331e-16,1.231769621765230e-28,5.883375208608677e-15,-6.812897719675765e-19,-1.901128634042474e-15,1.541796442533297e-11
1.845000000000000e+02,1.000000000000000e+00,-8.441903327430336e-14,5.845399376474704e-18,9.048418243354141e-14,3.056171695331117e-14,-4.160844820875532e-18,-2.878351348387457e-14,-4.829984848098165e-16,1.561242992289366e-19,2.792638900958117e-16,1.116656812649627e-28,5.653917636362567e-15,-5.991616534793412e-19,-1.755794322516349e-15,1.418065819629787e-11
1.850000000000000e+02,1.000000000000000e+00,-7.694638642179836e-14,4.870693748345253e-18,8.356699854471609e-14,2.920235159399278e-14,-3.645663184465902e-18,-2.658311944394745e-14,-5.209989128907928e-16,1.408086910944301e-19,2.579151899213894e-16,1.004351030800363e-28,5.402435044888664e-15,-5.249754979097073e-19,-1.621570286080794e-15,1.301721256401601e-11
1.855000000000000e+02,1.000000000000000e+00,-6.982515337712453e-14,4.018298719926792e-18,7.717860799484778e-14,2.775530804513735e-14,-3.181713546263785e-18,-2.455093745824571e-14,-5.481160286742487e-16,1.266100332569984e-19,2.381985195771783e-16,8.964186492922094e-29,5.134731988350411e-15,-4.581667500785434e-19,-1.497607184952988e-15,1.192638293826340e-11
1.860000000000000e+02,1.000000000000000e+00,-6.307373301681679e-14,3.275886726639480e-18,7.127858647256648e-14,2.624813961779641e-14,-2.765171109332418e-18,-2.267410833215545e-14,-5.657086487987160e-16,1.134960789337134e-19,2.199891163682631e-16,7.940976089367148e-29,4.855905829292336e-15,-3.981846392261012e-19,-1.383120608261482e-15,1.090664417349866e-11
1.865000000000000e+02,1.000000000000000e+00,-5.670408263960632e-14,2.632071244061271e-18,6.582959995684690e-14,2.470487447635305e-14,-2.392336697704015e-18,-2.094075590932883e-14,-5.750271463474818e-16,1.014270619572605e-19,2.031717552501793e-16,6.983031690026888e-29,4.570401778125314e-15,-3.444964840125087e-19,-1.277386110469059e-15,9.956212429372275e-12
1.870000000000000e+02,1.000000000000000e+00,-5.072256302553372e-14,2.076372406868209e-18,6.079716847564561e-14,2.314630376139862e-14,-2.059659456729283e-18,-1.933991192201401e-14,-5.772172172753774e-16,9.035760889386566e-20,1.876400197105106e-16,6.096498464443316e-29,4.282066195858744e-15,-2.965909613680201e-19,-1.179734627242855e-15,9.073071422707476e-12
1.875000000000000e+02,1.000000000000000e+00,-4.513071279425331e-14,1.599177739435233e-18,5.614944792432369e-14,2.159025885727099e-14,-1.763753426876056e-18,-1.786144658630174e-14,-5.733241267282065e-16,8.023836178159961e-20,1.732956283889254e-16,5.284833725668352e-29,3.994197888595133e-15,-2.539804931199522e-19,-1.089548241764406e-15,8.255001050164634e-12
1.880000000000000e+02,1.000000000000000e+00,-3.992595492523647e-14,1.191699409190449e-18,5.185702856325097e-14,2.005187666468481e-14,-1.501408935603510e-18,-1.649600450311085e-14,-5.642973210773050e-16,7.101734558916341e-20,1.600478131746351e-16,4.549179677584254e-29,3.709597182966690e-15,-2.162028864225195e-19,-1.006256274689762e-15,7.499606774071419e-12
1.885000000000000e+02,1.000000000000000e+00,-3.510223855044532e-14,8.459291919863468e-19,4.789274891952942e-14,1.854385202907259e-14,-1.269599639182246e-18,-1.523494545930818e-14,-5.509953049372300e-16,6.264111127915322e-20,1.478127448460198e-16,3.888754523911539e-29,3.430612625378429e-15,-1.828223477788837e-19,-9.293316730177988e-16,6.804348500169591e-12
1.890000000000000e+02,1.000000000000000e+00,-3.065061930978961e-14,5.545921437468195e-19,4.423152391524711e-14,1.707667673047254e-14,-1.065485944362004e-18,-1.407028975436593e-14,-5.341906948717188e-16,5.505568236177116e-20,1.365130026180022e-16,3.301237037630737e-29,3.159185195137420e-15,-1.534299757612716e-19,-8.582876750163219e-16,6.166567953334835e-12
1.895000000000000e+02,1.000000000000000e+00,-2.655978167970967e-14,3.110998018662979e-19,4.085018613469680e-14,1.565886466373607e-14,-8.864154478562806e-19,-1.299466770659545e-14,-5.145753729488096e-16,4.820733004151607e-20,1.260770842405780e-16,2.783127635166139e-29,2.896889962791173e-15,-1.276438242967340e-19,-7.926747301023223e-16,5.583513794240837e-12
1.900000000000000e+02,1.000000000000000e+00,-2.281650675328446e-14,1.095035908603007e-19,3.772733922613374e-14,1.429716303109228e-14,-7.299209489803823e-19,-1.200127301944424e-14,-4.927656738129852e-16,4.204319948505812e-20,1.164389535485143e-16,2.330075248125225e-29,2.644975160752071e-15,-1.051086164870062e-19,-7.320776541860986e-16,5.052363936404492e-12
1.905000000000000e+02,1.000000000000000e+00,-1.940608897345127e-14,-5.555102263995381e-20,3.484322251043116e-14,1.299674953521551e-14,-5.937165167324707e-19,-1.108381971276861e-14,-4.693075485377103e-16,3.651180736618750e-20,1.075376225992177e-16,1.937164094735129e-29,2.404398664014869e-15,-8.549517826816319e-20,-6.761130024788850e-16,4.570244740716663e-12
1.910000000000000e+02,1.000000000000000e+00,-1.631270530572555e-14,-1.888691923524497e-19,3.217958593990757e-14,1.176141570230249e-14,-4.756920264584134e-19,-1.023650234655249e-14,-4.446816572465405e-16,3.156342866514400e-20,9.931676575462799e-17,1.599158060248610e-29,2.175861904925961e-15,-6.849965169034704e-20,-6.244266431397017e-16,4.134247005842259e-12
1.915000000000000e+02,1.000000000000000e+00,-1.351974028912443e-14,-2.947498353499161e-19,2.971957461609318e-14,1.059373658357377e-14,-3.739065223339146e-19,-9.453959285377104e-15,-4.193083503884349e-16,2.715038870563354e-20,9.172436326513517e-17,1.310703013743666e-29,1.959841267961146e-15,-5.384253911518584e-20,-5.766915164080033e-16,3.741438957592263e-12
1.920000000000000e+02,1.000000000000000e+00,-1.101007032916492e-14,-3.770270010776481e-19,2.744762213568952e-14,9.495227182245275e-15,-2.865807096071992e-19,-8.731238771187209e-15,-3.935525056680777e-16,2.322727459367432e-20,8.471237210020028e-17,1.066489206546406e-29,1.756617028715376e-15,-4.126762209873482e-20,-5.326055650424197e-16,3.388876778874819e-12
1.925000000000000e+02,1.000000000000000e+00,-8.766310499635305e-15,-4.391092819385725e-19,2.534935208983919e-14,8.466486033421802e-15,-2.120888342829368e-19,-8.063767589669905e-15,-3.677281940111431e-16,1.975107856799337e-20,7.823642194276726e-17,8.613770791571805e-30,1.566299916183033e-15,-3.054079206595765e-20,-4.918898229698642e-16,3.073613604101297e-12
1.930000000000000e+02,1.000000000000000e+00,-6.771027004643063e-15,-4.840171402135501e-19,2.341148709341528e-14,7.507326428471662e-15,-1.489501671388328e-19,-7.447322131973867e-15,-3.421031536340107e-16,1.668128427174677e-20,7.225553442378763e-17,6.904904897773420e-30,1.388855389267257e-15,-2.144882400911356e-20,-4.542866500504059e-16,2.792708284503359e-12
1.935000000000000e+02,1.000000000000000e+00,-5.006918323066122e-15,-5.144180757304006e-19,2.162176476868791e-14,6.616895825051456e-15,-9.582027313190008e-20,-6.878001668654019e-15,-3.169030563340294e-16,1.397990559960042e-20,6.673186382023447e-17,5.492816871019760e-30,1.224125727634519e-15,-1.379811928225948e-20,-4.195581017878951e-16,2.543235527384953e-12
1.940000000000000e+02,1.000000000000000e+00,-3.456967917393973e-15,-5.326595999506963e-19,1.996886015173137e-14,5.793784020736964e-15,-5.148221588876408e-20,-6.352203666725108e-15,-2.923155545659142e-16,1.161148655253699e-20,6.163045757580460e-17,4.335723816911881e-30,1.071850043836338e-15,-7.413439047853821e-21,-3.874844236702316e-16,2.322299098199926e-12
1.945000000000000e+02,1.000000000000000e+00,-2.104571241046760e-15,-5.408000160701865e-19,1.844231403057684e-14,5.036120693734103e-15,-1.483781963523193e-20,-5.866600993636026e-15,-2.684941017672980e-16,9.543069435236899e-21,5.691903512893209e-17,3.395751047052813e-30,9.316823283408091e-16,-2.136645994614936e-21,-3.578626606117976e-16,2.127049516283638e-12
1.950000000000000e+02,1.000000000000000e+00,-9.336396252410875e-16,-5.406370322801922e-19,1.703246676165048e-14,4.341662929824241e-15,1.510091280952927e-20,-5.418120863916655e-15,-2.455615417855971e-16,7.744137747911319e-21,5.256778364859167e-17,2.638987449894118e-30,8.032076420174846e-16,2.174531471316284e-21,-3.305053726989160e-16,1.954706989720658e-12
1.955000000000000e+02,1.000000000000000e+00,7.131652937671983e-17,-5.337342573673924e-19,1.573039714570213e-14,3.707873361858297e-15,3.922014785111482e-20,-5.003925395276385e-15,-2.236134661815254e-16,6.186539246811388e-21,4.854916938534909e-17,2.035417765887253e-30,6.859565719437850e-16,5.647701312184809e-21,-3.052394491118595e-16,1.802589259187900e-12
1.960000000000000e+02,1.000000000000000e+00,9.251229878088633e-16,-5.214456451005783e-19,1.452786597644510e-14,3.131989547956971e-15,5.831227425207956e-20,-4.621393651117542e-15,-2.027213406823600e-16,4.844393866484479e-21,4.483776344393100e-17,1.558762682129137e-30,5.794180663720397e-16,8.396967509656466e-21,-2.819050127181701e-16,1.668142755057759e-12
1.965000000000000e+02,1.000000000000000e+00,1.641893229835831e-15,-5.049379670439169e-19,1.341726390469528e-14,2.611085208198023e-15,7.308361614787883e-20,-4.268105055832847e-15,-1.829354041692547e-16,3.693990503829942e-21,4.141008087484638e-17,1.186253335510680e-30,4.830507635166343e-16,1.052404073911194e-20,-2.603544084058036e-16,1.548974351545769e-12
1.970000000000000e+02,1.000000000000000e+00,2.234994354131850e-15,-4.852114031491263e-19,1.239156328810583e-14,2.142123927969617e-15,8.416177331931981e-20,-3.941824077942542e-15,-1.642873453442866e-16,2.713676051226832e-21,3.824443206685923e-17,8.983625812412899e-31,3.962929266743792e-16,1.211929536887824e-20,-2.404512687544950e-16,1.442880382082963e-12
1.975000000000000e+02,1.000000000000000e+00,2.717025528435245e-15,-4.631183462462434e-19,1.144427372181285e-14,1.722005920239766e-15,9.210256689818473e-20,-3.640486084149491e-15,-1.467927636693499e-16,1.883739526048810e-21,3.532078549996390e-17,6.785113939558180e-31,3.185710952443568e-16,1.326276964183697e-20,-2.220696511331190e-16,1.347869684628771e-12
1.980000000000000e+02,1.000000000000000e+00,3.099807322539706e-15,-4.393805208435449e-19,1.056940096860017e-14,1.347608419542107e-15,9.739657772805683e-20,-3.362184274799918e-15,-1.304534223331617e-16,1.186293669813309e-21,3.262064099039234e-17,5.127651170121319e-31,2.493075576152898e-16,1.402510719938175e-20,-2.050932407627950e-16,1.262178257765606e-12
1.985000000000000e+02,1.000000000000000e+00,3.394380401342760e-15,-4.146045188736474e-19,9.761409028702453e-15,1.015820258228857e-15,1.004752721066645e-19,-3.105157618080226e-15,-1.152593019152156e-16,6.051559755784864e-22,3.012691262557433e-17,3.895310163621740e-31,1.879267477723385e-16,1.446843918831444e-20,-1.894146147028938e-16,1.184274378093000e-12
1.990000000000000e+02,1.000000000000000e+00,3.611012189813128e-15,-3.892958555452315e-19,9.015185109232687e-15,7.235711511335267e-16,1.017167157951037e-19,-2.867779706600243e-15,-1.011904641050217e-16,1.257307410174798e-22,2.782382064829159e-17,2.992657513299968e-31,1.338606629597024e-16,1.464720707817188e-20,-1.749345621026148e-16,1.112854388529617e-12
1.995000000000000e+02,1.000000000000000e+00,3.759210250052076e-15,-3.638716475921404e-19,8.326007271568480e-15,4.678561887855814e-16,1.014508821689608e-19,-2.648548465849793e-15,-8.821873532796811e-17,-2.651065686634012e-22,2.569679160589190e-17,2.341989452457904e-31,8.655339492533257e-17,1.460892703498633e-20,-1.615614564168374e-16,1.046830482104391e-12
2.000000000000000e+02,1.000000000000000e+00,3.847741232290518e-15,-3.386720142260657e-19,7.689514551977006e-15,2.457560122241175e-16,9.996456436407686e-20,-2.446076649406017e-15,-7.630922045009534e-17,-5.791216342275602e-22,2.373236613272891e-17,1.880770070728033e-31,4.546486226146173e-17,1.439489727027452e-20,-1.492106756137670e-16,9.853124850776692e-13
2.005000000000000e+02,1.000000000000000e+00,3.884654376465595e-15,-3.139702982307775e-19,7.101679366408629e-15,5.445311470196600e-17,9.750590437595856e-20,-2.259083060747243e-15,-6.542165690556748e-17,-8.268294908650742e-22,2.191811378229650e-17,1.559296926901834e-31,1.007382621986371e-17,1.404085023135176e-20,-1.378040667055818e-16,9.275858603573297e-13
2.010000000000000e+02,1.000000000000000e+00,3.877308648840602e-15,-2.899822010867772e-19,6.558782024842823e-15,-1.087553124690538e-16,9.428855443164415e-20,-2.086384446126989e-15,-5.551161963330641e-17,-1.017598048510214e-21,2.024255437013413e-17,1.338605662939401e-31,-2.011973280677495e-17,1.357755183887976e-20,-1.272694512137463e-16,8.730880011779376e-13
2.015000000000000e+02,1.000000000000000e+00,3.832402698940598e-15,-2.668739219578559e-19,6.057387193918846e-15,-2.464476006843839e-16,9.049548767700535e-20,-1.926888007208006e-15,-4.653158714198653e-17,-1.159746509294627e-21,1.869508532977883e-17,1.188614898946472e-31,-4.559280612661103e-17,1.303135022583734e-20,-1.175401684396884e-16,8.213845106950013e-13
2.020000000000000e+02,1.000000000000000e+00,3.756006915917264e-15,-2.447693859517237e-19,5.594322158912013e-15,-3.610705298696258e-16,8.628247640895191e-20,-1.779584486078007e-15,-3.843187886249867e-17,-1.260638409309536e-21,1.726591462208819e-17,1.086504925977271e-31,-6.679804802588076e-17,1.242467660295716e-20,-1.085546536507584e-16,7.721467032791053e-13
2.025000000000000e+02,1.000000000000000e+00,3.653596950437922e-15,-2.237566424090489e-19,5.166656747502163e-15,-4.549346249572219e-16,8.178125681706896e-20,-1.643541778890554e-15,-3.116147370957343e-17,-1.326769130479356e-21,1.594599877339866e-17,1.015318125908993e-31,-8.416290561708605e-17,1.177650098152084e-20,-1.002560485123238e-16,7.251311179547841e-13
2.030000000000000e+02,1.000000000000000e+00,3.530088148474687e-15,-2.038935091820905e-19,4.771684788296342e-15,-5.302115150357661e-16,7.710239955854556e-20,-1.517899037719708e-15,-2.466871947344903e-17,-1.363847826599285e-21,1.472698565044099e-17,9.627652702127017e-32,-9.808913028161673e-17,1.110274553614817e-20,-9.259184130090219e-17,6.801614598462515e-13
2.035000000000000e+02,1.000000000000000e+00,3.389870417153024e-15,-1.852125340211062e-19,4.406906986779498e-15,-5.889330727280454e-16,7.233790554001332e-20,-1.401861223306234e-15,-1.890194231076567e-17,-1.376873788063100e-21,1.360116160990207e-17,9.202195468789700e-32,-1.089526184546884e-16,1.041665839738139e-20,-8.551353462168028e-17,6.371131021405267e-13
2.040000000000000e+02,1.000000000000000e+00,3.236843110341577e-15,-1.677253393638908e-19,4.070015110335874e-15,-6.329920758845517e-16,6.756354607769571e-20,-1.294694074226393e-15,-1.380996521239214e-17,-1.370207334839489e-21,1.256140268820957e-17,8.818790362896316e-32,-1.171035340386421e-16,9.729150634746223e-21,-7.897633852780995e-17,5.959000863620634e-13
2.045000000000000e+02,1.000000000000000e+00,3.074449583190978e-15,-1.514264120777439e-19,3.758877382267559e-15,-6.641441571092529e-16,6.284096620299702e-20,-1.195719460649327e-15,-9.342543904500484e-18,-1.347635378935918e-21,1.160112952267868e-17,8.440781383744865e-32,-1.228666690652118e-16,9.049099132756382e-21,-7.293888709960895e-17,5.564644384518294e-13
2.050000000000000e+02,1.000000000000000e+00,2.905711120642622e-15,-1.362963950788870e-19,3.471524992386732e-15,-6.840108288950752e-16,5.821956931739482e-20,-1.104311093282651e-15,-5.450728196577448e-18,-1.312431837781497e-21,1.071426571877138e-17,8.047289176106244e-32,-1.265420033455889e-16,8.383617981217741e-21,-6.736297669024173e-17,5.187675544191349e-13
2.055000000000000e+02,1.000000000000000e+00,2.733259995327800e-15,-1.223049332868557e-19,3.206139638823649e-15,-6.940833931908644e-16,5.373820071519481e-20,-1.019890560353415e-15,-2.087156333792948e-18,-1.267413110321997e-21,9.895199400026526e-18,7.628742873346961e-32,-1.284054277403099e-16,7.738300902504771e-21,-6.221332418155832e-17,4.827833852965521e-13
2.060000000000000e+02,1.000000000000000e+00,2.559371455570990e-15,-1.094131220871350e-19,2.961042022217742e-15,-6.957275640218679e-16,4.942664671689803e-20,-9.419236675473361e-16,7.937105521762257e-19,-1.214988849619721e-21,9.138747697356287e-18,7.183362414714489e-32,-1.287095993440456e-16,7.117437126765196e-21,-5.745734372038750e-17,4.484931528565946e-13
2.065000000000000e+02,1.000000000000000e+00,2.385994484711345e-15,-9.757560239349010e-20,2.734681219485586e-15,-6.901886503307754e-16,4.530696531635022e-20,-8.699170577462571e-16,3.235407264464998e-18,-1.157208280685172e-21,8.440123953006048e-18,6.714438311891312e-32,-1.276849003111934e-16,6.524203005109302e-21,-5.306494052252168e-17,4.158813445579520e-13
2.070000000000000e+02,1.000000000000000e+00,2.214781208977052e-15,-8.674234253510513e-20,2.525624869925347e-15,-6.785971634991040e-16,4.139466336400271e-20,-8.034150891742768e-16,5.279330466313418e-18,-1.095802321278481e-21,7.794907431651055e-18,6.228271739510234e-32,-1.255404752473342e-16,5.960831523999339e-21,-4.900832043963088e-17,3.849327611080319e-13
2.075000000000000e+02,1.000000000000000e+00,2.047114862999802e-15,-7.686014355068103e-20,2.332550111557545e-15,-6.619747300642279e-16,3.769973440530060e-20,-7.419969521981570e-16,6.964645995856831e-18,-1.032221767507139e-21,7.199015346968689e-18,5.732653940304143e-32,-1.224653250618822e-16,5.428761753977285e-21,-4.526181408408757e-17,3.556304179843340e-13
2.080000000000000e+02,1.000000000000000e+00,1.884136250047474e-15,-6.787390105566618e-20,2.154235210349323e-15,-6.412402049907863e-16,3.422757038296787e-20,-6.852740065377670e-16,8.328232298687586e-18,-9.676718060874132e-22,6.648677026676855e-18,5.235779678339565e-32,-1.186294379232955e-16,4.928770134793782e-21,-4.180171439880378e-17,3.279541302285011e-13
2.085000000000000e+02,1.000000000000000e+00,1.726768658481118e-15,-5.972765365989908e-20,1.989551829353830e-15,-6.172158945199549e-16,3.097975950748248e-20,-6.328873220370215e-16,9.404655135499405e-18,-9.031431118905633e-22,6.140410052559996e-18,4.745504421360135e-32,-1.141849404861917e-16,4.461085368756450e-21,-3.860612664425831e-17,3.018796360861537e-13
2.090000000000000e+02,1.000000000000000e+00,1.575741217097465e-15,-5.236544494835031e-20,1.837457888845531e-15,-5.906338101463781e-16,2.795478171156932e-20,-5.845054074338620e-16,1.022616913522324e-17,-8.394397835205545e-22,5.670998224503236e-18,4.268868801765086e-32,-1.092672548770799e-16,4.025488566176800e-21,-3.565482985346558e-17,2.773781387447339e-13
2.095000000000000e+02,1.000000000000000e+00,1.431610690179293e-15,-4.573202329231290e-20,1.696990972271991e-15,-5.621418867059248e-16,2.514861224020048e-20,-5.398221127574432e-16,1.082274215948680e-17,-7.772043617350223e-22,5.237471209094735e-18,3.811826522791479e-32,-1.039962490405961e-16,3.621400162330191e-21,-3.292914887820403e-17,2.544161661962661e-13
2.100000000000000e+02,1.000000000000000e+00,1.294781728510205e-15,-3.977340122544552e-20,1.567262236296470e-15,-5.323101079474786e-16,2.255524309366732e-20,-4.985546920793597e-16,1.122209882068544e-17,-7.169401660129110e-22,4.837085744018064e-18,3.379123157658945e-32,-9.847736997028354e-17,3.247955005258168e-21,-3.041183621684094e-17,2.329556671236167e-13
2.105000000000000e+02,1.000000000000000e+00,1.165525605572123e-15,-3.443729379030264e-20,1.447450786395414e-15,-5.016364923612658e-16,2.016713124250088e-20,-4.604420143604388e-16,1.144977985252198e-17,-6.590311739052105e-22,4.467308279299704e-18,2.974283217956403e-32,-9.280275108683418e-17,2.904066898716944e-21,-2.808696287598676e-17,2.129542758609977e-13
2.110000000000000e+02,1.000000000000000e+00,1.043997478873817e-15,-2.967345312715454e-20,1.336798482420897e-15,-4.705529004993841e-16,1.797558177276188e-20,-4.252429110717331e-16,1.152921436798197e-17,-6.037596563312403e-22,4.125798945569632e-18,2.599671476805143e-32,-8.705228659238604e-17,2.588483775099131e-21,-2.593981757537572e-17,1.943656921873860e-13
2.115000000000000e+02,1.000000000000000e+00,9.302522250843088e-16,-2.543391462806717e-20,1.234605141258759e-15,-4.394306326069523e-16,1.597107340077227e-20,-3.927346501338283e-16,1.148180235506820e-17,-5.513217699972617e-22,3.810396747889545e-18,2.256601891433003e-32,-8.129466703228618e-17,2.299834569555045e-21,-2.395681365816352e-17,1.771401322893293e-13
2.120000000000000e+02,1.000000000000000e+00,8.242589045789484e-16,-2.167316820499481e-20,1.140224106225941e-15,-4.085857921408478e-16,1.414353311905387e-20,-3.627115265178916e-16,1.132700505518769e-17,-5.018412958633152e-22,3.519105891458448e-18,1.945473671659667e-32,-7.558837154605683e-17,2.036668769007856e-21,-2.212540311759139e-17,1.612248160024213e-13
2.125000000000000e+02,1.000000000000000e+00,7.259139163475248e-16,-1.834826661041276e-20,1.053058155171134e-15,-3.782843967433358e-16,1.248256610063118e-20,-3.349835605901057e-16,1.108244114303975e-17,-4.553817002712668e-22,3.250083152668203e-18,1.665919192592113e-32,-6.998261339751713e-17,1.797489518373166e-21,-2.043399719599645e-17,1.465644627337459e-13
2.130000000000000e+02,1.000000000000000e+00,6.350529081479747e-16,-1.541888129211163e-20,9.725557213861358e-16,-3.487472235152841e-16,1.097764639686340e-20,-3.093752959628920e-16,1.076398688054945e-17,-4.119566831380175e-22,3.001626215595344e-18,1.416952665475631e-32,-6.451823635032756e-17,1.580781081046803e-21,-1.887189305373641e-17,1.331017746051573e-13
2.135000000000000e+02,1.000000000000000e+00,5.514615094875992e-16,-1.284731494959596e-20,8.982074034146701e-16,-3.201543800522037e-16,9.618273413992633e-21,-2.857246892460013e-16,1.038587865133064e-17,-3.715393656460225e-22,2.772162900125352e-18,1.197111875068640e-32,-5.922856030965769e-17,1.385031371527763e-21,-1.742920604400608e-17,1.207778906669325e-13
2.140000000000000e+02,1.000000000000000e+00,4.748849566342475e-16,-1.059847877769694e-20,8.295427416735209e-16,-2.926495967186487e-16,8.394098644619600e-21,-2.638820846720619e-16,9.960816496970961e-18,-3.340702582340250e-22,2.560241213547380e-18,1.004587976821668e-32,-5.414017539295001e-17,1.208750204750687e-21,-1.609680716499578e-17,1.095328008464593e-13
2.145000000000000e+02,1.000000000000000e+00,4.050366795479024e-16,-8.639841323430892e-21,7.661272414891590e-16,-2.663442390932757e-16,7.295026661004731e-21,-2.437092671082420e-16,9.500067472830101e-18,-2.994641384853896e-22,2.364520162667975e-18,8.373404280583245e-33,-4.927368423225599e-17,1.050483839121224e-21,-1.486626529360276e-17,9.930571294999780e-14
2.150000000000000e+02,1.000000000000000e+00,3.416059205112018e-16,-6.941354935090119e-21,7.075596237123028e-16,-2.413210424668231e-16,6.311293945862545e-21,-2.250785874617002e-16,9.013567819830159e-18,-2.676159577903108e-22,2.183761268305164e-18,6.931957016345306e-33,-4.464439285636228e-17,9.088263281504096e-22,-1.372979383516371e-17,9.003537083337302e-14
2.155000000000000e+02,1.000000000000000e+00,2.842644534465583e-16,-5.475364938736770e-21,6.534692855129072e-16,-2.176375727648476e-16,5.433528741406525e-21,-2.078721549445788e-16,8.510023110745922e-18,-2.384058854646031e-22,2.016820728468210e-18,5.699295862370540e-33,-4.026295096149681e-17,7.824281387171273e-22,-1.268020145161931e-17,8.166032702241026e-14
2.160000000000000e+02,1.000000000000000e+00,2.326724715471765e-16,-4.216505927837870e-21,6.035139552880689e-16,-1.953294203403759e-16,4.652794736927282e-21,-1.919810910873776e-16,7.997005675667732e-18,-2.117035893702310e-22,1.862642180633553e-18,4.653336927951164e-33,-3.613594276296955e-17,6.700024420793610e-22,-1.171084655633003e-17,7.411917863894182e-14
2.165000000000000e+02,1.000000000000000e+00,1.864837090182619e-16,-3.141588888364708e-21,5.573775268436168e-16,-1.744131347803056e-16,3.960621087185195e-21,-1.773048407802692e-16,7.481048742526146e-18,-1.873718430172764e-22,1.720250017318284e-18,3.772673297845093e-33,-3.226642993435654e-17,5.703294365227327e-22,-1.081559528759642e-17,6.735078120670188e-14
2.170000000000000e+02,1.000000000000000e+00,1.453498605117582e-16,-2.229482296414430e-21,5.147680591445779e-16,-1.548889102325852e-16,3.349020956371724e-21,-1.637505359827781e-16,6.967736845766981e-18,-1.652695406396725e-22,1.588743212653440e-18,3.036962403320285e-33,-2.865444839302826e-17,4.822590176909312e-22,-9.988782694949466e-18,6.129446006821708e-14
2.175000000000000e+02,1.000000000000000e+00,1.089243593222829e-16,-1.460989810927666e-21,4.754159289773851e-16,-1.367430318255386e-16,2.810500513335313e-21,-1.512324080755219e-16,6.461792160375791e-18,-1.452541938252761e-22,1.467289620893152e-18,2.427198608402243e-33,-2.529746088772464e-17,4.047120738982411e-22,-9.225176892606836e-18,5.589024254227620e-14
2.180000000000000e+02,1.000000000000000e+00,7.686557266397446e-17,-8.187267335051459e-22,4.390721248342837e-16,-1.199500945503022e-16,2.338060061193987e-21,-1.396712451355065e-16,5.967156510394542e-18,-1.271839759355569e-22,1.355120710781848e-18,1.925888059676469e-33,-2.219076749180591e-17,3.366806487937571e-22,-8.519945953265893e-18,5.107913403713416e-14
2.185000000000000e+02,1.000000000000000e+00,4.883946942985420e-17,-2.869970142911473e-22,4.055066712240162e-16,-1.044750065438703e-16,1.925188766424386e-21,-1.289938907007344e-16,5.487068881754552e-18,-1.109193737568048e-22,1.251526702459806e-18,1.517142424120916e-33,-1.932787621061601e-17,2.772271823502049e-22,-7.868627332744800e-18,4.680345661174596e-14
2.190000000000000e+02,1.000000000000000e+00,2.452181280164329e-17,1.483277585060348e-22,3.745071734381778e-16,-9.027478907293771e-17,1.565854257141137e-21,-1.191327808524207e-16,5.024138339549970e-18,-9.632449956456479e-23,1.155852076134395e-18,1.186707116772393e-33,-1.670083597849348e-17,2.254830130161709e-22,-7.267099631997662e-18,4.300725820107852e-14
2.195000000000000e+02,1.000000000000000e+00,3.599926976285620e-18,4.999262430823147e-22,3.458774735648462e-16,-7.730018570448737e-17,1.254488185747004e-21,-1.100255166855750e-16,4.580412310648672e-18,-8.326811103413728e-23,1.067491424096962e-18,9.219382176023173e-34,-1.430053435533016e-17,1.806462987377245e-22,-6.711556517820076e-18,3.963678565070236e-14
2.200000000000000e+02,1.000000000000000e+00,-1.422591585317245e-17,7.791412141068804e-22,3.194364092450400e-16,-6.549709318252460e-17,9.859686957091039e-22,-1.016144694626405e-16,4.157440244602235e-18,-7.162438116825632e-23,9.858856198377895e-19,7.117406648181263e-34,-1.211696223876705e-17,1.419794921741934e-22,-6.198482637221071e-18,3.664099750139479e-14
2.205000000000000e+02,1.000000000000000e+00,-2.924144524498141e-17,9.960887473503309e-22,2.950166673176937e-16,-5.480782643397782e-17,7.556005942525826e-22,-9.384641595168830e-17,3.756332709958371e-18,-6.127345561276025e-23,9.105182800181980e-19,5.464786185974906e-34,-1.013944789028590e-17,1.088064855660545e-22,-5.724631373052986e-18,3.397207730311972e-14
2.210000000000000e+02,1.000000000000000e+00,-4.171763904911137e-17,1.159762232704867e-21,2.724637250992709e-16,-4.517222992096581e-17,5.590939107042907e-22,-8.667220164167005e-17,3.377816020043730e-18,-5.210183036553531e-23,8.409124969118691e-19,4.178672093466581e-34,-8.356862535378675e-18,8.050952313642285e-23,-5.287004300141873e-18,3.158589953378449e-14
2.215000000000000e+02,1.000000000000000e+00,-5.191022982435566e-17,1.278130885624335e-21,2.516348725986665e-16,-3.652864725980567e-17,3.925414126026717e-22,-8.004642970362862e-17,3.022282512778030e-18,-4.400257892614966e-23,7.766278206390521e-19,3.188532842475781e-34,-6.757799743064048e-18,5.652596341087678e-23,-4.882832211921346e-18,2.944240088651525e-14
2.220000000000000e+02,1.000000000000000e+00,-6.005943715084980e-17,1.358232557964436e-21,2.323983094801952e-16,-2.881476065588832e-17,2.523955571477674e-22,-7.392717372968419e-17,2.689836633766896e-18,-3.687545435629702e-23,7.172574720979266e-19,2.434912889103754e-34,-5.330730721339339e-18,3.634496022625912e-23,-4.509557597510735e-18,2.750581993435788e-14
2.225000000000000e+02,1.000000000000000e+00,-6.638989469126621e-17,1.406260758020890e-21,2.146323110604456e-16,-2.196831127272214e-17,1.354452728222573e-22,-6.827571243207063e-17,2.380336991423587e-18,-3.062688849766967e-23,6.624257689571089e-19,1.868190934647854e-34,-4.064137585453596e-18,1.950411928410745e-23,-4.164818458356308e-18,2.574478525191421e-14
2.230000000000000e+02,1.000000000000000e+00,-7.111074357470976e-17,1.427645879045771e-21,1.982244580616178e-16,-1.592771117625301e-17,3.879289388786794e-23,-6.305628462345814e-17,2.093434567770537e-18,-2.516990769800442e-23,6.117857484216035e-19,1.447374068873600e-34,-2.946626567606808e-18,5.586176718137751e-24,-3.846433362030947e-18,2.413225146609086e-14
2.235000000000000e+02,1.000000000000000e+00,-7.441586627424421e-17,1.427130708185321e-21,1.830709252473932e-16,-1.063255698371183e-17,-4.016849214192719e-23,-5.823586292813117e-17,1.828607279410617e-18,-2.042398180244950e-23,5.650169717295789e-19,1.138954220862295e-34,-1.967023041986688e-18,-5.784262869686432e-24,-3.552387638616002e-18,2.264529988609990e-14
2.240000000000000e+02,1.000000000000000e+00,-7.648423761467182e-17,1.408840345879375e-21,1.690758244399820e-16,-6.024054810008483e-18,-1.037770780392695e-22,-5.378394479211690e-17,1.585191090435258e-18,-1.631482085171383e-23,5.218234964873020e-19,9.158449224426425e-35,-1.114450139851569e-18,-1.494389923853352e-23,-3.280820632319131e-18,2.126483221541421e-14
2.245000000000000e+02,1.000000000000000e+00,-7.748037187672850e-17,1.376346711304974e-21,1.561505977611082e-16,-2.045365553082866e-18,-1.541235918910290e-22,-4.967235946982315e-17,1.362407883212628e-18,-1.277413186741784e-23,4.819320040116577e-19,7.564094613107059e-35,-3.783926273203302e-19,-2.219379723289589e-23,-3.030013927659212e-18,1.997519129392297e-14
2.250000000000000e+02,1.000000000000000e+00,-7.755484715439322e-17,1.332727844225439e-21,1.442134572574969e-16,1.358120999562372e-18,-1.930716538502826e-22,-4.587508976583971e-17,1.159390294496549e-18,-9.739346276590076e-24,4.450900698304314e-19,6.435859333398572e-35,2.512523849190389e-19,-2.780231815480228e-23,-2.798380475716222e-18,1.876374253815726e-14
2.255000000000000e+02,1.000000000000000e+00,-7.684489017251671e-17,1.280622239209944e-21,1.331888673649372e-16,4.238575320973729e-18,-2.222771486142406e-22,-4.236810740392524e-17,9.752037235018438e-19,-7.153326910504669e-24,4.110645663965200e-19,5.641103468528893e-35,7.841364343801398e-19,-3.200790940063897e-23,-2.584454551639439e-18,1.762044543553652e-14
2.260000000000000e+02,1.000000000000000e+00,-7.547500668296183e-17,1.222278466022177e-21,1.230070669360688e-16,6.645573184534134e-18,-2.432065561315528e-22,-3.912922098143142e-17,8.088657158553412e-19,-4.964062088461661e-24,3.796401879087850e-19,5.078356298294382e-35,1.229431039138815e-18,-3.502174408300144e-23,-2.386882479867317e-18,1.653743803040970e-14
2.265000000000000e+02,1.000000000000000e+00,-7.355764433075254e-17,1.159600341278132e-21,1.136036278073926e-16,8.625989772002670e-18,-2.571542069012162e-22,-3.613793554705354e-17,6.593629229718806e-19,-3.124353046377143e-24,3.506180879049308e-19,4.671419897372188e-35,1.595808107820494e-18,-3.703020579373686e-23,-2.204414068370266e-18,1.550865043501812e-14
2.270000000000000e+02,1.000000000000000e+00,-7.119387652027456e-17,1.094187922329180e-21,1.049190471122134e-16,1.022393656027866e-17,-2.652584480187708e-22,-3.337532291334724e-17,5.256658307076737e-19,-1.591499876140624e-24,3.238146210054194e-19,4.364324276990295e-35,1.891428263651551e-18,-3.819721651459599e-23,-2.035894697714182e-18,1.452945709405331e-14
2.275000000000000e+02,1.000000000000000e+00,-6.847409731919992e-17,1.027374595688187e-21,9.689837075976317e-17,1.148073521234574e-17,-2.685167223698960e-22,-3.082390188337760e-17,4.067414443664543e-19,-3.269901888172370e-25,2.990601808464452e-19,4.117061778231158e-35,2.123936014283962e-18,-3.866640802111090e-23,-1.880258014886033e-18,1.359637238675699e-14
2.280000000000000e+02,1.000000000000000e+00,-6.547871881907848e-17,9.602605300117675e-22,8.949084569796417e-17,1.243492319332068e-17,-2.677995765308802e-22,-2.846752763360161e-17,3.015641095060152e-19,7.038061116645312e-25,2.761981268486698e-19,3.902023057824474e-35,2.300460790764325e-18,-3.856313902026242e-23,-1.736519185649698e-18,1.270679032319091e-14
2.285000000000000e+02,1.000000000000000e+00,-6.227886363160235e-17,8.937427583990317e-22,8.264959875942916e-17,1.312228630646697e-17,-2.638636234251651e-22,-2.629128955302363e-17,2.091246397176193e-19,1.531933271125397e-24,2.550837930305510e-19,3.701055495559366e-35,2.427622966696390e-18,-3.799636177302225e-23,-1.603768662734441e-18,1.185876648978055e-14
2.290000000000000e+02,1.000000000000000e+00,-5.893704634397668e-17,8.285421471867738e-22,7.633134005850647e-17,1.357591379493378e-17,-2.573634939759318e-22,-2.428141689217278e-17,1.284379138076001e-19,2.185135283567524e-24,2.355835725942635e-19,3.503066256815083e-35,2.511544052062750e-18,-3.706034313232535e-23,-1.481166430422540e-18,1.105083881145266e-14
2.295000000000000e+02,1.000000000000000e+00,-5.550783879153121e-17,7.652274990454886e-22,7.049608906253318e-17,1.382627208179737e-17,-2.488628182162886e-22,-2.242519162486983e-17,5.854909575665740e-20,2.688129108249499e-24,2.175740724916590e-19,3.302095766691895e-35,2.557860335132513e-18,-3.583624582293679e-23,-1.367936689117060e-18,1.028188287927150e-14
2.300000000000000e+02,1.000000000000000e+00,-5.203851493677902e-17,7.042370274649989e-22,6.510692160393668e-17,1.390129362306597e-17,-2.388442808634573e-22,-2.071086797139259e-17,-1.461378395493872e-21,3.062864412367457e-24,2.009413326205684e-19,3.095792330053450e-35,2.571739320267205e-18,-3.439357644413446e-23,-1.263362946254948e-18,9.550997316769838e-15
2.305000000000000e+02,1.000000000000000e+00,-4.856967197781363e-17,6.458974280490074e-22,6.012973623233275e-17,1.382647772535219e-17,-2.277187994898468e-22,-1.912759807379996e-17,-5.247391187611302e-20,3.328769120606688e-24,1.855801047106738e-19,2.884224523174869e-35,2.557898379190154e-18,-3.279150712634366e-23,-1.166783482501798e-18,8.857414738322039e-15
2.310000000000000e+02,1.000000000000000e+00,-4.513582505148824e-17,5.904407597400582e-22,5.553303842814911e-17,1.362500053190930e-17,-2.158338753596540e-22,-1.766536335310506e-17,-9.532683109074598e-20,3.502980365738306e-24,1.713931863359177e-19,2.668974355971339e-35,2.520625098403220e-18,-3.108007805160749e-23,-1.077587164539408e-18,8.200434146752884e-15
2.315000000000000e+02,1.000000000000000e+00,-4.176597355448690e-17,5.380193364424152e-22,5.128774131232619e-17,1.331783170790954e-17,-2.034811679443140e-22,-1.631491111394057e-17,-1.308143256027817e-19,3.600560693580196e-24,1.582908058392151e-19,2.452460723450102e-35,2.463798865963264e-18,-2.930128818381162e-23,-9.952095779503749e-19,7.579371023378998e-15
2.320000000000000e+02,1.000000000000000e+00,-3.848413768432362e-17,4.887188167256679e-22,4.736698159102982e-17,1.292385565866460e-17,-1.909033442583056e-22,-1.506769599556499e-17,-1.596851365706983e-19,3.634699587887651e-24,1.461900542774225e-19,2.237449078282905e-35,2.390913296852952e-18,-2.749008157304025e-23,-9.191294557294646e-19,6.993521813348120e-15
2.325000000000000e+02,1.000000000000000e+00,-3.530986430850695e-17,4.425696665611386e-22,4.374594957071614e-17,1.245999539358008e-17,-1.783002536204459e-22,-1.391582589872468e-17,-1.826418946786938e-19,3.616900552248535e-24,1.350143607920225e-19,2.026709380256267e-35,2.305099147812315e-18,-2.567523652120247e-23,-8.488653798222054e-19,6.442139958963694e-15
2.330000000000000e+02,1.000000000000000e+00,-3.225870170942378e-17,3.995571575156895e-22,4.040173216792122e-17,1.194133740476368e-17,-1.658344773765714e-22,-1.285201204620902e-17,-2.003410169350400e-19,3.557154122343252e-24,1.246930080858015e-19,1.822790087670783e-35,2.209147419881280e-18,-2.388016474209836e-23,-7.839727348187499e-19,5.924421058019206e-15
2.335000000000000e+02,1.000000000000000e+00,-2.934264313056027e-17,3.596300506219516e-22,3.731316792037615e-17,1.138125616325803e-17,-1.536363016310154e-22,-1.186952286109292e-17,-2.133930797065174e-19,3.464097287909699e-24,1.151606849395568e-19,1.627881172314187e-35,2.105532390202735e-18,-2.212362743475158e-23,-7.240408945266683e-19,5.439495109582894e-15
2.340000000000000e+02,1.000000000000000e+00,-2.657053937188728e-17,3.227081043526368e-22,3.446071308199122e-17,1.079153704881177e-17,-1.418081592240236e-22,-1.096214137081865e-17,-2.223635929785100e-19,3.345159883799226e-24,1.063570729372598e-19,1.443743822469785e-35,1.996434354030178e-18,-2.042037492815734e-23,-6.686906236199379e-19,4.986424150705670e-15
2.345000000000000e+02,1.000000000000000e+00,-2.394848095374418e-17,2.886885338192387e-22,3.182631795438688e-17,1.018249672197541e-17,-1.304285851434064e-22,-1.012412586757922e-17,-2.277741080586178e-19,3.206698567496566e-24,9.822646478456342e-20,1.271688635409993e-35,1.883761893565451e-18,-1.878171626056020e-23,-6.175716779223326e-19,4.564203883688722e-15
2.350000000000000e+02,1.000000000000000e+00,-2.148015059423761e-17,2.574515375426047e-22,2.939331267242600e-17,9.563100121191835e-18,-1.195557273418138e-22,-9.350173576071320e-18,-2.301035977637083e-19,3.054119039827152e-24,9.071741180546323e-20,1.112587701439472e-35,1.769173522420489e-18,-1.721602473714168e-23,-5.703605881403505e-19,4.171768147304547e-15
2.355000000000000e+02,1.000000000000000e+00,-1.916714692964389e-17,2.288649979390220e-22,2.714630172102305e-17,8.941073423554578e-18,-1.092304526054193e-22,-8.635387098715191e-18,-2.297900545389723e-19,2.891987189300804e-24,8.378239838654259e-20,9.669090708170028e-36,1.654098583357597e-18,-1.572918517511076e-23,-5.267586130216266e-19,3.807995300815439e-15
2.360000000000000e+02,1.000000000000000e+00,-1.700928055489227e-17,2.027884520513119e-22,2.507106651575643e-17,8.323012447150706e-18,-9.947908473507366e-23,-7.975243426014437e-18,-2.272322579507661e-19,2.724129851283430e-24,7.737754130876320e-20,8.347647083767074e-36,1.539757302722881e-18,-1.432498820178995e-23,-4.864898489868806e-19,3.471715771713924e-15
2.365000000000000e+02,1.000000000000000e+00,-1.500484357596191e-17,1.790764200395338e-22,2.315447543083580e-17,7.714486096510392e-18,-9.031580989811905e-23,-7.365565315960166e-18,-2.227916685752329e-19,2.553725873254602e-24,7.146231206423719e-20,7.159652204835224e-36,1.427179927854423e-18,-1.300547662527653e-23,-4.492994842735702e-19,3.161720172145041e-15
2.370000000000000e+02,1.000000000000000e+00,-1.315085395172003e-17,1.575811705304029e-22,2.138440070510112e-17,7.120134561760264e-18,-8.174478162154382e-23,-6.802494861374681e-18,-2.167944104780953e-19,2.383388168806182e-24,6.599928040086292e-20,6.100764305247007e-36,1.317224893925649e-18,-1.177124855345689e-23,-4.149521865438555e-19,2.876767520438798e-15
2.375000000000000e+02,1.000000000000000e+00,-1.144327596285540e-17,1.381549941011325e-22,1.974964170025345e-17,6.543762077710012e-18,-7.376195555202199e-23,-6.282469077934817e-18,-2.095333092569142e-19,2.215237427503199e-24,6.095387747203377e-20,5.164743287700556e-36,1.210595984376352e-18,-1.062172159945212e-23,-3.832306137540239e-19,2.615593218586101e-15
2.380000000000000e+02,1.000000000000000e+00,-9.877218183351656e-18,1.206520489287098e-22,1.823985402571262e-17,5.988424132350313e-18,-6.635668182701150e-23,-5.802197358401382e-18,-2.012699570073923e-19,2.050968126761333e-24,5.629417709268108e-20,4.343960754959843e-36,1.107858464484808e-18,-9.555362183056233e-24,-3.539340388624843e-19,2.376916539225177e-15
2.385000000000000e+02,1.000000000000000e+00,-8.447110348362567e-18,1.049298359515176e-22,1.684548408161932e-17,5.456509086128699e-18,-5.951308070006598e-23,-5.358640650390048e-18,-1.922367795939209e-19,1.891907466779676e-24,5.199069371749376e-20,3.629856358813364e-36,1.009454180933809e-18,-8.569883620781014e-24,-3.268770796737929e-19,2.159447471788283e-15
2.390000000000000e+02,1.000000000000000e+00,-7.146860514114631e-18,9.085035474499350e-23,1.555770860578491e-17,4.949814224882332e-18,-5.321122495529405e-23,-4.948992225925287e-18,-1.826390852671058e-19,1.739067821397747e-24,4.801619586295857e-20,3.013333113426458e-36,9.157156316032314e-19,-7.662416393538164e-24,-3.018885257814425e-19,1.961892871024630e-15
2.395000000000000e+02,1.000000000000000e+00,-5.969993893046010e-18,7.828098568228343e-23,1.436837884205503e-17,4.469616321382508e-18,-4.742815063943148e-23,-4.570659921091392e-18,-1.726570769942143e-19,1.593193267449354e-24,4.434553379260298e-20,2.485089410231353e-36,8.268790194557639e-19,-6.829653692057700e-24,-2.788102551865750e-19,1.782961944539958e-15
2.400000000000000e+02,1.000000000000000e+00,-4.909774723041495e-18,6.709513880836345e-23,1.326996897679709e-17,4.016736823978839e-18,-4.213871574126069e-23,-4.221249733397047e-18,-1.624478138700664e-19,1.454800723541826e-24,4.095548037506940e-20,2.035889115097294e-36,7.430963124360852e-19,-6.067975066724346e-24,-2.574962337372199e-19,1.621371208646051e-15
2.405000000000000e+02,1.000000000000000e+00,-3.959312495369970e-18,5.717270517444160e-23,1.225552851722913e-17,3.591601826665842e-18,-3.731632466064197e-23,-3.898550673061189e-18,-1.521471096740310e-19,1.324216196847452e-24,3.782458410800520e-20,1.656773609809370e-36,6.644463379331808e-19,-5.373550751118039e-24,-2.378115910567325e-19,1.475849128626196e-15
2.410000000000000e+02,1.000000000000000e+00,-3.111653823597779e-18,4.840034213058437e-23,1.131863831025090e-17,3.194297003826433e-18,-3.293353463466626e-23,-3.600520772362525e-18,-1.418713590520215e-19,1.201606603990625e-24,3.493303337773710e-20,1.339221204711165e-36,5.909449457078902e-19,-4.742428987379930e-24,-2.196317671141141e-19,1.345140729895100e-15
2.415000000000000e+02,1.000000000000000e+00,-2.359861186970279e-18,4.067162023024681e-23,1.045336992347387e-17,2.824617715680459e-18,-2.896255872617952e-23,-3.325274164522979e-18,-1.317192839493030e-19,1.087007599886822e-24,3.226253109579677e-20,1.075260206947907e-36,5.225542774008848e-19,-4.170608456559882e-24,-2.028417240359017e-19,1.228012504490583e-15
2.420000000000000e+02,1.000000000000000e+00,-1.697079727976050e-18,3.388705593277988e-23,9.654248131422619e-18,2.482114507776520e-18,-2.537567852857009e-23,-3.071069150363079e-18,-1.217735948189744e-19,9.803478167897275e-25,2.979617891902285e-20,8.575422544474803e-37,4.591911839386562e-19,-3.654097708105862e-24,-1.873352181721478e-19,1.123257924053330e-15
2.425000000000000e+02,1.000000000000000e+00,-1.116593226318294e-18,2.795405117162832e-23,8.916216269528448e-18,2.166134240357449e-18,-2.214557839757209e-23,-2.836297177217800e-18,-1.121025628003542e-19,8.814698851082724e-25,2.751837032061280e-20,6.793824643193945e-37,4.007348344661281e-19,-3.188963289243622e-24,-1.730141278102858e-19,1.029703789859409e-15
2.430000000000000e+02,1.000000000000000e+00,-6.118703114443835e-19,2.278675806019058e-23,8.234604236683220e-18,1.875857091700382e-18,-1.924561178238827e-23,-2.619472660373858e-18,-1.027615005189128e-19,7.901485779802471e-25,2.541469183549997e-20,5.347726132239162e-37,3.470335619645707e-19,-2.771368096658391e-24,-1.597878322828053e-19,9.462174973681550e-16
2.435000000000000e+02,1.000000000000000e+00,-1.766019141134584e-19,1.830588450852480e-23,7.605098943880540e-18,1.610329684131039e-18,-1.665000909049578e-23,-2.419223582620798e-18,-9.379415042204698e-20,7.061063932933501e-25,2.347183185515924e-20,4.183730601449779e-37,2.979109915642421e-19,-2.397601309026914e-24,-1.475726385398687e-19,8.717150807848485e-16
2.440000000000000e+02,1.000000000000000e+00,1.952691049328397e-19,1.443845429770137e-23,7.023717021949916e-18,1.368494582842334e-18,-1.433403547841577e-23,-2.234282812431911e-18,-8.523398064946549e-20,6.290268599417241e-25,2.167749639471596e-20,3.254885120879826e-37,2.531714978258319e-19,-2.064101108888261e-24,-1.362912515583466e-19,8.051696682483987e-16
2.445000000000000e+02,1.000000000000000e+00,5.095252735561362e-19,1.111753318127234e-23,6.486779615684636e-18,1.149216416369812e-18,-1.227410600952600e-23,-2.063480085838402e-18,-7.710538935908690e-20,5.585658296712027e-25,2.002033129934995e-20,2.520320763607059e-37,2.126050370284152e-19,-1.767471265368858e-24,-1.258722852361425e-19,7.456197733961099e-16
2.450000000000000e+02,1.000000000000000e+00,7.716579602340116e-19,8.281930832976184e-24,5.990889104866014e-18,9.513048640087806e-19,-1.044786475449561e-23,-1.905734601259847e-18,-6.942481920427102e-20,4.943609919421176e-25,1.848985039773462e-20,1.944813806527755e-37,1.759913998416244e-19,-1.504492524645079e-24,-1.162498106768507e-19,6.921767294882414e-16
2.455000000000000e+02,1.000000000000000e+00,9.868562063424911e-19,5.875886915656828e-24,5.532907604880033e-18,7.735347499787692e-19,-8.834233624842478e-24,-1.760048180432718e-18,-6.220178430020601e-20,4.360398268400395e-25,1.707636914788254e-20,1.498299035994633e-37,1.431039287460723e-19,-1.272129641975521e-24,-1.073629390063958e-19,6.440305760971759e-16
2.460000000000000e+02,1.000000000000000e+00,1.160000244650758e-18,3.848748189004318e-24,5.109937110882969e-18,6.146634770908534e-19,-7.413436020166561e-24,-1.625498952160832e-18,-5.543981253986333e-20,3.832261901859246e-25,1.577094335552243e-20,1.155360638113951e-37,1.137127432618079e-19,-1.067534786902592e-24,-9.915543608181077e-20,6.004538411751412e-16
2.465000000000000e+02,1.000000000000000e+00,1.295659067143396e-18,2.154642384995765e-24,4.719301159872730e-18,4.734460243579295e-19,-6.166999729554617e-24,-1.501235518919915e-18,-4.913730653577010e-20,3.355457056133448e-25,1.456531257723119e-20,8.947207680555447e-38,8.758751450621697e-20,-8.880479610548008e-25,-9.157536665411478e-20,5.608028929803187e-16
2.470000000000000e+02,1.000000000000000e+00,1.398091460249951e-18,7.521535429995155e-25,4.358527894627582e-18,3.486477236795184e-19,-5.077742952358394e-24,-1.386471569403852e-18,-4.328832678477032e-20,2.926301204535114e-25,1.345184785018981e-20,6.987411334968357e-38,6.449982888071091e-20,-7.311949851388101e-25,-8.457476573363496e-20,5.245168118931998e-16
2.475000000000000e+02,1.000000000000000e+00,1.471249978100350e-18,-3.959974041615746e-25,4.025334422344652e-18,2.390550206725750e-19,-4.129746788041435e-24,-1.280480902922020e-18,-3.788330088996009e-20,2.541207657490713e-25,1.242350341780675e-20,5.529488147410247e-38,4.422517882442637e-20,-5.946835374773806e-25,-7.810933507824322e-20,4.911139912760955e-16
2.480000000000000e+02,1.000000000000000e+00,1.518787374376895e-18,-1.323263780655071e-24,3.717612369003150e-18,1.434844141209388e-19,-3.308317084282829e-24,-1.182592834163193e-18,-3.290966283728666e-20,2.196712455474508e-25,1.147377214574119e-20,4.455940663026480e-38,2.654461661237368e-20,-4.763976601363108e-25,-7.213816288395478e-20,4.601868723043400e-16
2.485000000000000e+02,1.000000000000000e+00,1.544065060588371e-18,-2.059573712091697e-24,3.433414538043538e-18,6.078975756476230e-20,-2.599938122442402e-24,-1.092187949248395e-18,-2.835242642329967e-20,1.889494667400112e-25,1.059664434620706e-20,3.672449675602320e-38,1.124610514948103e-20,-3.743910896314229e-25,-6.662346490415207e-20,4.313953271251083e-16
2.490000000000000e+02,1.000000000000000e+00,1.550163203081851e-18,-2.631618294844393e-24,3.170942588941751e-18,-1.013190459051047e-20,-1.992220255483688e-24,-1.008694186217944e-18,-2.419469697387898e-20,1.616391080465315e-25,9.786569750008642e-21,3.104214645312052e-38,-1.874402349244437e-21,-2.868797167894721e-25,-6.153034535929460e-20,4.044592288762116e-16
2.495000000000000e+02,1.000000000000000e+00,1.539892112803346e-18,-3.063126108778224e-24,2.928535657711226e-18,-7.033580525868714e-20,-1.473843291412257e-24,-9.315832151508937e-19,-2.041812548933230e-20,1.374406152251870e-25,9.038422385673999e-21,2.692695135493652e-38,-1.301212397285712e-20,-2.122334339632662e-25,-5.682657612420452e-20,3.791507040090237e-16
2.500000000000000e+02,1.000000000000000e+00,1.515804620722081e-18,-3.375123203953501e-24,2.704659847325815e-18,-1.208260770882738e-19,-1.034497131357189e-24,-8.603670950110584e-19,-1.700330930625687e-20,1.160717991446873e-25,8.347468143450460e-21,2.392746394816905e-38,-2.235282426133065e-20,-1.489675869153970e-25,-5.248239279567456e-20,3.552864772100642e-16
2.505000000000000e+02,1.000000000000000e+00,1.480209167974990e-18,-3.586178037284707e-24,2.497898521561326e-18,-1.625533900014805e-19,-6.648209219917902e-25,-7.945951860649063e-19,-1.393014328751102e-20,9.726810391606272e-26,7.709334818913161e-21,2.170131947200632e-38,-3.007237715027389e-20,-9.573421276682452e-26,-4.847030634995929e-20,3.327206163231404e-16
2.510000000000000e+02,1.000000000000000e+00,1.435183373221010e-18,-3.712631122159404e-24,2.306943340837279e-18,-1.964134754517621e-19,-3.563417636916374e-25,-7.338512983337744e-19,-1.117812544443044e-20,8.078260377604870e-26,7.119984446630006e-21,1.999388913988841e-38,-3.633649295857599e-20,-5.131321397163494e-26,-4.476492919836024e-20,3.113378827628445e-16
2.515000000000000e+02,1.000000000000000e+00,1.382587870491130e-18,-3.768809390032508e-24,2.130585983335674e-18,-2.232464193753879e-19,-1.014138255424145e-25,-6.777510580364577e-19,-8.726620765334808e-21,6.638577977306501e-26,6.575687748816676e-21,1.862017229658532e-38,-4.130058758444677e-20,-1.460359087816936e-26,-4.134281454022392e-20,2.910478036792272e-16
2.520000000000000e+02,1.000000000000000e+00,1.324080239067492e-18,-3.767225454649632e-24,1.967710499009879e-18,-2.438366158159218e-19,1.068414468482851e-25,-6.259394753576017e-19,-6.555086876124565e-21,5.386512046349702e-26,6.073000537298035e-21,1.744961422489672e-38,-4.510977392594554e-20,1.538516834607664e-26,-3.818230799681371e-20,2.717795110059068e-16
2.525000000000000e+02,1.000000000000000e+00,1.261128872723111e-18,-3.718762122763805e-24,1.817286248101489e-18,-2.589132827834635e-19,2.745934874693681e-25,-5.780886981512820e-19,-4.643264996561975e-21,4.302458471605880e-26,5.608741919453095e-21,1.639352769953602e-38,-4.789895731494075e-20,3.954146219550385e-26,-3.526341058722820e-20,2.534773403713931e-16
2.530000000000000e+02,1.000000000000000e+00,1.195026659112387e-18,-3.632842615300962e-24,1.678361379481671e-18,-2.691514510404376e-19,4.073587093462234e-25,-5.338959373657047e-19,-2.971339483371941e-21,3.368395928404200e-26,5.179974170235540e-21,1.539480017678639e-38,-4.979301844248095e-20,5.865965414576686e-26,-3.256765217930798e-20,2.360971478186291e-16
2.535000000000000e+02,1.000000000000000e+00,1.126904361337769e-18,-3.517587054625588e-24,1.550056807549398e-18,-2.751733451594110e-19,5.100542315507915e-25,-4.930815510615811e-19,-1.520069071839645e-21,2.567813898096191e-26,4.783984142904495e-21,1.441958140241160e-38,-5.090706885449104e-20,7.344780934322394e-26,-3.007797461475645e-20,2.196032812450563e-16
2.540000000000000e+02,1.000000000000000e+00,1.057743612850977e-18,-3.379955841050886e-24,1.431560649573724e-18,-2.775500843608642e-19,5.870490071217510e-25,-4.553872749002723e-19,-2.708927439637803e-22,1.885635302950913e-26,4.418266100836753e-21,1.345066545223511e-38,-5.134676560675988e-20,8.453505702544389e-26,-2.777862376891661e-20,2.039661330614936e-16
2.545000000000000e+02,1.000000000000000e+00,9.883894540017845e-19,-3.225880588734116e-24,1.322123088280834e-18,-2.768036383022107e-19,6.422122004099742e-25,-4.205745879046216e-19,7.939870341040891e-22,1.308135739514740e-26,4.080505861783940e-21,1.248230452316358e-38,-5.120867308590898e-20,9.247855685895157e-26,-2.565504986218191e-20,1.891601976822026e-16
2.550000000000000e+02,1.000000000000000e+00,9.195623538488524e-19,-3.060383320863485e-24,1.221051627177485e-18,-2.734089801519323e-19,6.789587252988660e-25,-3.884232031513812e-19,1.691541147534298e-21,8.228609615883812e-27,3.768566154243112e-21,1.151621734936183e-38,-5.058066132810747e-20,9.777005644295676e-26,-2.369381539223425e-20,1.751625595502395e-16
2.555000000000000e+02,1.000000000000000e+00,8.518696744201541e-19,-2.887684639445914e-24,1.127706708587547e-18,-2.677963859480353e-19,7.002919079569224e-25,-3.587296738446647e-19,2.437868366159654e-21,4.185439753719285e-27,3.480473093279127e-21,1.055858150661634e-38,-4.954233140038653e-20,1.008420347457224e-25,-2.188251010452455e-20,1.619517425128330e-16
2.560000000000000e+02,1.000000000000000e+00,7.858165465786442e-19,-2.711301588553273e-24,1.041497666673605e-18,-2.603538354161182e-19,7.088432806242873e-25,-3.313061059499734e-19,3.048165379708782e-21,8.502285793951371e-28,3.214403690220719e-21,9.617825007617287e-39,-4.816545955198187e-20,1.020734324098288e-25,-2.020967246294837e-20,1.495068580719649e-16
2.565000000000000e+02,1.000000000000000e+00,7.218161371328835e-19,-2.534135923763394e-24,9.618789898351957e-19,-2.514294751208116e-19,7.069095476406456e-25,-3.059789692426289e-19,3.536710313122558e-21,-1.868398078224425e-27,2.968674317194600e-21,8.703057692165050e-39,-4.651445289735014e-20,1.017949748601904e-25,-1.866471712380036e-20,1.378069973710034e-16
2.570000000000000e+02,1.000000000000000e+00,6.601992959499717e-19,-2.358553486636383e-24,8.883468688330036e-19,-2.413341100599143e-19,6.964867925844433e-25,-2.825879992471933e-19,3.916857868395312e-21,-4.052351768884477e-27,2.741730053503540e-21,7.823006431003148e-39,-4.464681036108415e-20,1.002940981321033e-25,-1.723786795407879e-20,1.268308191068260e-16
2.575000000000000e+02,1.000000000000000e+00,6.012235796929980e-19,-2.186455363032638e-24,8.204360087962967e-19,-2.303436946002669e-19,6.793020169912728e-25,-2.609851831195926e-19,4.201044400928047e-21,-5.774835210954168e-27,2.532134846434805e-21,6.985339739070573e-39,-4.261358350104938e-20,9.781949044669249e-26,-1.592009617029515e-20,1.165562924962706e-16
2.580000000000000e+02,1.000000000000000e+00,5.450816555264141e-19,-2.019341479311802e-24,7.577166849407034e-19,-2.187017980172920e-19,6.568421175224039e-25,-2.410338230548330e-19,4.400801392614894e-21,-7.101063382355410e-27,2.338562424238726e-21,6.196286839831802e-39,-4.045983263319902e-20,9.458526492318087e-26,-1.470306320634481e-20,1.069605607691246e-16
2.585000000000000e+02,1.000000000000000e+00,4.919090938144491e-19,-1.858367262151894e-24,6.997920233655652e-19,-2.066220238565564e-19,6.303804204344057e-25,-2.226076712937622e-19,4.526775930362195e-21,-8.088949031634033e-27,2.159787903776685e-21,5.460473465941566e-39,-3.822507441346292e-20,9.077478054251427e-26,-1.357906794891949e-20,9.801989631831449e-17
2.590000000000000e+02,1.000000000000000e+00,4.417915635788798e-19,-1.704393956913972e-24,6.462954897243618e-19,-1.942903659070841e-19,6.010009004393658e-25,-2.055901312553904e-19,4.588756937162970e-21,-8.789750715738403e-27,1.994680039733633e-21,4.780911744447619e-39,-3.594371769281056e-20,8.654412966323329e-26,-1.254099800657881e-20,8.970972359901212e-17
2.595000000000000e+02,1.000000000000000e+00,3.947714483766702e-19,-1.558033167008307e-24,5.968885698770690e-19,-1.818674867845039e-19,5.696202161428813e-25,-1.898735197397173e-19,4.595706033043511e-21,-9.248682296439971e-27,1.842194066349935e-21,4.159094486034335e-39,-3.364548505513323e-20,8.202531112454389e-26,-1.158228470412276e-20,8.200469016697540e-17
2.600000000000000e+02,1.000000000000000e+00,3.508539033931391e-19,-1.419686143311525e-24,5.512586278481388e-19,-1.694909079897939e-19,5.370076967305614e-25,-1.753583855324454e-19,4.555792025097406e-21,-9.505483510849280e-27,1.701365086376506e-21,3.595155212941850e-39,-3.135581797811186e-20,7.732910832917377e-26,-1.069686151747917e-20,7.487876994554946e-17
2.605000000000000e+02,1.000000000000000e+00,3.100123770048048e-19,-1.289578318934631e-24,5.091169275357357e-19,-1.572771028588060e-19,5.038034149037972e-25,-1.619528800998649e-19,4.476428139451482e-21,-9.594951791273732e-27,1.571301965420121e-21,3.088064484122329e-39,-2.909626402887910e-20,7.254769174612329e-26,-9.879125686091757e-21,6.830538598885944e-17
2.610000000000000e+02,1.000000000000000e+00,2.721936219246488e-19,-1.167789551036851e-24,4.701968056540463e-19,-1.453234860711266e-19,4.705344796428789e-25,-1.495721763918059e-19,4.364311213473217e-21,-9.547435961983114e-27,1.451181693043611e-21,2.635840689866183e-39,-2.688484492315843e-20,6.775696506855424e-26,-9.123902759900158e-21,6.225754275167798e-17
2.615000000000000e+02,1.000000000000000e+00,2.373222223725172e-19,-1.054280498313204e-24,4.342519843474477e-19,-1.337102953660113e-19,4.376296795476124e-25,-1.381379320749735e-19,4.225462164000402e-21,-9.389292799845475e-27,1.340244174939247e-21,2.235759678026368e-39,-2.473640464271209e-20,6.301867385483871e-26,-8.426413856573385e-21,5.670796027187312e-17
2.620000000000000e+02,1.000000000000000e+00,2.053046645806025e-19,-9.489155305676454e-25,4.010550127991353e-19,-1.225023628394333e-19,4.054326035720785e-25,-1.275777938001268e-19,4.065267137076361e-21,-9.143307725242385e-27,1.237787423221441e-21,1.884552524239606e-39,-2.266293712529517e-20,5.838229491436432e-26,-7.782245421807733e-21,5.162920480345310e-17
2.625000000000000e+02,1.000000000000000e+00,1.760329784090555e-19,-8.514825356619475e-25,3.703958279730540e-19,-1.117507746903460e-19,3.742133611883151e-25,-1.178249393662120e-19,3.888518826875871e-21,-8.829081100707744e-27,1.143163114403855e-21,1.578584645338008e-39,-2.067389331771401e-20,5.388672401110458e-26,-7.187321301338932e-21,4.699381238152914e-17
2.630000000000000e+02,1.000000000000000e+00,1.493879779653169e-19,-7.617099592871232e-25,3.420804253818318e-19,-1.014944195659518e-19,3.441790186028455e-25,-1.088176548843702e-19,3.699457526512038e-21,-8.463381767576757e-27,1.055772486952900e-21,1.314012442732038e-39,-1.877646761970109e-20,4.956177867879888e-26,-6.637876947946580e-21,4.277440361075806e-17
2.635000000000000e+02,1.000000000000000e+00,1.252421289434308e-19,-6.792813845724100e-25,3.159296314696291e-19,-9.176142674410411e-20,3.154828617962433e-25,-1.004989442662048e-19,3.501811541551354e-21,-8.060469554616034e-27,9.750625524582206e-22,1.086915900890636e-39,-1.697586394765926e-20,4.542953209864983e-26,-6.130435600238491e-21,3.894378967049685e-17
2.640000000000000e+02,1.000000000000000e+00,1.034620699724697e-19,-6.038479316173047e-25,2.917779698418156e-19,-8.257049630403426e-20,2.882325910158676e-25,-9.281616856523927e-20,3.298836658682541e-21,-7.632388555075180e-27,9.005225964453055e-22,8.934071895337188e-40,-1.527554181624634e-20,4.150549310627719e-26,-5.661786282479595e-21,3.547507110109519e-17
2.645000000000000e+02,1.000000000000000e+00,8.391081462791377e-20,-5.350387316595152e-25,2.694726141672329e-19,-7.393212419153497e-20,2.624975450562736e-25,-8.572071288939758e-20,3.093354417445477e-21,-7.189232996824173e-27,8.316809466881281e-22,7.297164452033013e-40,-1.367744297543397e-20,3.779964648809690e-26,-5.228963486253252e-21,3.234173229385733e-17
2.650000000000000e+02,1.000000000000000e+00,6.644965995387594e-20,-4.724697068009575e-25,2.488724211272363e-19,-6.584972569767660e-20,2.383150473187124e-25,-7.916767877680378e-20,2.887788982598581e-21,-6.739387530307420e-27,7.681019885724454e-22,5.922566412102390e-40,-1.218219925407017e-20,3.431736681388915e-26,-4.829228405385030e-21,2.951773560259143e-17
2.655000000000000e+02,1.000000000000000e+00,5.093982640104410e-20,-4.157508640055056e-25,2.298470372922366e-19,-5.832066135623745e-20,2.156959593389217e-25,-7.311560008832342e-20,2.684202458957542e-21,-6.289743736247209e-27,7.093834086236189e-22,4.776698823249327e-40,-1.078932235090393e-20,3.106021814480021e-26,-4.460051605387729e-21,2.697761942268799e-17
2.660000000000000e+02,1.000000000000000e+00,3.724385303503361e-20,-3.644922914366400e-25,2.122760742742547e-19,-5.133716963843062e-20,1.946295212823285e-25,-6.752618061907847e-20,2.484328529745299e-21,-5.845894613953471e-27,6.551536487566330e-22,3.828576558571026e-40,-9.497376383109664e-21,2.802665106465158e-26,-4.119097017763787e-21,2.469660422543640e-17
2.665000000000000e+02,1.000000000000000e+00,2.522677073902160e-20,-3.183090260850574e-25,1.960483469360380e-19,-4.488721109735450e-20,1.750875528842529e-25,-6.236405176859942e-20,2.289604334016924e-21,-5.412308755694252e-27,6.050695551393561e-22,3.049975951777100e-40,-8.304134053010583e-21,2.521260761532934e-26,-3.804207157884565e-21,2.265070923094427e-17
2.670000000000000e+02,1.000000000000000e+00,1.475707494642150e-20,-2.768249439978728e-25,1.810611698362966e-19,-3.895522880105898e-20,1.570280825034393e-25,-5.759654873620517e-20,2.101200528920795e-21,-4.992485846240393e-27,5.588142067915635e-22,2.415492152168122e-40,-7.206717328195912e-21,2.261204388049275e-26,-3.513389472908515e-21,2.081688014607207e-17
2.675000000000000e+02,1.000000000000000e+00,5.707518214368988e-21,-2.396758082048662e-25,1.672197074591195e-19,-3.352283000342138e-20,1.403984663930763e-25,-5.319350382542599e-20,1.920049508775379e-21,-4.589095052306722e-27,5.160949101796471e-22,1.902509020608420e-40,-6.201723550632954e-21,2.021737916060095e-26,-3.244803733350985e-21,1.917312541435976e-17
2.680000000000000e+02,1.000000000000000e+00,-2.044258295334481e-21,-2.065115945789122e-25,1.544363741159701e-19,-2.856939404647062e-20,1.251380549979741e-25,-4.912705554954466e-20,1.746871775513589e-21,-4.204097786615852e-27,4.766413471171574e-22,1.491102119505352e-40,-5.285337898597065e-21,1.801987991970663e-26,-2.996750388522224e-21,1.769865521530949e-17
2.685000000000000e+02,1.000000000000000e+00,-8.615236609167132e-21,-1.769982022979835e-25,1.426302797229727e-19,-2.407261147579801e-20,1.111804580755553e-25,-4.537147233031929e-20,1.582200474294555e-21,-3.838856247765583e-27,4.402038642515929e-22,1.163892829462151e-40,-4.453433123022631e-21,1.600998596287865e-26,-2.767659812149477e-21,1.637401469295288e-17
2.690000000000000e+02,1.000000000000000e+00,-1.411666042890682e-20,-1.508186432225491e-25,1.317267179464929e-19,-2.000895929081806e-20,9.845545572102179e-26,-4.190298967429177e-20,1.426404124311593e-21,-3.494229051700520e-27,4.065518933136203e-22,9.058690338273327e-41,-3.701657468801342e-21,1.417758562382609e-26,-2.556082370131798e-21,1.518120128737517e-17
2.695000000000000e+02,1.000000000000000e+00,-1.865378495161352e-20,-1.276737932907697e-25,1.216566934781106e-19,-1.635411715165798e-20,8.689059795732300e-26,-3.869965979637069e-20,1.279707588325295e-21,-3.170655184787065e-27,3.754724921324710e-22,7.041852805780513e-41,-3.025511673056726e-21,1.251224610585369e-26,-2.360679247578612e-21,1.410375607979641e-17
2.700000000000000e+02,1.000000000000000e+00,-2.232572385089195e-20,-1.072827788902374e-25,1.123564854476892e-19,-1.308332923135922e-20,7.641253142777085e-26,-3.574121273913957e-20,1.142211335495824e-21,-2.868227423422452e-27,3.467689971853471e-22,5.479529488567841e-41,-2.420415907801456e-21,1.100340452559836e-26,-2.180213977087513e-21,1.312682084513958e-17
2.705000000000000e+02,1.000000000000000e+00,-2.522538040043043e-20,-8.938306201534289e-26,1.037672442119117e-19,-1.017171624215391e-20,6.694808789909151e-26,-3.300892810908460e-20,1.013909060936122e-21,-2.586756281700005e-27,3.202597791544890e-22,4.280287726135757e-41,-1.881767504798474e-21,9.640524657468685e-27,-2.013544614654160e-21,1.223715569715612e-17
2.710000000000000e+02,1.000000000000000e+00,-2.743945083074875e-20,-7.373027979130826e-26,9.583461896685702e-20,-7.594541983441663e-21,5.842516573830078e-26,-3.048551661811761e-20,8.947037322984800e-22,-2.325825467637115e-27,2.957770936173441e-22,3.368081385047715e-41,-1.404990266936708e-21,8.413223866314940e-27,-1.859616513705174e-21,1.142311613549572e-17
2.715000000000000e+02,1.000000000000000e+00,-2.904848907261286e-20,-6.009788656924562e-26,8.850841382822798e-20,-5.327438561722759e-21,5.077343225869294e-26,-2.815501068081479e-20,7.844221388651712e-22,-2.084839750413647e-27,2.731660195972397e-22,2.680278925718395e-41,-9.855761339187104e-22,7.311374245251509e-27,-1.717455651529702e-21,1.067459216856085e-17
2.720000000000000e+02,1.000000000000000e+00,-3.012702305219199e-20,-4.827664020352685e-26,8.174227020298418e-20,-3.346594223537002e-21,4.392487182741607e-26,-2.600266337509559e-20,6.828280222472919e-22,-1.863066066388534e-27,2.522834792579885e-22,2.165819592236786e-41,-6.191199313543453e-22,6.325181543147716e-27,-1.586162465880831e-21,9.982915312466102e-18
2.725000000000000e+02,1.000000000000000e+00,-3.074371366127765e-20,-3.807396824850014e-26,7.549337344249924e-20,-1.628907525273790e-21,3.781420187727586e-26,-2.401485512698696e-20,5.896338700968697e-22,-1.659668620660549e-27,2.329973325392300e-22,1.783518856123835e-41,-3.013478921756511e-22,5.445245070327588e-27,-1.464906162746205e-21,9.340741250072936e-18
2.730000000000000e+02,1.000000000000000e+00,-3.096154842918902e-20,-2.931324459453087e-26,6.972218192100795e-20,-1.521113419167873e-22,3.237917645543153e-26,-2.217900752899518e-20,5.045114553820316e-22,-1.473738673813398e-27,2.151855410035836e-22,1.500534568877927e-41,-2.814059825460564e-23,4.662601409582052e-27,-1.352919459268706e-21,8.741916685093787e-18
2.735000000000000e+02,1.000000000000000e+00,-3.083806277057420e-20,-2.183300244522187e-26,6.439217682501265e-20,1.105130006730935e-21,2.756079465784117e-26,-2.048350374674703e-20,4.271012039253311e-22,-1.304319640346920e-27,1.987353956046195e-22,1.290997612590556e-41,2.044490512452229e-22,3.968754430729077e-27,-1.249493728551569e-21,8.181338610692086e-18
2.740000000000000e+02,1.000000000000000e+00,-3.042558247506990e-20,-1.548610546367465e-26,5.946963107037192e-20,2.163147456542772e-21,2.330342922674812e-26,-1.891761501025148e-20,3.570204722085521e-22,-1.150428066186093e-27,1.835428034891383e-22,1.134804944914405e-41,4.001822794604129e-22,3.355693808651707e-27,-1.153974515625341e-21,7.654813140823179e-18
2.745000000000000e+02,1.000000000000000e+00,-2.977148184116901e-20,-1.013889533447917e-26,5.492339588482995e-20,3.041214890358526e-21,1.955488871520170e-26,-1.747143272463462e-20,2.938708160371925e-22,-1.011070997560435e-27,1.695116293207979e-22,1.016568571516006e-41,5.626247547163274e-22,2.815903974989042e-27,-1.065757396202712e-21,7.158919570375357e-18
2.750000000000000e+02,1.000000000000000e+00,-2.891845253860946e-20,-5.670330851928187e-27,5.072470370552933e-20,3.757515199375394e-21,1.626642493374688e-26,-1.613580577076009e-20,2.372443286552277e-22,-8.852602023939617e-28,1.565530869571358e-22,9.247109093907915e-42,6.951403118844478e-22,2.342365190459564e-27,-9.842841520163651e-22,6.690883735725690e-18
2.755000000000000e+02,1.000000000000000e+00,-2.790477891248822e-20,-1.971130909335198e-27,4.684698614428561e-20,4.329122303091582e-21,1.339269587646291e-26,-1.490228259898701e-20,1.867291244143166e-22,-7.720236580384113e-28,1.445851776306506e-22,8.506950055294135e-42,8.008876260719427e-22,1.928548206210683e-27,-9.090392385382072e-22,6.248463254800958e-18
2.760000000000000e+02,1.000000000000000e+00,-2.676461601979475e-20,1.057068611783883e-27,4.326570586874924e-20,4.771996918135453e-21,1.089169296334723e-26,-1.376305774964777e-20,1.419140412285888e-22,-6.704146755893758e-28,1.335321710788785e-22,7.883769437192019e-42,8.828194298550589e-22,1.568403786722032e-27,-8.395465227285141e-22,5.829845959637761e-18
2.765000000000000e+02,1.000000000000000e+00,-2.552826721708342e-20,3.502536108377696e-27,3.995820133563620e-20,5.100994060005641e-21,8.724640220992997e-27,-1.271092246183922e-20,1.023926318729962e-22,-5.795189909936229e-28,1.233241263401736e-22,7.334673256867273e-42,9.436839011010436e-22,1.256348191823027e-27,-7.753662701721922e-22,5.433561844609861e-18
2.770000000000000e+02,1.000000000000000e+00,-2.422245859870857e-20,5.444237501675327e-27,3.690354339353336e-20,5.329880446545810e-21,6.855871941516001e-27,-1.173921905799049e-20,6.776651078658852e-23,-4.984601165177652e-28,1.138964491828957e-22,6.830887920432343e-42,9.860278826109747e-22,9.872455595783422e-28,-7.160923625374200e-22,5.058408137713697e-18
2.775000000000000e+02,1.000000000000000e+00,-2.287060802071462e-20,6.952596797971521e-27,3.408240284789378e-20,5.471360147370678e-21,5.252694399277297e-27,-1.084179881556344e-20,3.764811948919325e-23,-4.264032127241822e-28,1.051894833675058e-22,6.354170169751985e-42,1.012201627263575e-21,7.563879934959695e-28,-6.613497277493697e-22,4.703386628129257e-18
2.780000000000000e+02,1.000000000000000e+00,-2.149308683850840e-20,8.090220586681640e-27,3.147692815020215e-20,5.537106989106410e-21,3.885236355283919e-27,-1.001298305930701e-20,1.166297006974981e-23,-3.625577107039414e-28,9.714813315518589e-23,5.893933534568168e-42,1.024364792984686e-21,5.594740351609224e-28,-6.107919666177274e-22,4.367652105092393e-18
2.785000000000000e+02,1.000000000000000e+00,-2.010747283930372e-20,8.912584184805899e-27,2.907063243735524e-20,5.537802382016317e-21,2.726292330043525e-27,-9.247527227866081e-21,-1.054857749211940e-23,-3.061788867595059e-28,8.972151467428104e-23,5.444982282878901e-42,1.024493440673019e-21,3.925860955263044e-28,-5.640991608998309e-22,4.050470633510612e-18
2.790000000000000e+02,1.000000000000000e+00,-1.872879316551360e-20,9.468678048075224e-27,2.684828920646699e-20,5.483177379286800e-21,1.751161967571114e-27,-8.540587687366275e-21,-2.932995210899049e-23,-2.565685668234705e-28,8.286263393850460e-23,5.005754121367617e-42,1.014387815168058e-21,2.521673233302754e-28,-5.209758489293428e-22,3.751186367921161e-18
2.795000000000000e+02,1.000000000000000e+00,-1.736975630527277e-20,9.801613826111207e-27,2.479583596495265e-20,5.382057915993764e-21,9.374882373178754e-28,-7.887691081978467e-21,-4.500737407526149e-23,-2.130751154568518e-28,7.652808947946554e-23,4.576983588971884e-42,9.956807144588464e-22,1.349983061738067e-28,-4.811491560006864e-22,3.469195652952896e-18
2.800000000000000e+02,1.000000000000000e+00,-1.604097247357477e-20,9.949190061415336e-27,2.290028524621016e-20,5.242412300693339e-21,2.650967187774642e-28,-7.284706027520291e-21,-5.788917846440401e-23,-1.750928441092932e-28,7.067779771185478e-23,4.160708750743040e-42,9.698462756282678e-22,3.817392750398500e-29,-4.443670676787377e-22,3.203927248016401e-18
2.805000000000000e+02,1.000000000000000e+00,-1.475116192453476e-20,9.944418037420979e-27,2.114964242782658e-20,5.071400148897508e-21,-2.841622221903345e-28,-6.727816968977906e-21,-6.826541814129431e-23,-1.420609552673156e-28,6.527473929344911e-23,3.759554096623035e-42,9.382090275460391e-22,-4.091935999538059e-29,-4.103968351076522e-22,2.954827626410525e-18
2.810000000000000e+02,1.000000000000000e+00,-1.350735092440967e-20,9.816008684882123e-27,1.953282983228117e-20,4.875422054683604e-21,-7.265669327064990e-28,-6.213500036524430e-21,-7.640770849046151e-23,-1.134621229957240e-28,6.028472487496704e-23,3.376232242013471e-42,9.019530801164667e-22,-1.046256383097109e-28,-3.790235022279902e-22,2.721350420378111e-18
2.815000000000000e+02,1.000000000000000e+00,-1.231505527851248e-20,9.588821772541287e-27,1.803961662987136e-20,4.660169394675906e-21,-1.076672538854349e-27,-5.738500747257156e-21,-8.256927922435470e-23,-8.882079602939966e-29,5.567617875748759e-23,3.013215958005692e-42,8.621313380150427e-22,-1.550408455950038e-28,-3.500485455826865e-22,2.502949204608853e-18
2.820000000000000e+02,1.000000000000000e+00,-1.117845144525208e-20,9.284278849780771e-27,1.666055410030293e-20,4.430673747998403e-21,-1.347452745871758e-27,-5.299813411555210e-21,-8.698520175587085e-23,-6.770129684418684e-29,5.141993908846563e-23,2.672540139179000e-42,8.196746433797045e-22,-1.940331954055131e-28,-3.232886181048678e-22,2.299072925561227e-18
2.825000000000000e+02,1.000000000000000e+00,-1.010053538932187e-20,8.920741586876633e-27,1.538691584329418e-20,4.191355496930266e-21,-1.550434775145659e-27,-4.894662113745610e-21,-8.987276358666601e-23,-4.970577888128657e-29,4.748907333202966e-23,2.355700508238540e-42,7.754007669320993e-22,-2.232626076209571e-28,-2.985743889384822e-22,2.109163389590061e-18
2.830000000000000e+02,1.000000000000000e+00,-9.083269425553191e-21,8.513857282322232e-27,1.421064255986015e-20,3.946071246322936e-21,-1.695827038899705e-27,-4.520483146727676e-21,-9.143196397052508e-23,-3.447209418317342e-29,4.385870784589807e-23,2.063622161333340e-42,7.300231805697431e-22,-2.441990936015418e-28,-2.757494719503882e-22,1.932654317810962e-18
2.835000000000000e+02,1.000000000000000e+00,-8.127717387041275e-21,8.076873385085269e-27,1.312429105486515e-20,3.698159765796922e-21,-1.792639319470316e-27,-4.174908789405972e-21,-9.184610775515495e-23,-2.167161499314533e-29,4.050587048651595e-23,1.796676506631659e-42,6.841595566724306e-22,-2.581400620037117e-28,-2.546694361537643e-22,1.768971559668310e-18
2.840000000000000e+02,1.000000000000000e+00,-7.234168517627750e-21,7.620922920174882e-27,1.212098713814307e-20,3.450486217773106e-21,-1.848795357770555e-27,-3.855752324278989e-21,-9.128247678434238e-23,-1.100704525656486e-29,3.740934524645025e-23,1.554729792940222e-42,6.383399502880247e-22,-2.662265315189478e-28,-2.352008917810183e-22,1.617534130811362e-18
2.845000000000000e+02,1.000000000000000e+00,-6.402250541359508e-21,7.155282715140435e-27,1.119438212615434e-20,3.205484486954727e-21,-1.871237868543049e-27,-3.560994200378242e-21,-8.989306055553147e-23,-2.210251329664028e-30,3.454953800422510e-23,1.337210329341575e-42,5.930146300866245e-22,-2.694582530701886e-28,-2.172206462230728e-22,1.477755805087971e-18
2.850000000000000e+02,1.000000000000000e+00,-5.631032401702349e-21,6.687606308866406e-27,1.033861266893167e-20,2.965197473407988e-21,-1.866026091532910e-27,-3.288769253999924e-21,-8.781532997724169e-23,4.959864550112093e-30,3.190835253708864e-23,1.143184732993158e-42,5.485615325804778e-22,-2.687077571807299e-28,-2.006149244939954e-22,1.349047046447217e-18
2.855000000000000e+02,1.000000000000000e+00,-4.919117192521164e-21,6.224133387266955e-27,9.548263648108456e-21,2.731315252329773e-21,-1.838426060661400e-27,-3.037354906364735e-21,-8.517304005944773e-23,1.071942944341270e-29,2.946907601214881e-23,9.714361854342458e-43,5.052933216810080e-22,-2.647333527352337e-28,-1.852786492882488e-22,1.230817115600255e-18
2.860000000000000e+02,1.000000000000000e+00,-4.264725822491014e-21,5.769877537536746e-27,8.818333911256800e-21,2.505211039369078e-21,-1.792993830231356e-27,-2.805160263523354e-21,-8.207704920228843e-23,1.526158921329339e-29,2.721627323129241e-23,8.205398027131133e-43,4.634640422832794e-22,-2.581911115533085e-28,-1.711147760749246e-22,1.122476229679815e-18
2.865000000000000e+02,1.000000000000000e+00,-3.665771965912991e-21,5.328794047187370e-27,8.144204625709803e-21,2.287974931400638e-21,-1.733651940442049e-27,-2.590716049534150e-21,-7.862614442943046e-23,1.875841167152502e-29,2.513568896069211e-23,6.889319033256807e-43,4.232753623091181e-22,-2.496458794236493e-28,-1.580336790215831e-22,1.023437691945396e-18
2.870000000000000e+02,1.000000000000000e+00,-3.119928857012030e-21,4.903929399358677e-27,7.521610051617990e-21,2.080445419335840e-21,-1.663759436069641e-27,-2.392665309212536e-21,-7.490786344795793e-23,2.136269577443962e-29,2.321415772686435e-23,5.749712578107093e-43,3.848824025771304e-22,-2.395813587940234e-28,-1.459525838619647e-22,9.331199435590386e-19
2.875000000000000e+02,1.000000000000000e+00,-2.624688482728136e-21,4.497554034528230e-27,6.946610549298432e-21,1.883238692281740e-21,-1.586175773878739e-27,-2.209754821621048e-21,-7.099930581325423e-23,2.320968188027265e-29,2.143952050848799e-23,4.769913867562452e-43,3.483991580721219e-22,-2.284093114385342e-28,-1.347950441188840e-22,8.509485208628248e-19
2.880000000000000e+02,1.000000000000000e+00,-2.177413721722153e-21,4.111279863015300e-27,6.415567650072996e-21,1.696775771490313e-21,-1.503318967754763e-27,-2.040827169966597e-21,-6.696792674186435e-23,2.441866025704096e-29,1.980054779682786e-23,3.933436956304964e-43,3.139035177257079e-22,-2.164779313566823e-28,-1.244904573679624e-22,7.763579290084618e-19
2.885000000000000e+02,1.000000000000000e+00,-1.775383965657076e-21,3.746163924481833e-27,5.925121032849614e-21,1.521307528424070e-21,-1.417218327076110e-27,-1.884813417725001e-21,-6.287230825493100e-23,2.509447683285726e-29,1.828686853790623e-23,3.224317445327259e-43,2.814418927584530e-22,-2.040794390989569e-28,-1.149736184812251e-22,7.087934650119646e-19
2.890000000000000e+02,1.000000000000000e+00,-1.415834743556210e-21,3.402799501540213e-27,5.472167260759450e-21,1.356937654228801e-21,-1.329562144694165e-27,-1.740726344648941e-21,-5.876290335682868e-23,2.532893665700652e-29,1.688890450678527e-23,2.627372915776670e-43,2.510334660323282e-22,-1.914569488359574e-28,-1.061843070235854e-22,6.477130383482420e-19
2.895000000000000e+02,1.000000000000000e+00,-1.095991851871352e-21,3.081395905871091e-27,5.053840143300173e-21,1.203643658257100e-21,-1.241740687115828e-27,-1.607654199858296e-21,-5.468274986548435e-23,2.520210673301223e-29,1.559780969869496e-23,2.128389569887169e-43,2.226740767775635e-22,-1.788106589446772e-28,-9.806690619135603e-23,5.925890425719918e-19
2.900000000000000e+02,1.000000000000000e+00,-8.131004724341033e-22,2.781848067972219e-27,4.667492599721377e-21,1.061295981315273e-21,-1.154884832003893e-27,-1.484754932483804e-21,-5.066815131997072e-23,2.478352083267808e-29,1.440541435348622e-23,1.714244621868383e-43,1.963397565433255e-22,-1.663034158085589e-28,-9.057005088151207e-23,5.429103247657628e-19
2.905000000000000e+02,1.000000000000000e+00,-5.644497382584646e-22,2.503796976626514e-27,4.310679908887626e-21,9.296753152789865e-22,-1.069900687715969e-27,-1.371250863356870e-21,-4.674932310460375e-23,2.413328963693389e-29,1.330417325921016e-23,1.372974301180349e-43,1.719899333266125e-22,-1.540656990310981e-28,-8.364630266476904e-23,4.981842795249180e-19
2.910000000000000e+02,1.000000000000000e+00,-3.473931836957479e-22,2.246681932036088e-27,3.981144239628074e-21,8.084882248880119e-22,-9.875005169710814e-28,-1.266423764029133e-21,-4.295100255414874e-23,2.330312010568747e-29,1.228711800769878e-23,1.093797109829382e-43,1.495703216042822e-22,-1.422000744438346e-28,-7.725184960577710e-23,4.579390614660296e-19
2.915000000000000e+02,1.000000000000000e+00,-1.593654911363105e-22,2.009785497803826e-27,3.676800363684105e-21,6.973811701164825e-22,-9.082302724435788e-28,-1.169610311982949e-21,-3.929302234880798e-23,2.233724838175351e-29,1.134781290003122e-23,8.671013851796901e-44,1.290155164715493e-22,-1.307851592318744e-28,-7.134622903095986e-23,4.217258686331717e-19
2.920000000000000e+02,1.000000000000000e+00,2.104078325128321e-24,1.792271961906497e-27,3.395722460849731e-21,5.959530287330479e-22,-8.324940366271292e-28,-1.080197893274358e-21,-3.579084697718493e-23,2.127329080712380e-29,1.048031422286576e-23,6.844053955558648e-44,1.102513103156139e-22,-1.198791412743059e-28,-6.589207148973581e-23,3.891212055078896e-19
2.925000000000000e+02,1.000000000000000e+00,1.393812077753247e-22,1.593220045732230e-27,3.136131932810600e-21,5.037662187076345e-22,-7.605756421006525e-28,-9.976207260486008e-22,-3.245607244686327e-23,2.014301779432347e-29,9.679132637946441e-24,5.382972423558105e-44,9.319675046091238e-23,-1.095228924624934e-28,-6.085486428896465e-23,3.597289975337344e-19
2.930000000000000e+02,1.000000000000000e+00,2.547186632478290e-22,1.411650533294369e-27,2.896386148570342e-21,4.203565191639034e-22,-6.926577317077072e-28,-9.213562803986658e-22,-2.929688976179947e-23,1.897305536975253e-29,8.939198446794473e-24,4.223608385698388e-44,7.776595604532214e-23,-9.974271336590934e-29,-5.620273310431861e-23,3.331824080897615e-19
2.935000000000000e+02,1.000000000000000e+00,3.502507351620411e-22,1.246549429948979e-27,2.674968050247769e-21,3.452416867780992e-22,-6.288385014163601e-28,-8.509219719125099e-22,-2.631851296927861e-23,1.778551920579794e-29,8.255829510786283e-24,3.310932373144274e-44,6.386971205394834e-23,-9.055274420395547e-29,-5.190624028666310e-23,3.091452100386605e-19
2.940000000000000e+02,1.000000000000000e+00,4.279896931566372e-22,1.096887201335340e-27,2.470476553472777e-21,2.779289620296225e-22,-5.691463519908865e-28,-7.858721079864720e-22,-2.352357281228355e-23,1.659858589808775e-29,7.624701623623879e-24,2.598176357238676e-44,5.141685797548016e-23,-8.195707468668736e-29,-4.793819858717479e-23,2.873125889332738e-19
2.945000000000000e+02,1.000000000000000e+00,4.898239882670169e-22,9.616345887761420e-28,2.281617681636765e-21,2.179215566455668e-22,-5.135526592676852e-28,-7.257950675818263e-22,-2.091247721100628e-23,1.542700613564284e-29,7.041821148721336e-24,2.045955059256677e-44,4.031548797942986e-23,-7.395158293454644e-29,-4.427349912249140e-23,2.674112997830800e-19
2.950000000000000e+02,1.000000000000000e+00,5.375179588008739e-22,8.397754469233426e-28,2.107196377897093e-21,1.647242100661220e-22,-4.619828569343549e-28,-6.703106965786036e-22,-1.848373994478130e-23,1.428256426528781e-29,6.503499748362732e-24,1.621405216124647e-44,3.047397886223256e-23,-6.652553139854692e-29,-4.088895249129482e-23,2.491991555870308e-19
2.955000000000000e+02,1.000000000000000e+00,5.727128177459027e-22,7.303170028901165e-28,1.946108943123766e-21,1.178478988929640e-22,-4.143260103781836e-28,-6.190679022450600e-22,-1.623427901751228e-23,1.317448857644915e-29,6.006331044723342e-24,1.297362633430786e-44,2.180186129519833e-23,-5.966294549445831e-29,-3.776314203694866e-23,2.324638832336266e-19
2.960000000000000e+02,1.000000000000000e+00,5.969287200232814e-22,6.322978933176943e-28,1.797336051937379e-21,7.681377915932752e-23,-3.704430454849564e-28,-5.717424316011315e-22,-1.415968626993215e-23,1.210981643601427e-29,5.547169065069833e-24,1.051590993870996e-44,1.421054914447559e-23,-5.334379854983362e-29,-3.487628832766902e-23,2.170214312890502e-19
2.965000000000000e+02,1.000000000000000e+00,6.115677273254227e-22,5.447942966179236e-28,1.659936302645313e-21,4.115643695824758e-23,-3.301737822931059e-28,-5.280348196178563e-22,-1.225446985470162e-23,1.109371819169958e-29,5.123108334746363e-24,8.660714845274727e-45,7.613940837275802e-24,-4.754502465020717e-29,-3.221012399668924e-23,2.027138481269779e-19
2.970000000000000e+02,1.000000000000000e+00,6.179175066108064e-22,4.669244418251678e-28,1.533040260261687e-21,1.042651855411508e-23,-2.933429101834421e-28,-4.876684942694222e-22,-1.051227121901981e-23,1.012978354180384e-29,4.731465491978340e-24,7.263582975995096e-45,1.928905932511290e-24,-4.224137906641562e-29,-2.974777815043475e-23,1.894068652859570e-19
2.975000000000000e+02,1.000000000000000e+00,6.171556155529121e-22,3.978517428936114e-28,1.415844954916563e-21,-1.580719335746291e-23,-2.597650288353511e-28,-4.503880264470406e-22,-8.926058247398818e-24,9.220273843823287e-30,4.369762308157425e-24,6.210018649164314e-45,-2.924330771130638e-24,-3.740616415229054e-29,-2.747366961326948e-23,1.769873210156560e-19
2.980000000000000e+02,1.000000000000000e+00,6.103542443488324e-22,3.367867776926565e-28,1.307608800841604e-21,-3.795619503369442e-23,-2.292488675165202e-28,-4.159575136604827e-22,-7.488296207559652e-24,8.366343607908708e-30,4.035710006163294e-24,5.410392150290225e-45,-7.021896081233468e-24,-3.301183692237890e-29,-2.537340833328944e-23,1.653605463091274e-19
2.985000000000000e+02,1.000000000000000e+00,5.984852982924221e-22,2.829883041875879e-28,1.207646903780634e-21,-5.641111091494262e-23,-2.016007843932750e-28,-3.841590872997051e-22,-6.191098117782197e-24,7.568234196595091e-30,3.727194777492169e-24,4.795489975534532e-45,-1.043605551926438e-23,-2.903051295263158e-29,-2.343370432528201e-23,1.544478149773451e-19
2.990000000000000e+02,1.000000000000000e+00,5.824257194233585e-22,2.357634821502485e-28,1.115326727131454e-21,-7.154092323010625e-23,-1.766276374413270e-28,-3.547915340108517e-22,-5.026356116967362e-24,6.825442532075642e-30,3.442264406547844e-24,4.312674086415308e-45,-1.323507079756965e-23,-2.543437979155109e-29,-2.164228357466195e-23,1.441839350135232e-19
2.995000000000000e+02,1.000000000000000e+00,5.629629584021649e-22,1.944674470341510e-28,1.030064089395224e-21,-8.369253271760209e-23,-1.541391091834021e-28,-3.276690224630019e-22,-3.985855371378513e-24,6.136867398457707e-30,3.179115917456530e-24,3.922603845621955e-45,-1.548311855275639e-23,-2.219603172240990e-29,-1.998781037024311e-23,1.345150342283311e-19
3.000000000000000e+02,1.000000000000000e+00,5.408005195639163e-22,1.585023631847498e-28,9.513194676061572e-22,-9.319060527499996e-23,-1.339495588561791e-28,-3.026199274489319e-22,-3.061371996522663e-24,5.500935720414746e-30,2.936084165237399e-24,3.596469249237473e-45,-1.724026197587499e-23,-1.928873647528980e-29,-1.845981557438484e-23,1.253965713406347e-19
3.005000000000000e+02,1.000000000000000e+00,5.165635129074221e-22,1.273160661597283e-28,8.785945833504544e-22,-1.003376632637616e-22,-1.158794676850694e-28,-2.794857438790610e-22,-2.244756410693055e-24,4.915711002548513e-30,2.711631299136390e-24,3.313681888369707e-45,-1.856246770379590e-23,-1.668664334665001e-29,-1.704863037662272e-23,1.167915856805526e-19
3.010000000000000e+02,1.000000000000000e+00,4.908041566239160e-22,1.004003884351117e-28,8.114292497715749e-22,-1.054143839346427e-22,-9.975653568916823e-29,-2.581200837965759e-22,-1.528003469904095e-24,4.378985926388307e-30,2.504337031449357e-24,3.059970110084457e-45,-1.950166102790890e-23,-1.436494113924024e-29,-1.574532511159113e-23,1.086691848089908e-19
3.015000000000000e+02,1.000000000000000e+00,4.640071827047340e-22,7.728924900814293e-29,7.493984596103880e-22,-1.086800709929399e-22,-8.541648181550479e-29,-2.383877500670724e-22,-9.033106636993488e-25,3.888360924800000e-30,2.312889650258139e-24,2.825826540523093e-45,-2.010581313369389e-23,-1.229997338143271e-29,-1.454165275409142e-23,1.010032594852857e-19
3.020000000000000e+02,1.000000000000000e+00,4.365951062385279e-22,5.755657522342416e-29,6.921096958539732e-22,-1.103732686832411e-22,-7.270359317542302e-29,-2.201638808812244e-22,-3.631255788219810e-25,3.441310386950595e-30,2.136077719209892e-24,2.605259006246802e-45,-2.041905470639960e-23,-1.046931741726093e-29,-1.342999673375469e-23,9.377140898937823e-20
3.025000000000000e+02,1.000000000000000e+00,4.089333262641457e-22,4.081411440016922e-29,6.392004479754596e-22,-1.107124909360650e-22,-6.147106368972792e-29,-2.033331596570877e-22,9.981623593757174e-26,3.035237990980968e-30,1.972782411817910e-24,2.394799548949698e-45,-2.048181082317203e-23,-8.851833171320835e-30,-1.240332273908235e-23,8.695405615769878e-20
3.030000000000000e+02,1.000000000000000e+00,3.813350325351830e-22,2.670918339015016e-29,5.903359180482182e-22,-1.098970410818349e-22,-5.158115750627375e-29,-1.877890853424749e-22,4.924619443471657e-25,2.667522516134023e-30,1.821970431776999e-24,2.192730354065154e-45,-2.033095260013946e-23,-7.427686680903436e-30,-1.145513420589097e-23,8.053372994963937e-20
3.035000000000000e+02,1.000000000000000e+00,3.540658983262338e-22,1.492239592178851e-29,5.452069022192115e-22,-1.081079004013542e-22,-4.290522809743727e-29,-1.734332985000366e-22,8.214196508615085e-25,2.335555351097620e-30,1.682687474494811e-24,1.998489752322511e-45,-1.999996157425052e-23,-6.178352846030980e-30,-1.057943120850223e-23,7.449449332218577e-20
3.040000000000000e+02,1.000000000000000e+00,3.273485445186778e-22,5.165400368669960e-30,5.035278341359361e-22,-1.055086663486320e-22,-3.532361993968452e-29,-1.601749589106679e-22,1.092943268619075e-24,2.036770790482352e-30,1.554052188465098e-24,1.812225809998825e-45,-1.951910327449692e-23,-5.086601271314584e-30,-9.770672493550744e-24,6.882149515587188e-20
3.045000000000000e+02,1.000000000000000e+00,3.013667646942150e-22,-2.821345687860421e-30,4.650349779461995e-22,-1.022465236554443e-22,-2.872547608854678e-29,-1.479301707568500e-22,1.312923184219218e-24,1.768670096318574e-30,1.435250598271809e-24,1.634469253279817e-45,-1.891560687625720e-23,-4.136468556750748e-30,-9.023740416167852e-24,6.350062655714845e-20
3.050000000000000e+02,1.000000000000000e+00,2.762695048849495e-22,-9.270743152314081e-30,4.294847594364362e-22,-9.845323371265698e-23,-2.300847175641344e-29,-1.366214517486187e-22,1.486881944600226e-24,1.528840195821832e-30,1.325530953934143e-24,1.465901471510306e-45,-1.821384823684154e-23,-3.313219932923547e-30,-8.333908556665741e-24,5.851826377234644e-20
3.055000000000000e+02,1.000000000000000e+00,2.521745950258497e-22,-1.439114507818688e-29,3.966522247483790e-22,-9.424612962742139e-23,-1.807849114574975e-29,-1.261772428329048e-22,1.619974257231688e-24,1.314967789995975e-30,1.224198974000226e-24,1.307197044423652e-45,-1.743553398107296e-23,-2.603302724987974e-30,-7.696811812807195e-24,5.386108198299293e-20
3.060000000000000e+02,1.000000000000000e+00,2.291722320733719e-22,-1.836836400392579e-29,3.663296169211888e-22,-8.972910618507110e-23,-1.384926225637614e-29,-1.165314553837977e-22,1.716990657930315e-24,1.124849559445381e-30,1.130613452288844e-24,1.158923598814316e-45,-1.659988464423815e-23,-1.994293764918173e-30,-7.108418778411662e-24,4.951592627473773e-20
3.065000000000000e+02,1.000000000000000e+00,2.073282172355286e-22,-2.136758405870080e-29,3.383250612517163e-22,-8.499359560776021e-23,-1.024196214369939e-29,-1.076230530084520e-22,1.782364260697155e-24,9.563990735611763e-31,1.044182200479662e-24,1.021484801661271e-45,-1.572381518743564e-23,-1.474842548692720e-30,-6.565006233515575e-24,4.546972799695147e-20
3.070000000000000e+02,1.000000000000000e+00,1.866869518443520e-22,-2.353517180186108e-29,3.124613511541522e-22,-8.011952150693489e-23,-7.184803128381484e-30,-9.939566532239939e-23,1.820180060906462e-24,8.076509365326662e-31,9.643583008775280e-25,8.950949373901866e-46,-1.482211147878295e-23,-1.034611650486941e-30,-6.063135584666363e-24,4.170945650875435e-20
3.075000000000000e+02,1.000000000000000e+00,1.672741981299504e-22,-2.500038216329578e-29,2.885748268362523e-22,-7.517622478228276e-23,-4.612608721719113e-30,-9.179723125032102e-23,1.834186316857758e-24,6.767626379158793e-31,8.906366456392247e-25,7.797758072471194e-46,-1.390760158472231e-23,-6.642156559275583e-31,-5.599631106269582e-24,3.822209791766894e-20
3.080000000000000e+02,1.000000000000000e+00,1.490996125624999e-22,-2.587695784877403e-29,2.665143396966531e-22,-7.022335643473037e-23,-2.466386511556578e-30,-8.477966959516799e-23,1.827807585083823e-24,5.620145162737791e-31,8.225507405636291e-25,6.753686479670338e-46,-1.299132094042512e-23,-3.551596576641526e-31,-5.171559845305248e-24,3.499465385493222e-20
3.085000000000000e+02,1.000000000000000e+00,1.321590605485604e-22,-2.626462221614334e-29,2.461402958902161e-22,-6.531173334429107e-23,-6.929039291303740e-31,-7.829857479106391e-23,1.804159031880497e-24,4.618081912061159e-31,7.596697532203767e-25,5.815554202368205e-46,-1.208267066869385e-23,-9.977816579477855e-32,-4.776213062254899e-24,3.201415460393598e-20
3.090000000000000e+02,1.000000000000000e+00,1.164367221328892e-22,-2.625046696123348e-29,2.273237730092913e-22,-6.048415402401480e-23,7.557283322459668e-31,-7.231293591478262e-23,1.766061687314659e-24,3.746637714449777e-31,7.015957867382958e-25,4.978851935088405e-46,-1.118956849444274e-23,1.088248798434152e-31,-4.411089090801740e-24,2.926768201928674e-20
3.095000000000000e+02,1.000000000000000e+00,1.019069989960130e-22,-2.591023701783127e-29,2.099457042914603e-22,-5.577617220777023e-23,1.922461468807454e-30,-6.678487717776768e-23,1.716058348530006e-24,2.992161041568531e-31,6.479613620026962e-25,4.238024827182632e-46,-1.031859185843749e-23,2.768344515082699e-31,-4.073877507843828e-24,2.674239866080527e-20
3.100000000000000e+02,1.000000000000000e+00,8.853623347864270e-23,-2.530951591111446e-29,1.938961251916038e-22,-5.121682687070845e-23,2.845699364035371e-30,-6.167941825658515e-23,1.656429876584224e-24,2.342102927357092e-31,5.984270923294482e-25,3.586753047224905e-46,-9.475112971081064e-24,4.097807084210904e-31,-3.762444513651694e-24,2.442558043690485e-20
3.105000000000000e+02,1.000000000000000e+00,7.628425063185052e-23,-2.450481544135152e-29,1.790734775507732e-22,-4.682932792540684e-23,3.559672837887243e-30,-5.696425294523441e-23,1.589211665414802e-24,1.784966767883897e-31,5.526795359016930e-25,3.018214472050038e-46,-8.663425666200266e-24,5.125928886557604e-31,-3.474819429659298e-24,2.230465082033557e-20
3.110000000000000e+02,1.000000000000000e+00,6.510573440999887e-23,-2.354457404366758e-29,1.653839669587987e-22,-4.263169739196096e-23,4.094795772970202e-30,-5.260954472867786e-23,1.516210092957676e-24,1.310254383204692e-31,5.104292123798926e-25,2.525320080781184e-46,-7.886864017512778e-24,5.896505913077068e-31,-3.209182228449349e-24,2.036721537651921e-20
3.115000000000000e+02,1.000000000000000e+00,5.495144911296445e-23,-2.247006849604702e-29,1.527409692441688e-22,-3.863736631445106e-23,4.478002066148314e-30,-4.858773798402469e-23,1.439018793059632e-24,9.084097196785341e-32,4.714087711347817e-25,2.100916946171602e-46,-7.147912768173445e-24,6.448322975253554e-31,-2.963852017025506e-24,1.860109593364063e-20
3.120000000000000e+02,1.000000000000000e+00,4.576931706457485e-23,-2.131624385422486e-29,1.410644823355831e-22,-3.485572809667199e-23,4.733062791949898e-30,-4.487338361469156e-23,1.359034612767122e-24,5.707613415060389e-32,4.353712995121644e-25,1.737956917457497e-46,-6.448309697884318e-24,6.815610420407837e-31,-2.737276400496185e-24,1.699436421815957e-20
3.125000000000000e+02,1.000000000000000e+00,3.750536330290992e-23,-2.011246659867358e-29,1.302806200266778e-22,-3.129264926382185e-23,4.880883327352314e-30,-4.144297801419226e-23,1.277473142982752e-24,2.894646593763835e-32,4.020887604246909e-25,1.429631385741316e-46,-5.789140113807043e-24,7.028471991387319e-31,-2.528021658865728e-24,1.553537516344572e-20
3.130000000000000e+02,1.000000000000000e+00,3.010453777103739e-23,-1.888320600297679e-29,1.203211444405819e-22,-2.795093893064084e-23,4.939780485562476e-30,-3.827481434055499e-23,1.195383731501852e-24,5.744466913880162e-33,3.713505493839897e-25,1.169474093976806e-46,-5.170923702168556e-24,7.113283899209954e-31,-2.334763674773854e-24,1.421280034840867e-20
3.135000000000000e+02,1.000000000000000e+00,2.351142514806676e-23,-1.764864868970560e-29,1.111230342358430e-22,-2.483077847653818e-23,4.925739947805021e-30,-3.534884516026514e-23,1.113663906223222e-24,-1.316601783301172e-32,3.429621618424207e-25,9.514349532897526e-47,-4.593694018159563e-24,7.093065524839222e-31,-2.156279554776173e-24,1.301566210924607e-20
3.140000000000000e+02,1.000000000000000e+00,1.767085206281390e-23,-1.642525124266548e-29,1.026280858214268e-22,-2.193011310038591e-23,4.852654474507165e-30,-3.264655559257461e-23,1.033073153018132e-24,-2.835524858778224e-32,3.167439624116479e-25,7.699283866290705e-47,-4.057070923571393e-24,6.987822443290309e-31,-1.991439891147051e-24,1.193336876766671e-20
3.145000000000000e+02,1.000000000000000e+00,1.252840099715649e-23,-1.522623560445012e-29,9.478254505736716e-23,-1.924500705735450e-23,4.732543527438667e-30,-3.015084615146365e-23,9.542460074867659e-25,-4.033284197511808e-32,2.925300481699438e-25,6.198599491028338e-47,-3.560326305610582e-24,6.814862679511673e-31,-1.839201615239282e-24,1.095575112671718e-20
3.150000000000000e+02,1.000000000000000e+00,8.030839723299649e-24,-1.406203181540160e-29,8.753676711055063e-23,-1.676996447247460e-23,4.575755048384334e-30,-2.784592454390492e-23,8.777044327756817e-25,-4.955279385663448e-32,2.701671988654848e-25,4.966349619574490e-47,-3.102443427407801e-24,6.589087269673435e-31,-1.698601397178200e-24,1.007309992312444e-20
3.155000000000000e+02,1.000000000000000e+00,4.126474637414695e-24,-1.294067245268777e-29,8.084490231327863e-23,-1.449821768520861e-23,4.391150223165660e-30,-2.571720573975353e-23,8.038694669138812e-25,-5.641825414693535e-32,2.495139073727537e-25,3.961527170176799e-47,-2.682170271763592e-24,6.323256321358546e-31,-1.568749550124965e-24,9.276203352532966e-21
3.160000000000000e+02,1.000000000000000e+00,7.654358590949114e-25,-1.186814291335590e-29,7.466460603679076e-23,-1.242198511050760e-23,4.186272117033851e-30,-2.375121968092733e-23,7.330721328849373e-25,-6.128604040833668e-32,2.304394842669879e-25,3.147895186104190e-47,-2.298067245443906e-24,6.028231848528742e-31,-1.448824400536567e-24,8.556383197148828e-21
3.165000000000000e+02,1.000000000000000e+00,-2.100098531608815e-24,-1.084869145888205e-29,6.895677074389286e-23,-1.053270060855511e-23,3.967499102808000e-30,-2.193552604588201e-23,6.655636130190477e-25,-6.447088282636711e-32,2.128232308506352e-25,2.493734758386776e-47,-1.948549612582696e-24,5.713198708043517e-31,-1.338067088798803e-24,7.905527602792651e-21
3.170000000000000e+02,1.000000000000000e+00,-4.515732244490983e-24,-9.885102705902601e-30,6.368527852517923e-23,-8.821216341254082e-24,3.740184020297047e-30,-2.025863553002940e-23,6.015246963871007e-25,-6.624939792338117e-32,1.965536753988964e-25,1.971535740380413e-47,-1.631925023132005e-24,5.385864989227744e-31,-1.235776767331793e-24,7.316118290092849e-21
3.175000000000000e+02,1.000000000000000e+00,-6.524728132632082e-24,-8.978938012625350e-30,5.881677255295283e-23,-7.277981061763332e-24,3.508780007727414e-30,-1.870993714397914e-23,5.410745138279133e-25,-6.686379226163924e-32,1.815278677915029e-25,1.557651658293940e-47,-1.346426496426216e-24,5.052643211127474e-31,-1.141306165782727e-24,6.781250024701000e-21
3.180000000000000e+02,1.000000000000000e+00,-8.167927245828296e-24,-8.130745976260737e-30,5.432044600665498e-23,-5.893195736986178e-24,3.276953935890218e-30,-1.727963106956306e-23,4.842785801524234e-25,-6.652530053324129e-32,1.676507280673040e-25,1.231936475144212e-47,-1.090241211342443e-24,4.718813667681912e-31,-1.054057495243347e-24,6.294640536807883e-21
3.185000000000000e+02,1.000000000000000e+00,-9.483704148761516e-24,-7.340246026427076e-30,5.016784713417231e-23,-4.656948344513221e-24,3.047688355940652e-30,-1.595866664877033e-23,4.311561670509775e-25,-6.541736493360587e-32,1.548344447794625e-25,9.773773786021646e-48,-8.615354437349458e-25,4.388671232554538e-31,-9.734786655749899e-25,5.850629724296776e-21
3.190000000000000e+02,1.000000000000000e+00,-1.050795352071144e-23,-6.606487875043761e-30,4.633269921549132e-23,-3.559329617501873e-24,2.823372844313355e-30,-1.473868511320099e-23,3.816870333814954e-25,-6.369856465810112e-32,1.429979193441983e-25,7.797346113073805e-48,-6.584759792378465e-25,4.065656895811230e-31,-8.990597919052605e-25,5.444167791077579e-21
3.195000000000000e+02,1.000000000000000e+00,-1.127410348767776e-23,-5.927989366425290e-30,4.279073428947146e-23,-2.590531435454939e-24,2.605885594850888e-30,-1.361196669164281e-23,3.358175419301405e-25,-6.150530582824864e-32,1.320662528670249e-25,6.271965848461902e-48,-4.792483155591637e-25,3.752475256585278e-31,-8.303299681902111e-25,5.070792825764501e-21
3.200000000000000e+02,1.000000000000000e+00,-1.181315155222726e-23,-5.302855063405166e-30,3.951953959159665e-23,-1.740929477715345e-24,2.396666070505073e-30,-1.257138176107978e-23,2.934661934985568e-25,-5.895428321582172e-32,1.219702721992401e-25,5.100561279966081e-48,-3.220719533773389e-25,3.451199141527305e-31,-7.668542874258664e-25,4.726599082749592e-21
3.205000000000000e+02,1.000000000000000e+00,-1.215371938001186e-23,-4.728877707278273e-30,3.649841573099741e-23,-1.001151671375328e-24,2.196779486157284e-30,-1.161034573202704e-23,2.545286103627095e-25,-5.614472585298464e-32,1.126460922256640e-25,4.204117086416434e-48,-1.852130592044357e-25,3.163362460066488e-31,-7.082310896536497e-25,4.408197788229138e-21
3.210000000000000e+02,1.000000000000000e+00,-1.232212307391123e-23,-4.203624501782834e-30,3.370824570931947e-23,-3.621338776490545e-25,2.006973851303622e-30,-1.072277738271631e-23,2.188820018415229e-25,-5.316043904969195e-32,1.040347116138673e-25,3.518958158822767e-48,-6.699476736507509e-26,2.890042345877215e-31,-6.540894203456951e-25,4.112672608043586e-21
3.215000000000000e+02,1.000000000000000e+00,-1.234245591666450e-23,-3.724509994626981e-30,3.113137395261960e-23,1.848358281689040e-25,1.827730257473649e-30,-9.903060378480097e-24,1.863891449764978e-25,-5.007165553438725e-32,9.608163946689214e-26,2.994313644436999e-48,3.419462821124723e-26,2.631931570762055e-31,-6.040866830872859e-25,3.837531982880175e-21
3.220000000000000e+02,1.000000000000000e+00,-1.223668089048974e-23,-3.288857164373296e-30,2.875149459082928e-23,6.480830171632076e-25,1.659307051049294e-30,-9.146007732837865e-24,1.569019132180433e-25,-4.693670843298491e-32,8.873655051700350e-26,2.590159524933685e-48,1.198953581751934e-25,2.389402153510984e-31,-5.579064717031098e-25,3.580660398798444e-21
3.225000000000000e+02,1.000000000000000e+00,-1.202473058761406e-23,-2.893948165828655e-30,2.655354827784354e-23,1.035521730086825e-24,1.501778488237991e-30,-8.446828985401823e-24,1.302643855966155e-25,-4.380353864102100e-32,8.195296667861278e-26,2.275330293160292e-48,1.915715200660627e-25,2.162561023062708e-31,-5.152565681095112e-25,3.340270377903182e-21
3.230000000000000e+02,1.000000000000000e+00,-1.172461240913207e-23,-2.537066043309904e-30,2.452362689933575e-23,1.354637172805461e-24,1.355068425826886e-30,-7.801099888911412e-24,1.063155681777855e-25,-4.071104885665471e-32,7.568796294531267e-26,2.025884737011768e-48,2.506078769690102e-25,1.951298533190716e-31,-4.758670932235962e-25,3.114856610599599e-21
3.235000000000000e+02,1.000000000000000e+00,-1.135251721163097e-23,-2.215528588020991e-30,2.264888556531042e-23,1.612475278001892e-24,1.218979559395128e-30,-7.204734413582852e-24,8.489175870598199e-26,-3.769031615537182e-32,6.990189577000438e-26,1.823707116393664e-48,2.983079264303500e-25,1.755330565528984e-31,-4.394887992285540e-25,2.903153264729978e-21
3.240000000000000e+02,1.000000000000000e+00,-1.092292980216977e-23,-1.926715392949890e-30,2.091746133050251e-23,1.815638209361945e-24,1.093218680192996e-30,-6.653958891623481e-24,6.582858427299970e-26,-3.476567452438151e-32,6.455815220936863e-26,1.655322797333042e-48,3.358930687319598e-25,1.574234899477914e-31,-4.058914923890324e-25,2.704095141140428e-21
3.245000000000000e+02,1.000000000000000e+00,-1.044873990319717e-23,-1.668089045773878e-30,1.931839812830416e-23,1.970284963499074e-24,9.774183831379262e-31,-6.145288138303151e-24,4.896274064121033e-26,-3.195567825589353e-32,5.962291824532256e-26,1.510906384693161e-48,3.645027182473287e-25,1.407482471718613e-31,-3.748625764364922e-25,2.516783027048559e-21
3.250000000000000e+02,1.000000000000000e+00,-9.941352410651292e-24,-1.437211296800222e-30,1.784157744321738e-23,2.082136300501286e-24,8.711556214923240e-31,-5.675503398482118e-24,3.413346054034354e-26,-2.927395654073588e-32,5.506496481744891e-26,1.383460304781137e-48,3.851952155927378e-25,1.254464094948946e-31,-3.462057073074092e-25,2.340453341017094e-21
3.255000000000000e+02,1.000000000000000e+00,-9.410795951688652e-24,-1.231754944483020e-30,1.647765428314355e-23,2.156483305958467e-24,7.739674688859376e-31,-5.241631979046036e-24,2.118373686951043e-26,-2.672996902142794e-32,5.085545021246527e-26,1.268142400035838e-48,3.989494116023163e-25,1.114513155195750e-31,-3.197395507218082e-25,2.174451968692584e-21
3.260000000000000e+02,1.000000000000000e+00,-8.865828914175211e-24,-1.049512095041153e-30,1.521799804635644e-23,2.198198955479269e-24,6.853644164906640e-31,-4.840928438366547e-24,9.961325298047240e-27,-2.432967146878139e-32,4.696773756028975e-26,1.161722213362295e-48,4.066668067636648e-25,9.869247597465561e-32,-2.952966347403594e-25,2.018212052033845e-21
3.265000000000000e+02,1.000000000000000e+00,-8.314042269209979e-24,-8.883993746412602e-31,1.405463790897832e-23,2.211752116927385e-24,6.048415023744009e-31,-4.470857213758645e-24,3.195492917165779e-28,-2.207610014820389e-32,4.337722628186558e-26,1.062147095860248e-48,4.091741416315662e-25,8.709717634191373e-32,-2.727222900392774e-25,1.871235408031107e-21
3.270000000000000e+02,1.000000000000000e+00,-7.761958641531181e-24,-7.464606019848927e-31,1.298021238738328e-23,2.201223485845206e-24,5.318875413484528e-31,-4.129076577005213e-24,-7.882070886213485e-27,-1.996988284914889e-32,4.006119642218024e-26,9.682009352564777e-49,4.072263448813632e-25,7.659180595417722e-32,-2.518736711973180e-25,1.733077206024884e-21
3.275000000000000e+02,1.000000000000000e+00,-7.215127201673766e-24,-6.218673654364860e-31,1.198792275636977e-23,2.170323005784259e-24,4.659926969504697e-31,-3.813423816422840e-24,-1.477734512027528e-26,-1.800968397004440e-32,3.699866488345412e-26,8.792400670345432e-49,4.015097560700880e-25,6.710294836086764e-32,-2.326188528017932e-25,1.603333515996300e-21
3.280000000000000e+02,1.000000000000000e+00,-6.678214059197917e-24,-5.129178915444431e-31,1.107149002834299e-23,2.122408377562235e-24,4.066546125223929e-31,-3.521901551704396e-24,-2.049307770656741e-26,-1.619259048663248e-32,3.417025264877594e-26,7.949927136729340e-49,3.926455498490134e-25,5.855826420322458e-32,-2.148359946539681e-25,1.481631345030769e-21
3.285000000000000e+02,1.000000000000000e+00,-6.155087929170925e-24,-4.180345404517782e-31,1.022511522128107e-23,2.060504309885860e-24,3.533832955852742e-31,-3.252665094941674e-24,-2.514885172641678e-26,-1.451444508788800e-32,3.155806215600337e-26,7.154100377283765e-49,3.811932973288841e-25,5.088719456427948e-32,-1.984125707914421e-25,1.367620798440870e-21
3.290000000000000e+02,1.000000000000000e+00,-5.648900925317748e-24,-3.357602177936780e-31,9.443442664069464e-24,1.987322208415569e-24,3.057049288030739e-31,-3.004010777851500e-24,-2.885691769985017e-26,-1.297013224348559e-32,2.914556404597859e-26,6.405585472858804e-49,3.676546085568803e-25,4.402150974764265e-32,-1.832446574489415e-25,1.260969030189294e-21
3.295000000000000e+02,1.000000000000000e+00,-5.162164403789843e-24,-2.647539517855078e-31,8.721526107007968e-24,1.905280041323044e-24,2.631647616800268e-31,-2.774365171342607e-24,-3.172217201874515e-26,-1.155382247223349e-32,2.691749256842890e-26,5.705451274881657e-49,3.524768076447632e-25,3.789572568192387e-32,-1.692362754518990e-25,1.161355680100264e-21
3.300000000000000e+02,1.000000000000000e+00,-4.696819842235587e-24,-2.037858478870953e-31,8.054797423045168e-24,1.816522156845800e-24,2.253292196592114e-31,-2.562275129207072e-24,-3.384221193497859e-26,-1.025917961335916e-32,2.485974898370165e-26,5.054673710853075e-49,3.360565990164730e-25,3.244740763092644e-32,-1.562987828816314e-25,1.068469529901728e-21
3.305000000000000e+02,1.000000000000000e+00,-4.254304790650480e-24,-1.517316012817271e-31,7.439037701688766e-24,1.722938862427903e-24,1.917873513882950e-31,-2.366398592935038e-24,-3.530745509526652e-26,-9.079535462790068e-33,2.295931234908203e-26,4.453831351086261e-49,3.187436895491621e-25,2.761737859991449e-32,-1.443503141690373e-25,9.820061443733120e-22
3.310000000000000e+02,1.000000000000000e+00,-3.835613974162951e-24,-1.075667190495223e-31,6.870350552680376e-24,1.626185605916978e-24,1.621517204949259e-31,-2.185496099467613e-24,-3.620131276841145e-26,-8.008035724903195e-33,2.120415712517075e-26,3.902943579265106e-49,3.008443370946409e-25,2.334984775126933e-32,-1.333152620675244e-25,9.016662964970041e-22
3.315000000000000e+02,1.000000000000000e+00,-3.441355664251520e-24,-7.036057898732067e-32,6.345137450506548e-24,1.527701627136562e-24,1.360588351715391e-31,-2.018422938150923e-24,-3.660040700016941e-26,-7.037760846495212e-33,1.958317708095060e-26,3.401411344901446e-49,2.826248010202640e-25,1.959247226470162e-32,-1.231237992272063e-25,8.271550057768530e-22
3.320000000000000e+02,1.000000000000000e+00,-3.071803464627657e-24,-3.927043019783043e-32,5.860074963731441e-24,1.428727973145834e-24,1.131691971111011e-31,-1.864121907262262e-24,-3.657482295470751e-26,-6.161824943500778e-33,1.808611501603268e-26,2.948028747621910e-49,2.643146750319793e-25,1.629636438399856e-32,-1.137114363429980e-25,7.581810464591953e-22
3.325000000000000e+02,1.000000000000000e+00,-2.726943681847202e-24,-1.353542153024246e-32,5.412093725063522e-24,1.330324792814140e-24,9.316704076722114e-32,-1.721616624273254e-24,-3.618838865929318e-26,-5.373455701549389e-33,1.670349785537891e-26,2.541040709594873e-49,2.461100866706159e-25,1.341605387047985e-32,-1.050186140806685e-25,6.944568071619662e-22
3.330000000000000e+02,1.000000000000000e+00,-2.406518469279190e-24,7.529272583204061e-33,4.998359009083541e-24,1.233387846153843e-24,7.575982444262484e-32,-1.590005347518851e-24,-3.549897526076352e-26,-4.666057827888756e-33,1.542657670579440e-26,2.178227847179273e-49,2.281767515384609e-25,1.090941471973798e-32,-9.699032619864990e-26,6.356984054961773e-22
3.335000000000000e+02,1.000000000000000e+00,-2.110064946966818e-24,2.453817364870642e-32,4.616252794733959e-24,1.138664181348368e-24,6.067752625119935e-32,-1.468455270177084e-24,-3.455881172943300e-26,-4.033262353451263e-33,1.424727149488169e-26,1.857004477600131e-49,2.106528735494481e-25,8.737563780172706e-33,-8.957577148080211e-26,5.816259808148118e-22
3.340000000000000e+02,1.000000000000000e+00,-1.836950509720017e-24,3.804102504574788e-32,4.263357199065274e-24,1.046766947756301e-24,4.767179046652327e-32,-1.356197250453138e-24,-3.341480870985776e-26,-3.468963828723362e-33,1.315811984214393e-26,1.574519614248095e-49,1.936518853349156e-25,6.864737827179352e-33,-8.272803227764145e-26,5.319641054675250e-22
3.345000000000000e+02,1.000000000000000e+00,-1.586404541998973e-24,4.852808995630799e-32,3.937439177411691e-24,9.581893265355966e-25,3.651496308409422e-32,-1.252520944621522e-24,-3.210888692015223e-26,-2.967347224346581e-33,1.215222983870429e-26,1.327753935173491e-49,1.772650254090854e-25,5.258154684109569e-33,-7.640377762191286e-26,4.864422700697276e-22
3.350000000000000e+02,1.000000000000000e+00,-1.357546761257485e-24,5.643519782160021e-32,3.636436393182238e-24,8.733175720778676e-25,2.699904950986534e-32,-1.156770312129311e-24,-3.067830614455229e-26,-2.522906135737524e-33,1.122323643684285e-26,1.113608167354725e-49,1.615637508344055e-25,3.887863129420609e-33,-7.056298903988796e-26,4.447954114478015e-22
3.355000000000000e+02,1.000000000000000e+00,-1.149412411848889e-24,6.214852342197169e-32,3.358444167854531e-24,7.924431673280389e-25,1.893462207325444e-32,-1.068339464317769e-24,-2.915599145010011e-26,-2.130453699146814e-33,1.036526117339360e-26,9.289802197972544e-50,1.466019859556872e-25,2.726585578548640e-33,-6.516870732338387e-26,4.067644631400487e-22
3.360000000000000e+02,1.000000000000000e+00,-9.609745297515963e-25,6.600908901501650e-32,3.101703428593664e-24,7.157741044396004e-25,1.214970048212432e-32,-9.866688304939745e-25,-2.757085379035048e-26,-1.785127453167723e-33,9.572874972139850e-27,7.708298171681845e-50,1.324182093213261e-25,1.749556869425902e-33,-6.018679866013244e-26,3.720969175421457e-22
3.365000000000000e+02,1.000000000000000e+00,-7.911634946058621e-25,6.831698523393639e-32,2.864589577231406e-24,6.434453092227136e-25,6.488624328520982e-33,-9.112416170922090e-25,-2.594810263966901e-26,-1.482389223454241e-33,8.841063789830054e-27,6.362304178535113e-50,1.190373822062020e-25,9.343619033070219e-34,-5.558573864262475e-26,3.405473957987404e-22
3.370000000000000e+02,1.000000000000000e+00,-6.388840801929289e-25,6.933531077846463e-32,2.645602210171140e-24,5.755282336165023e-25,1.810933259837786e-33,-8.415805375194675e-25,-2.430954873390327e-26,-1.218020968045701e-33,8.165196888429808e-27,5.224089209581259e-50,1.064727232190529e-25,2.607743894166417e-34,-5.133641278868752e-26,3.118782260907929e-22
3.375000000000000e+02,1.000000000000000e+00,-5.030302078246197e-25,6.929383444617401e-32,2.443355624168360e-24,5.120396450849755e-25,-2.009732602473151e-33,-7.772447919922947e-25,-2.267389537990462e-26,-9.881173949903951e-34,7.540997532843913e-27,4.267741406154810e-50,9.472733434072047e-26,-2.894014947561333e-34,-4.741193231152998e-26,2.858600327761452e-22
3.380000000000000e+02,1.000000000000000e+00,-3.824975994070428e-25,6.839238586192879e-32,2.256570047909421e-24,4.529496455171839e-25,-5.086702034322154e-33,-7.178272782540096e-25,-2.105701714051835e-26,-7.890760517315315e-34,6.964515928689833e-27,3.469353081997775e-50,8.379568442067902e-26,-7.324850929423898e-34,-4.378746397349459e-26,2.622723377433377e-22
3.385000000000000e+02,1.000000000000000e+00,-2.761945184291392e-25,6.680398346511252e-32,2.084063543903935e-24,3.981889550174632e-25,-7.521304160086759e-33,-6.629520155223728e-25,-1.947222500618156e-26,-6.175854858365948e-34,6.432104228879411e-27,2.807119999455357e-50,7.366495667823069e-26,-1.083067799052493e-33,-4.044007294686474e-26,2.409041714240502e-22
3.390000000000000e+02,1.000000000000000e+00,-1.830507780111926e-25,6.467770999485077e-32,1.924744529447803e-24,3.476554980041001e-25,-9.403856197885500e-33,-6.122717653670066e-25,-1.793051743206692e-26,-4.706119880444825e-34,5.940393450855548e-27,2.261369173685604e-50,6.431626713075852e-26,-1.354155292495512e-33,-3.734857768738741e-26,2.215546846548376e-22
3.395000000000000e+02,1.000000000000000e+00,-1.020251856112853e-25,6.214134694973790e-32,1.777604869331189e-24,3.012203303898981e-25,-1.081460334888286e-32,-5.654658344620116e-25,-1.644081685361332e-26,-3.453853502628351e-34,5.486272158421670e-27,1.814529019150493e-50,5.572576112213116e-26,-1.557302882239131e-33,-3.449341590218270e-26,2.040337449252306e-22
3.400000000000000e+02,1.000000000000000e+00,-3.211158418718566e-26,5.930378035864571e-32,1.641713496583622e-24,2.587329473837956e-25,-1.182460806028198e-32,-5.222380453100826e-25,-1.501019149603277e-26,-2.393840021214129e-34,5.066866773266996e-27,1.451054683778983e-50,4.786559526600219e-26,-1.702743560680604e-33,-3.185652076391504e-26,1.881624928618858e-22
3.405000000000000e+02,1.000000000000000e+00,2.765636031554322e-26,5.625719074301990e-32,1.516210520889764e-24,2.200260117095107e-25,-1.249658704666007e-32,-4.823148620973287e-25,-1.364406246761934e-26,-1.503198290887141e-34,4.679523391603488e-27,1.157320133826237e-50,4.070481216625949e-26,-1.799508534719050e-33,-2.942120658793705e-26,1.737738286792316e-22
3.410000000000000e+02,1.000000000000000e+00,7.820148521346216e-26,5.307904043132158e-32,1.400301787395165e-24,1.849195418587630e-25,-1.288569541231577e-32,-4.454436598196149e-25,-1.234639627494117e-26,-7.612292216219919e-35,4.321790990854254e-27,9.214871068157609e-51,3.421011524387116e-26,-1.855540139373471e-33,-2.717206324899651e-26,1.607127952975548e-22
3.415000000000000e+02,1.000000000000000e+00,1.204004409805130e-25,4.983387144900696e-32,1.293253851471366e-24,1.532245994498933e-25,-1.304025800337623e-32,-4.113911257278504e-25,-1.111988302268181e-26,-1.492646298153773e-35,3.991405920129163e-27,7.333595532576338e-51,2.834655089823026e-26,-1.877797152486177e-33,-2.509485866939887e-26,1.488368259597823e-22
3.420000000000000e+02,1.000000000000000e+00,1.550818643626449e-25,4.657492709277495e-32,1.194389337641787e-24,1.247465139082466e-25,-1.300244875504488e-32,-3.799417829769172e-25,-9.966100664297110e-27,3.494809181829372e-35,3.686277576346434e-27,5.842307210510301e-51,2.307810507302561e-26,-1.872352620726463e-33,-2.317644876159195e-26,1.380158297797213e-22
3.425000000000000e+02,1.000000000000000e+00,1.830253037062263e-25,4.334561004055577e-32,1.103082653300703e-24,9.928768157709024e-26,-1.280891930669182e-32,-3.508966271362290e-25,-8.885665753925036e-27,7.500539775261666e-35,3.404475175362498e-27,4.667286552983467e-51,1.836822109176169e-26,-1.844484380163622e-33,-2.140469425530997e-26,1.281320981514696e-22
3.430000000000000e+02,1.000000000000000e+00,2.049607946116569e-25,4.018078947889297e-32,1.018756030102680e-24,7.664997505604584e-26,-1.249137855346262e-32,-3.240718669340511e-25,-7.878371217149262e-27,1.065900815454698e-34,3.144215534400185e-27,3.746646263151264e-51,1.418024538536848e-26,-1.798758511698617e-33,-1.976838388297712e-26,1.190800269887267e-22
3.435000000000000e+02,1.000000000000000e+00,2.215689927917170e-25,3.710796927279531e-32,9.408758679732853e-25,5.663679709166451e-26,-1.207712510369049e-32,-2.992977612673041e-25,-6.943311710167342e-27,1.308999978567047e-34,2.903851788465684e-27,3.028878799532645e-51,1.047780746195793e-26,-1.739106014931431e-33,-1.825716343730555e-26,1.107656625328330e-22
3.440000000000000e+02,1.000000000000000e+00,2.334817793982469e-25,3.414832868183099e-32,8.689493586067508e-25,3.905481175059115e-26,-1.158953483080977e-32,-2.764175451176996e-25,-6.078997175407419e-27,1.489988309392905e-34,2.681862969353963e-27,2.471491351772178e-51,7.225140173859363e-27,-1.668893015636607e-33,-1.686147025217968e-26,1.031060901263649e-22
3.445000000000000e+02,1.000000000000000e+00,2.412832620546182e-25,3.131764655890997e-32,8.025213670848687e-25,2.371538392387275e-26,-1.104850585921011e-32,-2.552864375776481e-25,-5.283455228306256e-27,1.618280066100474e-34,2.476844381300984e-27,2.039744336643888e-51,4.387346025916458e-27,-1.590984843726256e-33,-1.557247269223653e-26,9.602869441418492e-23
3.450000000000000e+02,1.000000000000000e+00,2.455111023770582e-25,2.862711937060695e-32,7.411715518846844e-25,1.043575647127040e-26,-1.047086341656501e-32,-2.357707257089499e-25,-4.554323026309155e-27,1.702178950641894e-34,2.287498712382042e-27,1.705502684304726e-51,1.930614947185023e-27,-1.507804331985362e-33,-1.438201426824594e-26,8.947032504009958e-23
3.455000000000000e+02,1.000000000000000e+00,2.466581078740829e-25,2.608408276319861e-32,6.845117050510353e-25,-9.600074570672550e-28,-9.870727030292915e-33,-2.177469184371271e-25,-3.888929278561292e-27,1.748982976063971e-34,2.112627825411060e-27,1.446203724234766e-51,-1.776013795574422e-28,-1.421384692362180e-33,-1.328256202466475e-26,8.337640386797425e-23
3.460000000000000e+02,1.000000000000000e+00,2.451740327750029e-25,2.369264577772804e-32,6.321832957031471e-25,-1.064029116509295e-26,-9.259842551419148e-33,-2.011009651274321e-25,-3.284367054494469e-27,1.765082206415003e-34,1.951125176395571e-27,1.243941205480349e-51,-1.968453865542195e-27,-1.333417327404357e-33,-1.226715887277336e-26,7.770000846154715e-23
3.465000000000000e+02,1.000000000000000e+00,2.414675385558187e-25,2.145424619931243e-32,5.838552013311380e-25,-1.876537623614042e-26,-8.647881462563769e-33,-1.857275338978535e-25,-2.737558042724675e-27,1.756049485648273e-34,1.801968812573000e-27,1.084661753296005e-51,-3.471594603685979e-27,-1.245294930609183e-33,-1.132937956776906e-26,7.240096277289886e-23
3.470000000000000e+02,1.000000000000000e+00,2.359082707083313e-25,1.936813491779043e-32,5.392216125265874e-25,-2.548705719875048e-26,-8.042709874463359e-33,-1.715293451024462e-25,-2.245308899408273e-27,1.726724337831546e-34,1.664214905721373e-27,9.574677278842091e-52,-4.715105581768839e-27,-1.158150221922724e-33,-1.046329005124922e-26,6.744496063231645e-23
3.475000000000000e+02,1.000000000000000e+00,2.288290136442005e-25,1.743179658440761e-32,4.980000978887685e-25,-3.094839849844037e-26,-7.450629542846058e-33,-1.584165557674167e-25,-1.804360308400787e-27,1.681290272202417e-34,1.536991779824707e-27,8.540188684966307e-52,-5.725453722211468e-27,-1.072890654169832e-33,-9.663409901812420e-27,6.280274158212156e-23
3.480000000000000e+02,1.000000000000000e+00,2.205278905512989e-25,1.564131327702109e-32,4.599298168616986e-25,-3.528361489587250e-26,-6.876593149340165e-33,-1.463061910848115e-25,-1.411429355068432e-27,1.623345765280725e-34,1.419494395301513e-27,7.680241441783593e-52,-6.527468755736412e-27,-9.902294135049838e-34,-8.924677656173502e-27,5.844933257539898e-23
3.485000000000000e+02,1.000000000000000e+00,2.112705795388337e-25,1.399167733764011e-32,4.247698691932449e-25,-3.861805800742355e-26,-6.324395990435357e-33,-1.351216193664279e-25,-1.063245792175927e-27,1.555969220238796e-34,1.310979254893756e-27,6.948147690107681e-52,-7.144340731373357e-27,-9.107130226226913e-34,-8.242418781352103e-27,5.436336357719128e-23
3.490000000000000e+02,1.000000000000000e+00,2.012925215361317e-25,1.247705902344819e-32,3.922977705720304e-25,-4.106829323318948e-26,-5.796846110747699e-33,-1.247920671355733e-25,-7.565827505867376e-28,1.481778222696910e-34,1.210759698981912e-27,6.309892661996397e-52,-7.597634248140054e-27,-8.347458399476686e-34,-7.612316095269972e-27,5.052646045920992e-23
3.495000000000000e+02,1.000000000000000e+00,1.908010991650245e-25,1.109103411743249e-32,3.623080447963013e-25,-4.274225277469212e-26,-5.295914803838375e-33,-1.152521712882809e-25,-4.882824201588642e-28,1.402983423513826e-34,1.118201560556030e-27,5.741216870268807e-52,-7.907316763318042e-27,-7.626117317527260e-34,-7.030382448585133e-27,4.692271489057845e-23
3.500000000000000e+02,1.000000000000000e+00,1.799777692059033e-25,9.826776178376488e-33,3.346109235663283e-25,-4.373945182620243e-26,-4.822869288001477e-33,-1.064415654901573e-25,-2.552771977223073e-28,1.321437384260648e-34,1.032719152348186e-27,5.225245266121060e-52,-8.091798587847449e-27,-6.944931774722126e-34,-6.492935494899597e-27,4.353822818770310e-23
3.505000000000000e+02,1.000000000000000e+00,1.689801343419300e-25,8.677217672703492e-33,3.090311456729052e-25,-4.415125632719957e-26,-4.378389247751401e-33,-9.830449819167518e-26,-5.460676983890592e-29,1.238678721018282e-34,9.537715607340272e-28,4.750584608863544e-52,-8.167982420531921e-27,-6.304880516762017e-34,-5.996574389692186e-27,4.036072420475322e-23
3.510000000000000e+02,1.000000000000000e+00,1.579439426143255e-25,7.635183822496677e-33,2.854068479834842e-25,-4.406119188772873e-26,-3.962668815826608e-33,-9.078947984479499e-26,1.165684314345156e-28,1.155971877896496e-34,8.808592229519517e-28,4.309817026673692e-52,-8.151320499229816e-27,-5.706243094790316e-34,-5.538158270532494e-27,3.737922518862920e-23
3.515000000000000e+02,1.000000000000000e+00,1.469850054739892e-25,6.693502624601156e-33,2.635885412083549e-25,-4.354528464297941e-26,-3.575505456690329e-33,-8.384895708858282e-26,2.609569909949379e-28,1.074342854078012e-34,8.135207659812900e-28,3.898324948017365e-52,-8.055877658951189e-27,-5.148727857634074e-34,-5.114786382403552e-27,3.458378394177362e-23
3.520000000000000e+02,1.000000000000000e+00,1.362010274908055e-25,5.845094144383134e-33,2.434381639657404e-25,-4.267242585879388e-26,-3.216377101785125e-33,-7.743901184214213e-26,3.811291116747445e-28,9.946111979697732e-35,7.513300870766820e-28,3.513389903325364e-52,-7.894398783876868e-27,-4.631583026570579e-34,-4.723779722370670e-27,3.196526549185011e-23
3.525000000000000e+02,1.000000000000000e+00,1.256733427015343e-25,5.083041863596716e-33,2.248282091601498e-25,-4.150475309726307e-26,-2.884508779988160e-33,-7.151908340078777e-26,4.795117026112343e-28,9.174185698174211e-35,6.938936574848697e-28,3.153514873539011e-52,-7.678379322993667e-27,-4.153692643182949e-34,-4.362664087448054e-27,2.951517163499065e-23
3.530000000000000e+02,1.000000000000000e+00,1.154685542594077e-25,4.400648563833229e-33,2.076409171458988e-25,-4.009804166289491e-26,-2.578929884419452e-33,-6.605171177694802e-26,5.583856316231714e-28,8.432541604383543e-35,6.408480322825007e-28,2.817926706052146e-52,-7.418137707635558e-27,-3.713659033564010e-34,-4.029154418393830e-27,2.722550209604910e-23
3.535000000000000e+02,1.000000000000000e+00,1.056400755122375e-25,3.791478954014751e-33,1.917675305703230e-25,-3.850210088735800e-26,-2.298523119407733e-33,-6.100230066171341e-26,6.198848450456795e-28,7.724772390022795e-35,5.918575505776360e-28,2.506221499021510e-52,-7.122888664161230e-27,-3.309873291947135e-34,-3.721140340364518e-27,2.508864655391140e-23
3.540000000000000e+02,1.000000000000000e+00,9.622957189908443e-26,3.249391001067785e-33,1.771076061814926e-25,-3.676117057720707e-26,-2.042066079306977e-33,-5.633889850710585e-26,6.659970842470732e-28,7.053370874133407e-35,5.466122115224689e-28,2.218121690464191e-52,-6.800816556783307e-27,-2.940575154202047e-34,-3.436672808933457e-27,2.309730235116029e-23
3.545000000000000e+02,1.000000000000000e+00,8.726830413576392e-26,2.768557695941600e-33,1.635683792457037e-25,-3.491431364729337e-26,-1.808266324149725e-33,-5.203199634380510e-26,6.985659526653791e-28,6.419905631391787e-35,5.048257126970467e-28,1.953318836426093e-52,-6.459148024749274e-27,-2.603903506775603e-34,-3.173951776972111e-27,2.124441330109644e-23
3.550000000000000e+02,1.000000000000000e+00,7.877837407329554e-26,2.343480781157643e-33,1.510641765529219e-25,-3.299580159598246e-26,-1.595790735890490e-33,-4.805434105496901e-26,7.192941105862191e-28,5.825175165490711e-35,4.662336384513899e-28,1.711380710478653e-52,-6.104223295256756e-27,-2.297938659682306e-34,-2.931314804353109e-27,1.952312559093555e-23
3.555000000000000e+02,1.000000000000000e+00,7.077387537663375e-26,1.968997779722625e-33,1.395158742958062e-25,-3.103549005024270e-26,-1.403289863221727e-33,-4.438076292458485e-26,7.297473969884220e-28,5.269342731774162e-35,4.305917867421922e-28,1.491705415378614e-52,-5.741565659294900e-27,-2.020737403039287e-34,-2.707226538399676e-27,1.792675733836253e-23
3.560000000000000e+02,1.000000000000000e+00,6.326195179858660e-26,1.640283497151610e-33,1.288503973918938e-25,-2.905918212262824e-26,-1.229417892557549e-33,-4.098801636911712e-26,7.313596985803086e-28,4.752053759902720e-35,3.976746238767263e-28,1.293508693905251e-52,-5.375948692686224e-27,-1.770361765282871e-34,-2.500268998516144e-27,1.644877887801844e-23
3.565000000000000e+02,1.000000000000000e+00,5.624376632978346e-26,1.352847017198312e-33,1.190002570807673e-25,-2.708897778171741e-26,-1.072848817645784e-33,-3.785463284463641e-26,7.254384056265088e-28,4.272537678357405e-35,3.672738573859076e-28,1.115833597943680e-52,-5.011460889617720e-27,-1.544902297409929e-34,-2.309132603522821e-27,1.508280132919623e-23
3.570000000000000e+02,1.000000000000000e+00,4.971538490305659e-26,1.102525076385192e-33,1.099031238702226e-25,-2.514360784624470e-26,-9.322893202148237e-34,-3.496078499865915e-26,7.131703123257768e-28,3.829695799072633e-35,3.391971179959873e-28,9.575741681166621e-53,-4.651567451555270e-27,-1.342496621109346e-34,-2.132607884918208e-27,1.382257142422131e-23
3.575000000000000e+02,1.000000000000000e+00,4.366857863192180e-26,8.854725813207901e-34,1.015014331291360e-25,-2.323875157452098e-26,-8.064888188846681e-34,-3.228816120708065e-26,6.956278363605098e-28,3.422176783194744e-35,3.132667423586625e-28,8.175068396476296e-53,-4.299169041286380e-27,-1.161343899193922e-34,-1.969577833631920e-27,1.266197095931969e-23
3.580000000000000e+02,1.000000000000000e+00,3.809154877937819e-26,6.981509248946100e-34,9.374202083131019e-26,-2.138733713825407e-26,-6.942470930454001e-34,-2.981984970229966e-26,6.737754478251930e-28,3.048441078441025e-35,2.893186488370165e-28,6.943249736871025e-53,-3.956657370577002e-27,-9.997158139853760e-35,-1.819010831840279e-27,1.159501956807986e-23
3.585000000000000e+02,1.000000000000000e+00,3.296957879552640e-26,5.373146616179399e-34,8.657578714536710e-26,-1.959982454695493e-26,-5.944198422891089e-34,-2.754023155932270e-26,6.484762120888730e-28,2.706815595145950e-35,2.672012992334878e-28,5.866732661751005e-53,-3.625967541186661e-27,-8.559645728963167e-35,-1.679954125118684e-27,1.061587981401838e-23
3.590000000000000e+02,1.000000000000000e+00,2.828561784022875e-26,3.999970175614297e-34,7.995738574195994e-26,-1.788447082903736e-26,-5.059225000214017e-34,-2.543488186268832e-26,6.204983642985816e-28,2.395539772030123e-35,2.467747398899399e-28,4.931798552596048e-53,-3.308627103371912e-27,-7.285284000308184e-35,-1.551527793623987e-27,9.718863854898508e-24
3.595000000000000e+02,1.000000000000000e+00,2.402080022908779e-26,2.834946355196747e-34,7.384493685230896e-26,-1.624757748165895e-26,-4.277325818196933e-34,-2.349047842881759e-26,5.905218452341323e-28,2.112804074086680e-35,2.279097160921122e-28,4.124847768993200e-53,-3.005801834106906e-27,-6.159349178203583e-35,-1.432919184157873e-27,8.898441147958670e-24
3.600000000000000e+02,1.000000000000000e+00,2.015490521552131e-26,1.853518902663820e-34,6.819976226236027e-26,-1.469372037634203e-26,-3.588908146904633e-34,-2.169471750620597e-26,5.591447391321807e-28,1.856781863716568e-35,2.104868541745938e-28,3.432640462513637e-53,-2.718338269623275e-27,-5.168027731542671e-35,-1.323377767878564e-27,8.149246841444267e-24
3.605000000000000e+02,1.000000000000000e+00,1.666676145602946e-26,1.033450511718135e-34,6.298614056566867e-26,-1.322596245434447e-26,-2.985012623522915e-34,-2.003623592002638e-26,5.268895639641966e-28,1.625655492238847e-35,1.943959061508838e-28,2.842491053325512e-53,-2.446803054053726e-27,-4.298418177872997e-35,-1.222210391121609e-27,7.466090632015577e-24
3.610000000000000e+02,1.000000000000000e+00,1.353460040655657e-26,3.546651922097269e-35,5.817108112630059e-26,-1.184604966735576e-26,-2.457306337868032e-34,-1.850453916849189e-26,4.942093735364407e-28,1.417637371967263e-35,1.795350520887037e-28,2.342417065680165e-53,-2.191519188460816e-27,-3.538521126529965e-35,-1.128776889278005e-27,6.843965957349888e-24
3.615000000000000e+02,1.000000000000000e+00,1.073636277115093e-26,-2.009067815841112e-35,5.372411532144361e-26,-1.055459071795289e-26,-1.998069373142197e-34,-1.708993501598776e-26,4.614936387387585e-28,1.230986708938776e-35,1.658102558161675e-28,1.921245243811937e-53,-1.952599282821284e-27,-2.877219897324763e-35,-1.042486035975253e-27,6.278059436684927e-24
3.620000000000000e+02,1.000000000000000e+00,8.249961975301281e-27,-6.494798877019689e-35,4.961710374275328e-26,-9.351221232783142e-27,-1.600176201316713e-34,-1.578347216276490e-26,4.290738823621680e-28,1.064022502822343e-35,1.531346698818416e-28,1.568679261750165e-53,-1.729975928064881e-27,-2.304253729896066e-35,-9.627918019286590e-28,5.763760469293371e-24
3.625000000000000e+02,1.000000000000000e+00,6.053508470174910e-27,-1.005559205901749e-34,4.582405813644937e-26,-8.234753061905853e-27,-1.257073133787419e-34,-1.457688360311042e-26,3.972290481915526e-28,9.151333532167313e-36,1.414280860034355e-28,1.275334094927573e-53,-1.523429316452583e-27,-1.810185312653883e-35,-8.891898997897358e-28,5.296670855791545e-24
3.630000000000000e+02,1.000000000000000e+00,4.125498494750060e-27,-1.282080245028987e-34,4.232097695543906e-26,-7.203309442224548e-27,-9.627528515496710e-35,-1.346253431357824e-26,3.661905906174719e-28,7.827845501344404e-36,1.306164275276695e-28,1.032742400954111e-53,-1.332612246811541e-27,-1.386364106231526e-35,-8.212145931282728e-28,4.872614228801668e-24
3.635000000000000e+02,1.000000000000000e+00,2.444970734269715e-27,-1.490542129806237e-34,3.908569348287719e-26,-6.254446793421473e-27,-7.117268830898119e-35,-1.243337294026265e-26,3.361472758569729e-28,6.655228706228852e-36,1.206312806897242e-28,8.333381945471461e-54,-1.157072656782972e-27,-1.024886711649329e-35,-7.584357493560220e-28,4.487644982585965e-24
3.640000000000000e+02,1.000000000000000e+00,9.916341188217793e-28,-1.641133727985851e-34,3.609773556612310e-26,-5.385263933062326e-27,-4.989967606147262e-35,-1.148288717940264e-26,3.072496900825911e-28,5.619794528465718e-36,1.114094617061888e-28,6.704228043892758e-54,-9.962738276165303e-28,-7.185553352852057e-36,-7.004561179435611e-28,4.138056295515587e-24
3.645000000000000e+02,1.000000000000000e+00,-2.540301919802433e-28,-1.742852466026379e-34,3.333819607352219e-26,-4.592499505218177e-27,-3.200244643889747e-35,-1.060506256897527e-26,2.796144533847745e-28,4.708710731976055e-36,1.028926169621614e-28,5.381176521554554e-54,-8.496124084653627e-28,-4.608352287201235e-36,-6.469088167074917e-28,3.820386766596188e-24
3.650000000000000e+02,1.000000000000000e+00,-1.310689790829096e-27,-1.803615720376995e-34,3.078961325429139e-26,-3.872618415561302e-27,-1.707026591886175e-35,-9.794344430520751e-27,2.533281415869437e-28,3.910001107734898e-36,9.502685376258280e-29,4.313078614932391e-54,-7.164344068788409e-28,-2.458118292316091e-36,-5.974550102617658e-28,3.531425158018105e-24
3.655000000000000e+02,1.000000000000000e+00,-2.196102320931209e-27,-1.830364785665910e-34,2.843586024445264e-26,-3.221888056802650e-27,-4.732513469838648e-36,-9.045602720375288e-27,2.284509205430583e-28,3.212534465255775e-36,8.776239931127495e-29,3.455801366710753e-54,-5.960492905084901e-28,-6.814819396567653e-37,-5.517817659428925e-28,3.268212763892273e-24
3.660000000000000e+02,1.000000000000000e+00,-2.927074634599045e-27,-1.829161513805081e-34,2.626204301963233e-26,-2.636445092794773e-27,5.344221832476784e-36,-8.354099567898325e-27,2.050198997212711e-28,2.606005112139523e-36,8.105328575978232e-29,2.771577829783201e-54,-4.877423421670330e-28,7.695679438766568e-37,-5.096000736417978e-28,3.028043015117273e-24
3.665000000000000e+02,1.000000000000000e+00,-3.519437545809155e-27,-1.805277792125945e-34,2.425440614899516e-26,-2.112353548746173e-27,1.345896334120222e-35,-7.715459295283251e-27,1.830522136577169e-28,2.080906666929380e-36,7.485705933307257e-29,2.228351990312069e-54,-3.907854065180421e-28,1.938090721133120e-36,-4.706430170122783e-28,2.808458074327695e-24
3.670000000000000e+02,1.000000000000000e+00,-3.988034094097899e-27,-1.763278086722045e-34,2.240024575394401e-26,-1.645654929787685e-27,1.987906919627219e-35,-7.125640729243611e-27,1.625478412928275e-28,1.628500786978941e-36,6.913451169151252e-29,1.799136715652733e-54,-3.044461620107217e-28,2.862585964263195e-36,-4.346640844838603e-28,2.607242355418380e-24
3.675000000000000e+02,1.000000000000000e+00,-4.346719414210580e-27,-1.707095321483936e-34,2.068782912080799e-26,-1.232411061498293e-27,2.484283925194279e-35,-6.580911629369348e-27,1.434921743172669e-28,1.240782159257731e-36,6.384943182923304e-29,1.461398559910406e-54,-2.279960463771842e-28,3.577368852279761e-36,-4.014356093915303e-28,2.422413095011271e-24
3.680000000000000e+02,1.000000000000000e+00,-4.608370475460776e-27,-1.640100395900994e-34,1.910632045884568e-26,-8.687403147348426e-28,2.856199563530908e-35,-6.077825071341469e-27,1.258583464914630e-28,9.104408953230454e-37,5.896837693895726e-29,1.196479357169939e-54,-1.607169582259459e-28,4.112927371484507e-36,-3.707473293518296e-28,2.252208282931685e-24
3.685000000000000e+02,1.000000000000000e+00,-4.784904116227705e-27,-1.565165667369642e-34,1.764571233377662e-26,-5.508478439230815e-28,3.122402963700808e-35,-5.613197635563284e-27,1.096093364950282e-28,6.308232895709426e-37,5.446046079337097e-29,9.890612093365542e-55,-1.019068511257701e-28,4.496260267729164e-36,-3.424050557693603e-28,2.095072403661472e-24
3.690000000000000e+02,1.000000000000000e+00,-4.887301952018612e-27,-1.484722738070775e-34,1.629676234296806e-26,-2.750504334752522e-28,3.299441068185795e-35,-5.184089263190811e-27,9.469985724081292e-29,3.958917400017641e-37,5.029715830395966e-29,8.266787139446030e-55,-5.088433019292165e-29,4.751195138187544e-36,-3.162294450546394e-28,1.949640536773510e-24
3.695000000000000e+02,1.000000000000000e+00,-4.925640879793001e-27,-1.400814893850022e-34,1.505093463157122e-26,-3.779651174130434e-29,3.401865565406190e-35,-4.787784652095788e-27,8.107804478116628e-29,2.001844909163221e-37,4.645212502060782e-29,6.992800404904742e-55,-6.992354672141304e-30,4.898686414184913e-36,-2.920548637778431e-28,1.814721406495312e-24
3.700000000000000e+02,1.000000000000000e+00,-4.909128036654434e-27,-1.315144544168299e-34,1.390034587953453e-26,1.643181436570602e-28,3.442425892487589e-35,-4.421776075039058e-27,6.868695996704732e-29,3.877573517672539e-38,4.290103042979096e-29,5.988367034035070e-55,3.039885657655613e-29,4.957093285182128e-36,-2.697283405773826e-28,1.689279962095741e-24
3.705000000000000e+02,1.000000000000000e+00,-4.846139197539803e-27,-1.229116009145190e-34,1.283771541771171e-26,3.345385207184437e-28,3.432248510964743e-35,-4.083747511331602e-27,5.746591591753022e-29,-9.276349194654111e-38,3.962140399650882e-29,5.190005409779799e-55,6.188962633291208e-29,4.942437855789230e-36,-2.491085981912277e-28,1.572420021116615e-24
3.710000000000000e+02,1.000000000000000e+00,-4.744259714244021e-27,-1.143873992912190e-34,1.185631915741017e-26,4.759418548086838e-28,3.381002791899602e-35,-3.771559991571882e-27,4.735164413938331e-29,-1.984032864802572e-37,3.659249297575019e-29,4.548054355329663e-55,8.804924313960650e-29,4.868644020335427e-36,-2.300651594858848e-28,1.463367429164546e-24
3.715000000000000e+02,1.000000000000000e+00,-4.610327207155920e-27,-1.060338072719128e-34,1.094994704185677e-26,5.914320581893755e-28,3.297053951302907e-35,-3.483238062724256e-27,3.827931182313219e-29,-2.816914544311399e-37,3.379513109374703e-29,4.024106445986427e-55,1.094149307650345e-28,4.747757689876186e-36,-2.124775218261796e-28,1.361454096125474e-24
3.720000000000000e+02,1.000000000000000e+00,-4.450475321659757e-27,-9.792335211758636e-35,1.011286375034277e-26,6.837367115968650e-28,3.187603556003608e-35,-3.216957287892523e-27,3.018340245074420e-29,-3.457884997207832e-37,3.121161726806706e-29,3.588822027574468e-55,1.264912916454200e-28,4.590149120645196e-36,-1.962343945614439e-28,1.266103170846091e-24
3.725000000000000e+02,1.000000000000000e+00,-4.270177953539183e-27,-9.011187652437192e-35,9.339772406392851e-27,7.554062643375809e-28,3.058818177946423e-35,-2.971032701689923e-27,2.299847139637208e-29,-3.935008823779030e-37,2.882560359910974e-29,3.220086498311256e-55,1.397501589024525e-28,4.404698176242849e-36,-1.812329948030853e-28,1.176815523478288e-24
3.730000000000000e+02,1.000000000000000e+00,-4.074293432213141e-27,-8.264097706105685e-35,8.625781060311486e-27,8.088151202677940e-28,2.915946814618961e-35,-2.743908148153761e-27,1.665978769934262e-29,-4.273124557944672e-37,2.662199192424190e-29,2.901472993644676e-55,1.496307972495419e-28,4.198963413051304e-36,-1.673783970373794e-28,1.093157622745268e-24
3.735000000000000e+02,1.000000000000000e+00,-3.867108227574055e-27,-7.554016243056042e-35,7.966371734015759e-27,8.461643165190630e-28,2.763427717825434e-35,-2.534146433737363e-27,1.110387265004111e-29,-4.494140318062938e-37,2.458683827998964e-29,2.620973431784169e-55,1.565403985560267e-28,3.979335913668625e-36,-1.545829324579792e-28,1.014750827527896e-24
3.740000000000000e+02,1.000000000000000e+00,-3.652379815951481e-27,-6.882875721821932e-35,7.357371832277130e-27,8.694855298315738e-28,2.604985284886337e-35,-2.340420233069672e-27,6.268945265329270e-30,-4.617310554402929e-37,2.270726466774622e-29,2.369962599637885e-55,1.608548230188412e-28,3.751178810236325e-36,-1.427656342172500e-28,9.412620593204474e-25
3.745000000000000e+02,1.000000000000000e+00,-3.433378403669655e-27,-6.251757515076476e-35,6.794927739468936e-27,8.806461718105336e-28,2.443717667784079e-35,-2.161503689936170e-27,2.095284150082449e-30,-4.659493982582110e-37,2.097137756466723e-29,2.142362305420549e-55,1.629195417849487e-28,3.518953441609074e-36,-1.318517250861064e-28,8.723957836149563e-25
3.750000000000000e+02,1.000000000000000e+00,-3.212927263196182e-27,-5.661038425829127e-35,6.275480434745721e-27,8.813553592936702e-28,2.282175748734942e-35,-1.996264660334014e-27,-1.474485346481295e-30,-4.635393011083051e-37,1.936819266410931e-29,1.933975365354035e-55,1.630507414693290e-28,3.286333078178317e-36,-1.217721442803749e-28,8.078872025188735e-25
3.755000000000000e+02,1.000000000000000e+00,-2.993441487388957e-27,-5.110518472635650e-35,5.795742971352670e-27,8.731705692992853e-28,2.122434116831133e-35,-1.843657548517142e-27,-4.495170359733807e-30,-4.557775144769757e-37,1.788756536938582e-29,1.741962142500949e-55,1.615365553203678e-28,3.056305128236831e-36,-1.124631104595457e-28,7.474965457966605e-25
3.760000000000000e+02,1.000000000000000e+00,-2.776965012236043e-27,-4.599531866174203e-35,5.352679677559210e-27,8.575048097202903e-28,1.966154661214531e-35,-1.702716690699472e-27,-7.018848387440718e-30,-4.437676981408462e-37,1.652012660102095e-29,1.564435370571325e-55,1.586383897982537e-28,2.831262712148925e-36,-1.038657181326678e-28,6.910043408487478e-25
3.765000000000000e+02,1.000000000000000e+00,-2.565205798143229e-27,-4.127042948511735e-35,4.943486947605006e-27,8.356341570612228e-28,1.814643372961579e-35,-1.572550244549715e-27,-9.094756653381694e-30,-4.284591520150698e-37,1.525722351130279e-29,1.400151963962041e-55,1.545923190563262e-28,2.613086457064674e-36,-9.592556491753260e-29,6.382075418249215e-25
3.770000000000000e+02,1.000000000000000e+00,-2.359569094643120e-27,-3.691728721576756e-35,4.565575501107635e-27,8.087055311158864e-28,1.668900921539172e-35,-1.452334545811906e-27,-1.076922635266326e-29,-4.106639574712219e-37,1.409086473099219e-29,1.248283356405517e-55,1.496105232564390e-28,2.403217327016407e-36,-8.859240729452626e-29,5.889164022945212e-25
3.775000000000000e+02,1.000000000000000e+00,-2.161188743755636e-27,-3.292049453410368e-35,4.216553998673516e-27,7.777445935966653e-28,1.529667543235318e-35,-1.341308896341589e-27,-1.208565571570974e-29,-3.910726133955318e-37,1.301366980171910e-29,1.108248568302232e-55,1.438827498153831e-28,2.202721262258858e-36,-8.181984267683695e-29,5.429519831546053e-25
3.780000000000000e+02,1.000000000000000e+00,-1.970956503487862e-27,-2.926308720124226e-35,3.894213910035276e-27,7.436636734047365e-28,1.397462749133855e-35,-1.238770750577531e-27,-1.308451634847839e-29,-3.702682542604366e-37,1.201882247408745e-29,9.795966413145479e-56,1.375777795798763e-28,2.012346358752750e-36,-7.556501578522941e-29,5.001441965550250e-25
3.785000000000000e+02,1.000000000000000e+00,-1.789549395473225e-27,-2.592704118414523e-35,3.596515538964507e-27,7.072696355318662e-28,1.272620329622394e-35,-1.144071269990009e-27,-1.380338780434037e-29,-3.487395388271125e-37,1.110002757596844e-29,8.619272786435241e-56,1.308448825733952e-28,1.832573274656246e-36,-6.978834746939057e-29,4.603302966493248e-25
3.790000000000000e+02,1.000000000000000e+00,-1.617455099852067e-27,-2.289369768084334e-35,3.321575116528713e-27,6.692716235727499e-28,1.155319101620310e-35,-1.056611217375230e-27,-1.427701581673193e-29,-3.268922980786922e-37,1.025147117805438e-29,7.548404838890923e-56,1.238152503609587e-28,1.663659506333246e-36,-6.445328425988902e-29,4.233537382825102e-25
3.795000000000000e+02,1.000000000000000e+00,-1.454995436507965e-27,-2.014411616312712e-35,3.067652881021410e-27,6.302886175689645e-28,1.045609814116299e-35,-9.758371650158774e-28,-1.453739007001044e-29,-3.050600298597456e-37,9.467783804610081e-30,6.579077034802203e-56,1.166033942502584e-28,1.505678132327471e-36,-5.952606706596853e-29,3.890633348425401e-25
3.800000000000000e+02,1.000000000000000e+00,-1.302347984999379e-27,-1.765936455282045e-35,2.833142069137851e-27,5.908567594710610e-28,9.434385975575641e-36,-9.012379927138836e-28,-1.461383780827359e-29,-2.835133256894113e-37,8.744006456627400e-30,5.706584573975349e-56,1.093085005021463e-28,1.358551580482892e-36,-5.497551755554690e-29,3.573126561314145e-25
3.805000000000000e+02,1.000000000000000e+00,-1.159565906249878e-27,-1.542075472062346e-35,2.616558748735002e-27,5.514364079649057e-28,8.486673134078673e-36,-8.323416535357460e-28,-1.453312997789628e-29,-2.624683125147450e-37,8.075559232384728e-30,4.925777052312841e-56,1.020157354735075e-28,1.222080931307329e-36,-5.077284086568051e-29,3.279596160720352e-25
3.810000000000000e+02,1.000000000000000e+00,-1.026596037549683e-27,-1.341003064119047e-35,2.416532428839719e-27,5.124188928333123e-28,7.610911320008270e-36,-7.687121868047583e-28,-1.431959696920381e-29,-2.420941889414487e-37,7.458212346849991e-30,4.231102575759357e-56,9.479749517416278e-29,1.095971230081191e-36,-4.689144339509025e-29,3.008662082618289e-25
3.815000000000000e+02,1.000000000000000e+00,-9.032953389265731e-28,-1.160951575180281e-35,2.231797387487367e-27,4.741329464851810e-28,6.804536398164486e-36,-7.099469594390246e-28,-1.399525136628569e-29,-2.225199318610241e-37,6.888059366543608e-30,3.616694261131140e-56,8.771459509975850e-29,9.798532413356860e-37,-4.330676452578050e-29,2.758983547737585e-25
3.820000000000000e+02,1.000000000000000e+00,-7.894457736972881e-28,-1.000222534157263e-35,2.061184662515367e-27,4.368507968516270e-28,6.064597516169177e-36,-6.556741181790723e-28,-1.357991543194101e-29,-2.038402455049886e-37,6.361492490498465e-30,3.076478298278797e-56,8.081739741755099e-29,8.733020423283615e-37,-3.999612120892341e-29,2.529258401846155e-25
3.825000000000000e+02,1.000000000000000e+00,-6.847677092264820e-28,-8.571949140204407e-36,1.903614654631204e-27,4.007939115903296e-28,5.387866785680892e-36,-6.055502365833117e-28,-1.309135134779606e-29,-1.861208208975830e-37,5.875179720899432e-30,2.604288597532481e-56,7.414687364421097e-29,7.758528171380485e-37,-3.693856443158201e-29,2.318223085907056e-25
3.830000000000000e+02,1.000000000000000e+00,-5.889319257970490e-28,-7.303308676428418e-36,1.758090295948758e-27,3.661383885218059e-28,4.770931805904103e-36,-5.592581419020679e-28,-1.254539249855557e-29,-1.694029695313915e-37,5.426043778943944e-30,2.193977697146889e-56,6.773560187653409e-29,6.870141800501907e-37,-3.411474665602614e-29,2.124653063665695e-25
3.835000000000000e+02,1.000000000000000e+00,-5.015703222149343e-28,-6.181793432709301e-36,1.623690740764967e-27,3.330199915085899e-28,4.210273097454020e-36,-5.165049080791212e-28,-1.195607433507645e-29,-1.537076909238923e-37,5.011242632507810e-30,1.839517237598483e-56,6.160869842908914e-29,6.062793260333788e-37,-3.150679939282639e-29,1.947363576416348e-25
3.840000000000000e+02,1.000000000000000e+00,-4.222854064995774e-28,-5.193779331111401e-36,1.499565538653499e-27,3.015388346416125e-28,3.702328314679897e-36,-4.770200021809196e-28,-1.133576357450351e-29,-1.390392295830114e-37,4.628151512399191e-30,1.535084087938539e-56,5.578468440869831e-29,5.331352773139051e-37,-2.909822013303609e-29,1.785210629112698e-25
3.845000000000000e+02,1.000000000000000e+00,-3.506586588989097e-28,-4.326532641687976e-36,1.384929253004013e-27,2.717637206759665e-28,3.243544918802024e-36,-4.405535725244789e-28,-1.069528469817544e-29,-1.253881728611139e-37,4.274346303404527e-30,1.275130282155162e-56,5.027628832505381e-29,4.670704683074915e-37,-2.687376792399321e-29,1.637092138532196e-25
3.850000000000000e+02,1.000000000000000e+00,-2.862578526522786e-28,-3.568202005942664e-36,1.279056490954377e-27,2.437361422161243e-28,2.830422822333855e-36,-4.068748676716277e-28,-1.004404289053100e-29,-1.127341372449487e-37,3.947588205027634e-30,1.054436421682743e-56,4.509118630998299e-29,4.075808864160751e-37,-2.481936692796929e-29,1.501949192788817e-25
3.855000000000000e+02,1.000000000000000e+00,-2.286434155291511e-28,-2.907800910377006e-36,1.181277313266327e-27,2.174739562408948e-28,2.459548356786373e-36,-3.757707762853433e-28,-9.390142725987267e-30,-1.010480868411503e-37,3.645809564859359e-30,8.681492379441393e-57,4.023268190456554e-29,3.541749633772377e-37,-2.292201735340594e-29,1.378767382171784e-25
3.860000000000000e+02,1.000000000000000e+00,-1.773739123066884e-28,-2.335182625600911e-36,1.090972995099313e-27,1.929747442301463e-28,2.127620770049611e-36,-3.470444786087137e-28,-8.740502056901766e-30,-9.029432419336208e-38,3.367100794933819e-30,7.118046840789077e-57,3.570032768257707e-29,3.063773908871439e-37,-2.116971319513154e-29,1.266578164467554e-25
3.865000000000000e+02,1.000000000000000e+00,-1.320107251140717e-28,-1.841009341799493e-36,1.007572110857615e-27,1.702188714545315e-28,1.831472326518562e-36,-3.205142010333912e-28,-8.100960685446739e-30,-8.043219012232184e-38,3.109698288281626e-30,5.813383206885253e-57,3.149049121908832e-29,2.637320150186729e-37,-1.955136626303686e-29,1.164460224533048e-25
3.870000000000000e+02,1.000000000000000e+00,-9.212200505351423e-29,-1.416716978529745e-36,9.305469183365584e-28,1.491722599589638e-28,1.568082961339260e-36,-2.960120658767160e-28,-7.476383516681601e-30,-7.141750602387969e-38,2.871973259218024e-30,4.730849456477321e-57,2.759686809240831e-29,2.258039464328534e-37,-1.805673601847967e-29,1.071540779546243e-25
3.875000000000000e+02,1.000000000000000e+00,-5.728596478462411e-29,-1.054476923038285e-36,8.594100192874744e-28,1.297888904500937e-28,1.334590329430700e-36,-2.733830290891624e-28,-6.870757990451637e-30,-6.320378899722943e-38,2.652421436750151e-30,3.837694495910602e-57,2.401094473326734e-29,1.921810074380208e-37,-1.667636477443890e-29,9.869967703867966e-26
3.880000000000000e+02,1.000000000000000e+00,-2.709357789803943e-29,-7.471557538879103e-37,7.937112752702352e-28,1.120130487241486e-28,1.128295989513177e-36,-2.524838991701543e-28,-6.287285677080286e-30,-5.574326730858408e-38,2.449653545885494e-30,3.104908025189283e-57,2.072241401396750e-29,1.624746224898975e-37,-1.540151784937941e-29,9.100558688647986e-26
3.885000000000000e+02,1.000000000000000e+00,-1.150746965114747e-30,-4.882738331675266e-37,7.330349592775399e-28,9.578133247792663e-29,9.466683725647449e-37,-2.331824310841678e-28,-5.728467997233761e-30,-4.898772102320426e-38,2.262386516609428e-30,2.507009295813200e-57,1.771954650841643e-29,1.363202456493232e-37,-1.422412829613423e-29,8.399972230834691e-26
3.890000000000000e+02,1.000000000000000e+00,2.092000181608211e-29,-2.719634986170030e-37,6.769971251070814e-28,8.102443436329015e-29,7.873431022637606e-37,-2.153564894436250e-28,-5.196186090854723e-30,-4.288917015795358e-38,2.089435364904199e-30,2.021800439297135e-57,1.498952035720868e-29,1.133774067259815e-37,-1.313674585606113e-29,7.761518618372665e-26
3.895000000000000e+02,1.000000000000000e+00,3.947824340846640e-29,-9.292745447188366e-38,6.252431778355652e-28,6.766871700229574e-29,6.481211613997751e-37,-1.988932756633874e-28,-4.691774914673207e-30,-3.740043041243637e-38,1.929705694434201e-30,1.630097932293575e-57,1.251871264542471e-29,9.332944724156761e-38,-1.213248981546663e-29,7.179026854810112e-26
3.900000000000000e+02,1.000000000000000e+00,5.486474808437001e-29,5.360215526910454e-38,5.774456300210766e-28,5.563759540160986e-29,5.269653323100026e-37,-1.836886141964514e-28,-4.216091693446511e-30,-3.247555442290583e-38,1.782186771449857e-30,1.315453600096864e-57,1.029295514929782e-29,7.588300785264037e-38,-1.120500546598353e-29,6.646839857049861e-26
3.905000000000000e+02,1.000000000000000e+00,6.740089867469225e-29,1.719036069638083e-37,5.333020294355478e-28,4.485274181412922e-29,4.219952805111463e-37,-1.696462933343098e-28,-3.769578887642829e-30,-2.807017454208971e-38,1.645945129089821e-30,1.063874459145812e-57,8.297757235613905e-30,6.076732039360506e-38,-1.034842389339290e-29,6.159804591431381e-26
3.910000000000000e+02,1.000000000000000e+00,7.738838836214892e-29,2.658040922531670e-37,4.925330452144783e-28,3.523512761344233e-29,3.314815982603047e-37,-1.566774564007064e-28,-3.352321870600922e-30,-2.414176137166895e-38,1.520118660610728e-30,8.635487381569947e-58,6.518498608486831e-30,4.773335014948387e-38,-9.557324840443088e-30,5.713257073762215e-26
3.915000000000000e+02,1.000000000000000e+00,8.510916003533730e-29,3.387166224625609e-37,4.548807003134900e-28,2.670591619145357e-29,2.538390782374731e-37,-1.447000394863954e-28,-2.964101532052611e-30,-2.064981065364936e-38,1.403911164167884e-30,7.045836447999211e-58,4.940594495418910e-30,3.655282726619612e-38,-8.826702408670120e-30,5.303002453985340e-26
3.920000000000000e+02,1.000000000000000e+00,9.082555164744982e-29,3.936751794410819e-37,4.201067390870947e-28,1.918722027760977e-29,1.876194463700231e-37,-1.336382521670169e-28,-2.604442043015783e-30,-1.755596965325870e-38,1.296587304627499e-30,5.787588860220742e-58,3.549635751357808e-30,2.701720027728333e-38,-8.151933382188032e-30,4.925290684598506e-26
3.925000000000000e+02,1.000000000000000e+00,9.478061529207967e-29,4.333680024231408e-37,3.879911196600798e-28,1.260273642429148e-29,1.315037465223354e-37,-1.234220979181854e-28,-2.272654030130763e-30,-1.482411283011038e-38,1.197467960529848e-30,4.792986140607126e-58,2.331506238493924e-30,1.893653949921630e-38,-7.528747973009310e-30,4.576788502460415e-26
3.930000000000000e+02,1.000000000000000e+00,9.719858080980441e-29,4.601689446047232e-37,3.583306215515714e-28,6.878268719863743e-30,8.429453788926349e-38,-1.139869311930869e-28,-1.967873416148695e-30,-1.242037538703138e-38,1.105925926760071e-30,4.006633534298302e-58,1.272479713174793e-30,1.213841345605394e-38,-6.953202802778300e-30,4.254548614273327e-26
3.935000000000000e+02,1.000000000000000e+00,9.828543766724095e-29,4.761668697698139e-37,3.309375597411297e-28,1.942153089803444e-30,4.490803802971756e-38,-1.052730483598683e-28,-1.689096188064062e-30,-1.031315219810008e-38,1.021381945734021e-30,3.383625548576060e-58,3.592983216136371e-31,6.466757476279329e-39,-6.421655949951964e-30,3.955977056821058e-26
3.940000000000000e+02,1.000000000000000e+00,9.822961160177708e-29,4.831930894259079e-37,3.056385970397776e-28,-2.274407163080455e-30,1.236632015693085e-38,-9.722530991036359e-29,-1.435209355843606e-30,-8.473068640230378e-39,9.433010419853741e-31,2.887877028933416e-58,-4.207653251698842e-31,1.780750102598043e-39,-5.930743904532179e-30,3.678799705753051e-26
3.945000000000000e+02,1.000000000000000e+00,9.720271509918427e-29,4.828468653601150e-37,2.822736472509069e-28,-5.837084637722579e-30,-1.421034780432055e-38,-8.979279154957752e-29,-1.205018363323594e-30,-6.872928977502608e-39,8.711891369601405e-31,2.490653541638935e-58,-1.079860657978677e-30,-2.046290083822159e-39,-5.477360284524228e-30,3.421028842531177e-26
3.950000000000000e+02,1.000000000000000e+00,9.536035316871449e-29,4.765190220692976e-37,2.606948621805105e-28,-8.808240693896630e-30,-3.561095311613297e-38,-8.292846195809803e-29,-9.972712090656341e-31,-5.487647166140783e-39,8.045899225977139e-31,2.169290811146887e-58,-1.629524528370877e-30,-5.127977248723146e-39,-5.058636179443980e-30,3.180930575108376e-26
3.955000000000000e+02,1.000000000000000e+00,9.284296810361131e-29,4.654137288278099e-37,2.407656960867677e-28,-1.124679934137561e-29,-5.254092347560336e-38,-7.658888518839096e-29,-8.106795291752448e-31,-4.294164252708756e-39,7.430819739151737e-31,1.906090195260441e-58,-2.080657878154487e-30,-7.565892980486883e-39,-4.671921996491848e-30,2.956993763079212e-26
3.960000000000000e+02,1.000000000000000e+00,8.977670896811332e-29,4.505685228388445e-37,2.223600416490275e-28,-1.320817428058324e-29,-6.562900740231153e-38,-7.073394581180613e-29,-6.439368866548189e-31,-3.271355921282820e-39,6.862760823239269e-31,1.687375460222086e-58,-2.443512241907899e-30,-9.450577065932859e-39,-4.314770694520174e-30,2.747900940502435e-26
3.965000000000000e+02,1.000000000000000e+00,8.627431343999769e-29,4.328726535060343e-37,2.053614319887936e-28,-1.474424186559698e-29,-7.543382093469949e-38,-6.532659507708703e-29,-4.957345031041443e-31,-2.399933200014581e-39,6.338127928045244e-31,1.502695245508417e-58,-2.727684745135441e-30,-1.086247021459673e-38,-3.984922299702308e-30,2.552501574329913e-26
3.970000000000000e+02,1.000000000000000e+00,8.243599136640887e-29,4.130838338347417e-37,1.896623036932783e-28,-1.590335338465872e-29,-8.245004140569413e-38,-6.033261647413136e-29,-3.647746587830185e-31,-1.662338857014219e-39,5.853601293554288e-31,1.344155406448997e-58,-2.942120376161864e-30,-1.187280596241995e-38,-3.680289604922013e-30,2.369787854306728e-26
3.975000000000000e+02,1.000000000000000e+00,7.835030096674385e-29,3.918434887448466e-37,1.751633161781043e-28,-1.673038065004582e-29,-8.711423710397294e-38,-5.572040921954235e-29,-2.497819764651523e-31,-1.042641593679169e-39,5.406114943228722e-31,1.205865735039215e-58,-3.095120420258478e-30,-1.254445014297210e-38,-3.398944962392083e-30,2.198873088109209e-26
3.980000000000000e+02,1.000000000000000e+00,7.409501004686557e-29,3.696905920154706e-37,1.617727230822302e-28,-1.726678945643408e-29,-8.981032829221817e-38,-5.146078829391531e-29,-1.495127933638046e-31,-5.264297747144395e-40,4.992837283192357e-31,1.083486249981368e-58,-3.194356049440305e-30,-1.293268727407942e-38,-3.139108085928834e-30,2.038972676501531e-26
3.985000000000000e+02,1.000000000000000e+00,6.973793588140767e-29,3.470741840074592e-37,1.494057917174285e-28,-1.755073600349325e-29,-9.087468052192502e-38,-4.752679976554053e-29,-6.276281389292796e-32,-1.007061128038459e-40,4.611153184535762e-31,9.738592014603944e-59,-3.246886160646251e-30,-1.308595399515720e-38,-2.899134785697972e-30,1.889387567736665e-26
3.990000000000000e+02,1.000000000000000e+00,6.533775858319173e-29,3.243646615009008e-37,1.379842668987228e-28,-1.761718188363521e-29,-9.060083561241402e-38,-4.389355023193185e-29,1.162677568704467e-32,2.462155527304280e-40,4.258647435363459e-31,8.747140595557561e-59,-3.259178648472513e-30,-1.304652032818762e-38,-2.677506564147843e-30,1.749490036681203e-26
3.995000000000000e+02,1.000000000000000e+00,6.094480381870823e-29,3.018639291846439e-37,1.274358757630206e-28,-1.749802370925369e-29,-8.924388918979767e-38,-4.053804929992460e-29,7.476456145588969e-32,5.248104844335583e-40,3.933089457871459e-31,7.844339707180346e-59,-3.237134386211932e-30,-1.285112004333086e-38,-2.472821007295400e-30,1.618711599437408e-26
4.000000000000000e+02,1.000000000000000e+00,5.660179165415741e-29,2.798144997517474e-37,1.176938704425465e-28,-1.722223389548507e-29,-8.702452643484430e-38,-3.743906410759222e-29,1.277053672625854e-31,7.444395900626987e-40,3.632419193747894e-31,7.018734138064671e-59,-3.186113270664737e-30,-1.253153180661758e-38,-2.283782910563125e-30,1.496532855290886e-26
