t,qw,qx,qy,qz,wx,wy,wz,tau_x,tau_y,tau_z,energy,hx,hy,hz,pointing_error_deg
0.000000000000000e+00,9.961946980917455e-01,6.162841671621935e-02,6.162841671621935e-02,0.000000000000000e+00,0.000000000000000e+00,0.000000000000000e+00,0.000000000000000e+00,-2.814134783119041e-10,5.492687895389194e-08,-1.123527943582235e-09,0.000000000000000e+00,0.000000000000000e+00,0.000000000000000e+00,0.000000000000000e+00,nan
1.000000000000000e+01,9.961941159526404e-01,6.162831892151762e-02,6.163792378265983e-02,-8.962371155067907e-08,-2.598856319373505e-08,3.793571555354563e-06,-3.166372987314718e-07,-6.786556800787562e-10,5.432853642638834e-08,-2.739453333126916e-09,1.039285710441831e-12,-2.993048846629013e-09,5.444598502430790e-07,4.864471673477370e-08,nan
2.000000000000000e+01,9.961923819090944e-01,6.162790012630585e-02,6.166636158201336e-02,-1.242284763590506e-06,-7.323137726484445e-08,7.545708079797430e-06,-8.981748828108702e-07,-1.067343562114194e-09,5.373357582780729e-08,-4.355220212204130e-09,4.124616115502870e-12,-1.191475260849768e-08,1.084952667882846e-06,8.112614650921493e-08,nan
3.000000000000000e+01,9.961895135649816e-01,6.162697376084648e-02,6.171360583666007e-02,-4.783569566096007e-06,-1.412994121933614e-07,1.125664739880926e-05,-1.744555391020301e-06,-1.447742092766976e-09,5.314210013763381e-08,-5.970406931528337e-09,9.217944720686368e-12,-2.668085370067345e-08,1.621512730878712e-06,9.744232810975372e-08,nan
4.000000000000000e+01,9.961855272536005e-01,6.162535518548488e-02,6.177953337311470e-02,-1.203864980325283e-05,-2.297907119975676e-07,1.492663304350308e-05,-2.855653659769534e-06,-1.820110575517174e-09,5.255419309581341e-08,-7.584589391545785e-09,1.629551939160471e-11,-4.720961969974343e-08,2.154174733480050e-06,9.759627024563952e-08,nan
5.000000000000000e+01,9.961804380291074e-01,6.162286152686013e-02,6.186402212380495e-02,-2.433192669321086e-05,-3.383297810149796e-07,1.855591266456356e-05,-4.231276113495395e-06,-2.184702381454478e-09,5.196991979070328e-08,-9.197339386450254e-09,2.534782740317372e-11,-7.342181637423519e-08,2.682973619465080e-06,8.159594391827180e-08,nan
6.000000000000000e+01,9.961742596400106e-01,6.161931151649368e-02,6.196695111957772e-02,-4.298667233880731e-05,-4.665669535928707e-07,2.214473649491004e-05,-5.871159888429083e-06,-2.541764692362847e-09,5.138932723623037e-08,-1.080822295062977e-08,3.637952016797285e-11,-1.052406738496300e-07,3.207944417492691e-06,4.945429202992841e-08,nan
7.000000000000000e+01,9.961670044847991e-01,6.161452533199666e-02,6.208820047308258e-02,-6.932466679660398e-05,-6.141777478239540e-07,2.569335585966105e-05,-7.774971689974623e-06,-2.891538253128878e-09,5.081244493862814e-08,-1.241679870826233e-08,4.940931750292983e-11,-1.425918459882013e-07,3.729122078578409e-06,1.189256178688951e-09,nan
8.000000000000000e+01,9.961586835498086e-01,6.160832444113265e-02,6.222765135317641e-02,-1.046658294924284e-04,-7.808622038297335e-07,2.920202173203949e-05,-9.942306384063340e-06,-3.234257132249638e-09,5.023928545324226e-08,-1.402261622685440e-08,6.446989117310407e-11,-1.854033630542960e-07,4.246541315707588e-06,-6.317617942370168e-08,nan
9.000000000000000e+01,9.961493063294612e-01,6.160053144897480e-02,6.238518595048508e-02,-1.503278436124823e-04,-9.663442069670260e-07,3.267098333392925e-05,-1.237268532298605e-05,-3.570148489275323e-09,4.966984493200364e-08,-1.562521437561502e-08,8.160772733270973e-11,-2.336055777263999e-07,4.760236445601644e-06,-1.436139269849939e-07,nan
1.000000000000000e+02,9.961388807290414e-01,6.159096994839947e-02,6.256068743425698e-02,-2.076257721000886e-04,-1.170370796212273e-06,3.610048677987691e-05,-1.506555440635980e-05,-3.899432348083479e-09,4.910410366227617e-08,-1.722411968968067e-08,1.008829673670459e-10,-2.871311045084540e-07,5.270241232656829e-06,-2.400907172021657e-07,nan
1.100000000000000e+02,9.961274129502109e-01,6.157946437415675e-02,6.275403990063479e-02,-2.778716638893881e-04,-1.392711457863607e-06,3.949077376342430e-05,-1.802028187806351e-05,-4.222321374943973e-09,4.854202659788472e-08,-1.881884474135187e-08,1.223692265251235e-10,-3.459147525844536e-07,5.776588735079434e-06,-3.525680044660693e-07,nan
1.200000000000000e+02,9.961149073594919e-01,6.156583986076544e-02,6.296512831246939e-02,-3.623741490089249e-04,-1.633157404592287e-06,4.284208028476005e-05,-2.123615586018089e-05,-4.539020660397999e-09,4.798356388322486e-08,-2.040888651967140e-08,1.461533896219614e-10,-4.098934521524350e-07,6.279311153246688e-06,-4.810018553134500e-07,nan
1.300000000000000e+02,9.961013663399879e-01,6.154992210448297e-02,6.319383843079945e-02,-4.624380211902358e-04,-1.891520839773228e-06,4.615463541878878e-05,-2.471238162522224e-05,-4.849727504040327e-09,4.742865137145036e-08,-2.199372481986710e-08,1.723353829822633e-10,-4.790061742665991e-07,6.778439680328666e-06,-6.253428202545784e-07,nan
1.400000000000000e+02,9.960867901266469e-01,6.153153722960383e-02,6.344005673811198e-02,-5.793638066194433e-04,-2.167634206928889e-06,4.942866012283826e-05,-2.844807860816430e-05,-5.154631201360852e-09,4.687721113781634e-08,-2.357282064439787e-08,2.010279216940413e-10,-5.531938442095577e-07,7.274004355213656e-06,-7.855357891223851e-07,nan
1.500000000000000e+02,9.960711766254097e-01,6.151051165934846e-02,6.370367035350354e-02,-7.144473174736937e-04,-2.461349424032115e-06,5.266436608335103e-05,-3.244227716015220e-05,-5.453912831870989e-09,4.632915198934401e-08,-2.514561461758188e-08,2.323562311422739e-10,-6.323992484106307e-07,7.766033917786938e-06,-9.615198301087512e-07,nan
1.600000000000000e+02,9.960545212166272e-01,6.148667199160938e-02,6.398456693985834e-02,-8.689791888892983e-04,-2.772537102331610e-06,5.586195460104665e-05,-3.669391504605346e-05,-5.747745047811303e-09,4.578436997204928e-08,-2.671152541604837e-08,2.664577416995717e-10,-7.165669349207917e-07,8.254555666621832e-06,-1.153228012675664e-06,nan
1.700000000000000e+02,9.960368165431744e-01,6.145984487982790e-02,6.428263460316029e-02,-1.044244398014833e-03,-3.101085749288766e-06,5.902161551418316e-05,-4.120183368844603e-05,-6.036291862809776e-09,4.524274887705299e-08,-2.826994821754152e-08,3.034817553637098e-10,-8.056431074503164e-07,8.739595319150962e-06,-1.360587214553733e-06,nan
1.800000000000000e+02,9.960180522837306e-01,6.142985691928465e-02,6.459776178405817e-02,-1.241521763810619e-03,-3.446900955146977e-06,6.214352615970003e-05,-4.596477416106134e-05,-6.319708439935507e-09,4.470416074696209e-08,-2.982025317091499e-08,3.435890830515748e-10,-8.995755129715417e-07,9.221176874396021e-06,-1.583517913067928e-06,nan
1.900000000000000e+02,9.959982149117453e-01,6.139653453909140e-02,6.492983714180693e-02,-1.462083426266140e-03,-3.809904562594263e-06,6.522785037218469e-05,-5.098137293519831e-05,-6.598140878670495e-09,4.416846638397915e-08,-3.136178389048756e-08,3.869516511863793e-10,-9.983133228864182e-07,9.699322478345274e-06,-1.821933961061146e-06,nan
2.000000000000000e+02,9.959772874406594e-01,6.135970390018543e-02,6.527874943070938e-02,-1.707194303719459e-03,-4.190033818927568e-06,6.827473752077037e-05,-5.625015738317110e-05,-6.871726000402218e-09,4.363551586125770e-08,-3.289385597828606e-08,4.337520761507752e-10,-1.101807007756810e-06,1.017405229207954e-05,-2.075742347719831e-06,nan
2.100000000000000e+02,9.959552491559994e-01,6.131919079963143e-02,6.564438736919198e-02,-1.978111526977855e-03,-4.587240510082517e-06,7.128432158424784e-05,-6.176954104346533e-05,-7.140591132123307e-09,4.310514903908371e-08,-3.441575557807958e-08,4.841832051237800e-10,-1.210008205594876e-06,1.064538436276012e-05,-2.344842944643450e-06,nan
2.200000000000000e+02,9.959320753350251e-01,6.127482058154999e-02,6.602663950165261e-02,-2.276083848957226e-03,-5.001490075856299e-06,7.425672026485456e-05,-6.753781865294945e-05,-7.404853888110557e-09,4.257719608751496e-08,-3.592673796550637e-08,5.384476217751932e-10,-1.322869583711384e-06,1.111333449760541e-05,-2.629128237540459e-06,nan
2.300000000000000e+02,9.959077369546600e-01,6.122641805499773e-02,6.642539405322768e-02,-2.602351028579483e-03,-5.432760705623848e-06,7.719203414138609e-05,-7.355316095222683e-05,-7.664621949445057e-09,4.205147801716110e-08,-3.742602617901519e-08,5.967571152584943e-10,-1.440344694121565e-06,1.157791614099614e-05,-2.928483043978522e-06,nan
2.400000000000000e+02,9.958822003885014e-01,6.117380741913656e-02,6.684053877763471e-02,-2.958143187692848e-03,-5.881042413828972e-06,8.009034586247264e-05,-7.981360927102845e-05,-7.919992841327739e-09,4.152780721982920e-08,-3.891280969678004e-08,6.593321109234374e-10,-1.562387822511199e-06,1.203914025486479e-05,-3.242784217665837e-06,nan
2.500000000000000e+02,9.958554270937693e-01,6.111681219603858e-02,6.727196079826207e-02,-3.344680139810066e-03,-6.346336094523288e-06,8.295171938105655e-05,-8.631706990142423e-05,-8.171053708241715e-09,4.100598802080308e-08,-4.038624316520468e-08,7.264010611636801e-10,-1.688953830770097e-06,1.249701520253942e-05,-3.571900339793584e-06,nan
2.600000000000000e+02,9.958273732891179e-01,6.105525517148202e-02,6.771954644268574e-02,-3.763170689494189e-03,-6.828652554226649e-06,8.577619923130761e-05,-9.306130826759684e-05,-8.417881087111975e-09,4.048581724455153e-08,-4.184544518510542e-08,7.981997948243424e-10,-1.819997993106119e-06,1.295154663622778e-05,-3.915691398027720e-06,nan
2.700000000000000e+02,9.957979896243028e-01,6.098895834410589e-02,6.818318107081085e-02,-4.214811901261998e-03,-7.328011522394231e-06,8.856380984942211e-05,-1.000439429019568e-04,-8.660540678717389e-09,3.996708479568950e-08,-4.328949716214782e-08,8.749708236206875e-10,-1.955475825760382e-06,1.340273738834486e-05,-4.274008453800483e-06,nan
2.800000000000000e+02,9.957672208427748e-01,6.091774288329774e-02,6.866274889685492e-02,-4.700788336920948e-03,-7.844440638797619e-06,9.131455493995659e-05,-1.072624392384999e-04,-8.899087117718055e-09,3.944957425703567e-08,-4.471744222861298e-08,9.569626040635570e-10,-2.095342910353564e-06,1.385058736690310e-05,-4.646693298619385e-06,nan
2.900000000000000e+02,9.957350054383375e-01,6.084142909620070e-02,6.915813280540370e-02,-5.222271260308092e-03,-8.377974417160847e-06,9.402841688956325e-05,-1.147141032355082e-04,-9.133563741772377e-09,3.893306350661711e-08,-4.612828424407727e-08,1.044428753451359e-09,-2.239554710904057e-06,1.429509345520281e-05,-5.033578100183268e-06,nan
3.000000000000000e+02,9.957012753070915e-01,6.075983640423255e-02,6.966921416179607e-02,-5.780417808458510e-03,-8.928653184438000e-06,9.670535623020326e-05,-1.223960748409859e-04,-9.364002360334578e-09,3.841732535547547e-08,-4.752098688310557e-08,1.137627218573741e-09,-2.388066384571634e-06,1.473624941607747e-05,-5.434485039172231e-06,nan
3.100000000000000e+02,9.956659553959641e-01,6.067278332951921e-02,7.019587261711396e-02,-6.376370128297820e-03,-9.496521995176845e-06,9.934531115413422e-05,-1.303053213155918e-04,-9.590423023843045e-09,3.790212820811934e-08,-4.889447281857576e-08,1.236819395880266e-09,-2.540832586194857e-06,1.517404580096763e-05,-5.849225937659880e-06,nan
3.200000000000000e+02,9.956289633492069e-01,6.058008749165153e-02,7.073798590808149e-02,-7.011254478027983e-03,-1.008162952048398e-05,1.019481970831776e-04,-1.384386304292867e-04,-9.812833794134136e-09,3.738723674744982e-08,-5.024762300977007e-08,1.342269201999835e-09,-2.697807266707269e-06,1.560846986411482e-05,-6.277601880183294e-06,nan
3.300000000000000e+02,9.955902091543271e-01,6.048156561518032e-02,7.129542965220081e-02,-7.686180292459039e-03,-1.068402691119174e-05,1.045139062949900e-04,-1.467926035494566e-04,-1.003123051704324e-08,3.687241264595323e-08,-5.157927610488197e-08,1.454242093655099e-09,-2.858943465536146e-06,1.603950548218615e-05,-6.719402828597820e-06,nan
3.400000000000000e+02,9.955495947890081e-01,6.037703354827093e-02,7.186807713848468e-02,-8.402239211632282e-03,-1.130376663492522e-05,1.070423076092709e-04,-1.553636486399006e-04,-1.024559659828654e-08,3.635741530491302e-08,-5.288822796808784e-08,1.573004036201964e-09,-3.024193097108508e-06,1.646713307965890e-05,-7.174407231940346e-06,nan
3.500000000000000e+02,9.955070138706585e-01,6.026630629294129e-02,7.245579911417400e-02,-9.160504072182543e-03,-1.194090128688148e-05,1.095332461370484e-04,-1.641479731917757e-04,-1.045590278385139e-08,3.584200262333442e-08,-5.417323134181892e-08,1.698820420239238e-09,-3.193506731612303e-06,1.689132956031275e-05,-7.642381632626019e-06,nan
3.600000000000000e+02,9.954623513103171e-01,6.014919804730969e-02,7.305846356786456e-02,-9.962027861000212e-03,-1.259548237426085e-05,1.119865430963841e-04,-1.731415771093791e-04,-1.066210694626068e-08,3.532593179820317e-08,-5.543299565533494e-08,1.831954925978719e-09,-3.366833370186098e-06,1.731206824519604e-05,-8.123080270408986e-06,nan
3.700000000000000e+02,9.954154829727369e-01,6.002552226028091e-02,7.367593550949982e-02,-1.080784263087710e-02,-1.326755907443442e-05,1.144019956980385e-04,-1.823402455755096e-04,-1.086415387821644e-08,3.480896015761003e-08,-5.666618699113341e-08,1.972668335343261e-09,-3.544120214738452e-06,1.772931881745081e-05,-8.616244685647764e-06,nan
3.800000000000000e+02,9.953662753445497e-01,5.989509169909626e-02,7.430807674772666e-02,-1.169895837795557e-02,-1.395717696709135e-05,1.167793771048183e-04,-1.917395419230776e-04,-1.106197509527014e-08,3.429084602816779e-08,-5.787142822113081e-08,2.121217292070208e-09,-3.725312432628257e-06,1.814304727439835e-05,-9.121603323529636e-06,nan
3.900000000000000e+02,9.953145852125126e-01,5.975771853017028e-02,7.495474566514607e-02,-1.263636188094681e-02,-1.466437674078564e-05,1.191184364685069e-04,-2.013348005416246e-04,-1.125548864930926e-08,3.377134963802006e-08,-5.904729932490606e-08,2.277853010441765e-09,-3.910352916469912e-06,1.855321588730485e-05,-9.638871141025671e-06,nan
4.000000000000000e+02,9.952602593539145e-01,5.961321441363158e-02,7.561579699203774e-02,-1.362101550224430e-02,-1.538919287449484e-05,1.214188990484404e-04,-2.111211198494646e-04,-1.144459895479479e-08,3.325023405660011e-08,-6.019233790260193e-08,2.442819933642630e-09,-4.099182039362281e-06,1.895978316926193e-05,-1.016774921846847e-05,nan
4.100000000000000e+02,9.952031342413118e-01,5.946139061197680e-02,7.629108157917401e-02,-1.465385595122986e-02,-1.613165229501260e-05,1.236804664159369e-04,-2.210933553642508e-04,-1.162919662982529e-08,3.272726617212746e-08,-6.130503989531942e-08,2.616354343159449e-09,-4.291737405877648e-06,1.936270385163253e-05,-1.070792437776735e-05,nan
4.200000000000000e+02,9.951430357638448e-01,5.930205811323593e-02,7.698044617038838e-02,-1.573579301025543e-02,-1.689177301122276e-05,1.259028167489204e-04,-2.312461129068974e-04,-1.180915835424620e-08,3.220221770764640e-08,-6.238386052601624e-08,2.798682921086538e-09,-4.487953599186740e-06,1.976192886952654e-05,-1.125906880939997e-05,nan
4.300000000000000e+02,9.950797789674595e-01,5.913502776903213e-02,7.768373317560473e-02,-1.686770822398247e-02,-1.766956272654662e-05,1.280856052211819e-04,-2.415737419759439e-04,-1.198434674716041e-08,3.167486627619509e-08,-6.342721547400485e-08,2.990021267687665e-09,-4.687761924738021e-06,2.015740535678153e-05,-1.182083971044540e-05,nan
4.400000000000000e+02,9.950131678164388e-01,5.896011044790361e-02,7.840078044508579e-02,-1.805045355297282e-02,-1.846501743111382e-05,1.302284644908180e-04,-2.520703293315991e-04,-1.215461026633163e-08,3.114499647546221e-08,-6.443348229615057e-08,3.190572377084355e-09,-4.891090150953701e-06,2.054907665093656e-05,-1.239287893604817e-05,nan
4.500000000000000e+02,9.949429949787115e-01,5.877711720423244e-02,7.913142104570298e-02,-1.928484999265183e-02,-1.927811997548399e-05,1.323310052924329e-04,-2.627296928308725e-04,-1.231978313210030e-08,3.061240102202479e-08,-6.540100210776048e-08,3.400525074495964e-09,-5.097862247451657e-06,2.093688230869322e-05,-1.297481266682936e-05,nan
4.600000000000000e+02,9.948690416374705e-01,5.858585946310247e-02,7.987548304008180e-02,-2.057168615900364e-02,-2.010883862803795e-05,1.343928171377326e-04,-2.735453755572995e-04,-1.247968527855374e-08,3.007688192497566e-08,-6.632808153594063e-08,3.620052419044051e-09,-5.307998121350634e-06,2.132075813236583e-05,-1.356625109488112e-05,nan
4.700000000000000e+02,9.947910773316800e-01,5.838614922137809e-02,8.063278926952508e-02,-2.191171684261294e-02,-2.095712561846417e-05,1.364134691291333e-04,-2.845106402908908e-04,-1.263412233480541e-08,2.953825169843640e-08,-6.721299495785217e-08,3.849310076752585e-09,-5.521413352266933e-06,2.170063620782558e-05,-1.416678813110352e-05,nan
4.800000000000000e+02,9.947088598281068e-01,5.817779926526541e-02,8.140315714166629e-02,-2.330566153293399e-02,-2.182291567008783e-05,1.383925108909668e-04,-2.956184643659130e-04,-1.278288563933896e-08,2.899633461211082e-08,-6.805398703581884e-08,4.088434669021502e-09,-5.738018926662405e-06,2.207644495444354e-05,-1.477600113675551e-05,nan
4.900000000000000e+02,9.946221350275258e-01,5.796062340457755e-02,8.218639842385525e-02,-2.475420291494861e-02,-2.270612452412355e-05,1.403294736227984e-04,-3.068615349660663e-04,-1.292575229046304e-08,2.845096797867034e-08,-6.884927556060876e-08,4.337542102523607e-09,-5.957720972257248e-06,2.244810918753629e-05,-1.539345068220274e-05,nan
5.000000000000000e+02,9.945306369077909e-01,5.773443672388684e-02,8.298231904332769e-02,-2.625798534066708e-02,-2.360664745927971e-05,1.422238712792502e-04,-3.182322449084272e-04,-1.306248523599588e-08,2.790200347636803e-08,-6.959705461342278e-08,4.596725887167400e-09,-6.180420493275660e-06,2.281555019381034e-05,-1.601868033594657e-05,nan
5.100000000000000e+02,9.944340875064557e-01,5.749905585069835e-02,8.379071889525719e-02,-2.781761327823107e-02,-2.452435781049813e-05,1.440752018805607e-04,-3.297226889691964e-04,-1.319283340535507e-08,2.734930850486026e-08,-7.029549805616611e-08,4.866055449478017e-09,-6.406013107347670e-06,2.317868582029229e-05,-1.665121648711187e-05,nan
5.200000000000000e+02,9.943321969456296e-01,5.725429924072991e-02,8.461139165983657e-02,-2.943364974169322e-02,-2.545910549097712e-05,1.458829489579072e-04,-3.413246608057959e-04,-1.331653188726554e-08,2.679276757177188e-08,-7.094276335843312e-08,5.145574449469097e-09,-6.634388784946261e-06,2.353743057721772e-05,-1.729056820465314e-05,nan
5.300000000000000e+02,9.942246635017311e-01,5.699998748032568e-02,8.544412462957808e-02,-3.110661470487340e-02,-2.641071552199674e-05,1.476465831372507e-04,-3.530296505311700e-04,-1.343330215631173e-08,2.623228370707152e-08,-7.153699576831075e-08,5.435299109803950e-09,-6.865431592294860e-06,2.389169575533295e-05,-1.793622713660965e-05,nan
5.400000000000000e+02,9.941111737227596e-01,5.673594360597164e-02,8.628869854806805e-02,-3.283698350302725e-02,-2.737898657543864e-05,1.493655638651495e-04,-3.648288429971968e-04,-1.354285235155162e-08,2.566777990183742e-08,-7.207633283257011e-08,5.735216566767398e-09,-7.099019438735445e-06,2.424138955804049e-05,-1.858766745279391e-05,nan
5.500000000000000e+02,9.939914025956458e-01,5.646199344081148e-02,8.714488746144566e-02,-3.462518522640138e-02,-2.836368953426797e-05,1.510393412796203e-04,-3.767131168449384e-04,-1.364487761037072e-08,2.509920056748083e-08,-7.255890927008324e-08,6.045283253283098e-09,-7.335023829602067e-06,2.458641724879112e-05,-1.924434583433869e-05,nan
5.600000000000000e+02,9.938650137661684e-01,5.617796594799464e-02,8.801245858391672e-02,-3.647160111010033e-02,-2.936456607661604e-05,1.526673582286836e-04,-3.886730443799434e-04,-1.373906046068804e-08,2.452651301097090e-08,-7.298286220035507e-08,6.365423324905088e-09,-7.573309625697355e-06,2.492668131409105e-05,-1.990570151354653e-05,nan
5.700000000000000e+02,9.937316598138159e-01,5.588369360060738e-02,8.889117217863989e-02,-3.837656292503740e-02,-3.038132728946970e-05,1.542490524387517e-04,-4.006988923310025e-04,-1.382507127452512e-08,2.394970892106160e-08,-7.334633672689644e-08,6.695527140378577e-09,-7.813734810520451e-06,2.526208164245462e-05,-2.057115636748738e-05,nan
5.800000000000000e+02,9.935909825838548e-01,5.557901276785829e-02,8.978078145535331e-02,-4.034035137509429e-02,-3.141365231832936e-05,1.557838588344468e-04,-4.127806235505384e-04,-1.390256878581590e-08,2.336880585997353e-08,-7.364749187279199e-08,7.035449808991648e-09,-8.056150266442934e-06,2.559251571958652e-05,-2.124011506876618e-05,nan
5.900000000000000e+02,9.934426135787153e-01,5.526376411710426e-02,9.068103248612790e-02,-4.236319450596582e-02,-3.246118705954037e-05,1.572712120108289e-04,-4.249078997142084e-04,-1.397120067516154e-08,2.278384875442321e-08,-7.388450686322046e-08,7.385009817517119e-09,-8.300399561073521e-06,2.591787884002811e-05,-2.191196529683506e-05,nan
6.000000000000000e+02,9.932861744106308e-01,5.493779303120842e-02,9.159166414064808e-02,-4.444526613151021e-02,-3.352354290232754e-05,1.587105488583154e-04,-4.370700850762569e-04,-1.403060422402503e-08,2.219491137933835e-08,-7.405558774688833e-08,7.743987750059620e-09,-8.546318745093256e-06,2.623806433544377e-05,-2.258607801315166e-05,nan
6.100000000000000e+02,9.931212773172748e-01,5.460095004063151e-02,9.251240804243241e-02,-4.658668428376878e-02,-3.460029552786502e-05,1.601013113398335e-04,-4.492562513356127e-04,-1.408040704060721e-08,2.160209782704237e-08,-7.415897434533407e-08,8.112125114564690e-09,-8.793736162877931e-06,2.655296381966156e-05,-2.326180780338044e-05,nan
6.200000000000000e+02,9.929475257419043e-01,5.425309126955282e-02,9.344298854739905e-02,-4.878750969314376e-02,-3.569098377298683e-05,1.614429494189225e-04,-4.614551836657125e-04,-1.412022785935090e-08,2.100554395414953e-08,-7.419294751586558e-08,8.489123290102718e-09,-9.042472277254447e-06,2.686246745051164e-05,-2.393849328970248e-05,nan
6.300000000000000e+02,9.927645149792732e-01,5.389407889521809e-02,9.438312274617940e-02,-5.104774430554392e-02,-3.679510856638826e-05,1.627349241366273e-04,-4.736553879584481e-04,-1.414967741568154e-08,2.040541879788783e-08,-7.415583671052454e-08,8.874642609296488e-09,-9.292339509761115e-06,2.716646420843142e-05,-2.461545761613143e-05,nan
6.400000000000000e+02,9.925718328882938e-01,5.352378161960358e-02,9.533252049156238e-02,-5.336732984360337e-02,-3.791213194536837e-05,1.639767108340787e-04,-4.858450993295060e-04,-1.416835939720842e-08,1.980192595306530e-08,-7.404602780994364e-08,9.268301590404997e-09,-9.543142097797579e-06,2.746484219172353e-05,-2.529200900953497e-05,nan
6.500000000000000e+02,9.923690606721172e-01,5.314207515237794e-02,9.629088445242476e-02,-5.574614641936023e-02,-3.904147616132977e-05,1.651678025166599e-04,-4.980122919286463e-04,-1.417587147218194e-08,1.919530490042751e-08,-7.386197120730199e-08,9.669676333594990e-09,-9.794675970058153e-06,2.775748892826614e-05,-2.596744141882526e-05,nan
6.600000000000000e+02,9.921557737259673e-01,5.274884270403049e-02,9.725791019546380e-02,-5.818401120603368e-02,-4.018252288235984e-05,1.663077133546006e-04,-5.101446900941130e-04,-1.417180639552788e-08,1.858583227672488e-08,-7.360219011381275e-08,1.007830009581136e-08,-1.004672864164045e-05,2.804429170338112e-05,-2.664103523450992e-05,nan
6.700000000000000e+02,9.919315425526984e-01,5.234397548792603e-02,9.823328629600446e-02,-6.068067717676420e-02,-4.133461250127985e-05,1.673959823137357e-04,-5.222297808854347e-04,-1.415575319226268e-08,1.797382307643073e-08,-7.326528905333514e-08,1.049366305838886e-08,-1.029907913021103e-05,2.832513790346709e-05,-2.731205809048735e-05,nan
6.800000000000000e+02,9.916959337456591e-01,5.192737322993043e-02,9.921669447908528e-02,-6.323583191837273e-02,-4.249704355754578e-05,1.684321769090174e-04,-5.342548280232572e-04,-1.412729841753086e-08,1.735963177472572e-08,-7.284996250981907e-08,1.091521230111595e-08,-1.055149789458743e-05,2.859991537490136e-05,-2.797976574962266e-05,nan
6.900000000000000e+02,9.914485110380254e-01,5.149894468414181e-02,1.002078097919624e-01,-6.584909652835091e-02,-4.366907228132116e-05,1.694158970721836e-04,-5.462068872586097e-04,-1.408602749190561e-08,1.674365336111086e-08,-7.235500368740649e-08,1.134235199585898e-08,-1.080374679706341e-05,2.886851279760622e-05,-2.864340307425610e-05,nan
7.000000000000000e+02,9.911888364173366e-01,5.105860815315018e-02,1.012063008090810e-01,-6.852002460340603e-02,-4.484991226790820e-05,1.703467791237694e-04,-5.580728231871521e-04,-1.403152610995355e-08,1.612632427282846e-08,-7.177931333918059e-08,1.177444383207265e-08,-1.105557909075950e-05,2.913082007256397e-05,-2.930220508237444e-05,nan
7.100000000000000e+02,9.909164713034971e-01,5.060629201114152e-02,1.022118298704711e-01,-7.124810132795509e-02,-4.603873429051650e-05,1.712244998384166e-04,-5.698393275164440e-04,-1.396338171939079e-08,1.550812321717297e-08,-7.112190861681004e-08,1.221080768555217e-08,-1.130673943322370e-05,2.938672872245072e-05,-2.995539808971738e-05,nan
7.200000000000000e+02,9.906309777880383e-01,5.014193522805607e-02,1.032240533544072e-01,-7.403274267097705e-02,-4.723466625906342e-05,1.720487805911947e-04,-5.814929387861586e-04,-1.388118506745478e-08,1.488957187176875e-08,-7.038193188974157e-08,1.265072254061998e-08,-1.155696392743631e-05,2.963613230444211e-05,-3.060220093759534e-05,nan
7.300000000000000e+02,9.903319199319327e-01,4.966548789291285e-02,1.042426219850577e-01,-7.687329469959991e-02,-4.843679333233531e-05,1.728193915713976e-04,-5.930200635325124e-04,-1.378453181038890e-08,1.427123545198637e-08,-6.955865947920443e-08,1.309342767458252e-08,-1.180598019129007e-05,2.987892683412633e-05,-3.124182630566999e-05,nan
7.400000000000000e+02,9.900188651187496e-01,4.917691173431532e-02,1.052671811757050e-01,-7.976903301770479e-02,-4.964415819038753e-05,1.735361560490634e-04,-6.044069988789386e-04,-1.367302418119140e-08,1.365372313487168e-08,-6.865151024915262e-08,1.353812411173977e-08,-1.205350745651843e-05,3.011501121934173e-05,-3.187348210838816e-05,nan
7.500000000000000e+02,9.896913854594229e-01,4.867618063607013e-02,1.062973714079776e-01,-8.271916233767780e-02,-5.085576147352854e-05,1.741989546782591e-04,-6.156399565253151e-04,-1.354627271002429e-08,1.303768832927936e-08,-6.766005399346506e-08,1.398397635248422e-08,-1.229925669793426e-05,3.034428770264021e-05,-3.249637297317263e-05,nan
7.600000000000000e+02,9.893490592443764e-01,4.816328114576698e-02,1.073328286473655e-01,-8.572281619321970e-02,-5.207056239360705e-05,1.748077298200142e-04,-6.267050880979238e-04,-1.340389799091765e-08,1.242382878233901e-08,-6.658401955628783e-08,1.443011438109501e-08,-1.254293079371585e-05,3.056666231096103e-05,-3.310970179786318e-05,nan
7.700000000000000e+02,9.889914724382345e-01,4.763821297410303e-02,1.083731847951289e-01,-8.877905680084554e-02,-5.328747952261454e-05,1.753624898666860e-04,-6.375885118117852e-04,-1.324553248765186e-08,1.181288651294486e-08,-6.542330262041063e-08,1.487563595372299e-08,-1.278422471733886e-05,3.078204531098996e-05,-3.371267138426753e-05,nan
7.800000000000000e+02,9.886182202118224e-01,4.710098948267401e-02,1.094180681765177e-01,-9.188687507735054e-02,-5.450539176281751e-05,1.758633135485099e-04,-6.482763403861978e-04,-1.307082237095922e-08,1.120564756364807e-08,-6.417797309708223e-08,1.531960916578841e-08,-1.302282576160074e-05,3.099035166857113e-05,-3.430448614403429e-05,nan
7.900000000000000e+02,9.882289085056518e-01,4.655163815790856e-02,1.104671040650312e-01,-9.504519082009716e-02,-5.572313950175294e-05,1.763103542021398e-04,-6.587547101432891e-04,-1.287942937847258e-08,1.060294156315142e-08,-6.284828204973270e-08,1.576107529559039e-08,-1.325841379501964e-05,3.119150151043877e-05,-3.488435387240094e-05,nan
8.000000000000000e+02,9.878231556185930e-01,4.599020106878784e-02,1.115199152422451e-01,-9.825285305648893e-02,-5.693952595445905e-05,1.767038439801443e-04,-6.690098112082606e-04,-1.267103268816816e-08,1.000564109255388e-08,-6.143466808375245e-08,1.619905191837616e-08,-1.349066155071378e-05,3.138542058644271e-05,-3.545148758470722e-05,nan
8.100000000000000e+02,9.874005938149570e-01,4.541673530597534e-02,1.125761225925222e-01,-1.015086405684305e-01,-5.815331869427260e-05,1.770440979796982e-04,-6.790279187188707e-04,-1.244533079541356e-08,9.414660849568449e-09,-5.993776313481450e-08,1.663253628246240e-08,-1.371923494767956e-05,3.157204073035855e-05,-3.600510740990234e-05,nan
8.200000000000000e+02,9.869608709427663e-01,4.483131339997545e-02,1.136353457317074e-01,-1.048112625969414e-01,-5.936325137241561e-05,1.773315182681138e-04,-6.887954249406455e-04,-1.220204338315450e-08,8.830956606137119e-09,-5.835839758927444e-08,1.706050893626544e-08,-1.394379344418954e-05,3.175130031729819e-05,-3.654444253462033e-05,nan
8.300000000000000e+02,9.865036520555696e-01,4.423402371595337e-02,1.146972036686864e-01,-1.081593597313894e-01,-6.056802562541690e-05,1.775665977824193e-04,-6.982988721735338e-04,-1.194091317426027e-08,8.255523956183274e-09,-5.669760467196538e-08,1.748193759231689e-08,-1.416399042282595e-05,3.192314471567700e-05,-3.706873319076189e-05,nan
8.400000000000000e+02,9.860286210297827e-01,4.362497082287720e-02,1.157613154984644e-01,-1.115515049870378e-01,-6.176631316818499e-05,1.777499240798988e-04,-7.075249863252135e-04,-1.166170775461436e-08,7.689396851669720e-09,-5.495662403926443e-08,1.789578121154266e-08,-1.437947360645266e-05,3.208752673164306e-05,-3.757723267890384e-05,nan
8.500000000000000e+02,9.855354821691957e-01,4.300427583469043e-02,1.168273011251960e-01,-1.149862050737724e-01,-6.295675806927074e-05,1.778821829164020e-04,-7.164607110163205e-04,-1.136422135518921e-08,7.133645926656204e-09,-5.313690451864593e-08,1.830099428831068e-08,-1.458988550421143e-05,3.224440704384120e-05,-3.806920941927634e-05,nan
8.600000000000000e+02,9.850239617880041e-01,4.237207672128800e-02,1.178947820133726e-01,-1.184619018579790e-01,-6.413797920354365e-05,1.779641616293080e-04,-7.250932420734416e-04,-1.104827658109532e-08,6.589376610663607e-09,-5.124010594008012e-08,1.869653131403501e-08,-1.479486388640678e-05,3.239375462636528e-05,-3.854394902149947e-05,nan
8.700000000000000e+02,9.844938097634894e-01,4.172852858715247e-02,1.189633819651532e-01,-1.219769740186013e-01,-6.530857287617135e-05,1.779967523022906e-04,-7.334100622571056e-04,-1.071372607545144e-08,6.057727034337070e-09,-4.926810000956245e-08,1.908135139450966e-08,-1.499404228692258e-05,3.253554715775012e-05,-3.900075636377359e-05,nan
8.800000000000000e+02,9.839448010493010e-01,4.107380391560946e-02,1.200327279216082e-01,-1.255297388974059e-01,-6.646711561044040e-05,1.779809546895109e-04,-7.413989760642003e-04,-1.036045410589434e-08,5.539865732141582e-09,-4.722297018077004e-08,1.945442299366890e-08,-1.518705053159230e-05,3.266977141387009e-05,-3.943895767177132e-05,nan
8.900000000000000e+02,9.833767371401827e-01,4.040809277678149e-02,1.211024507854355e-01,-1.291184545424560e-01,-6.761216709061459e-05,1.779178788775361e-04,-7.490481444374734e-04,-9.988378061638825e-09,5.036989148601299e-09,-4.510701048729077e-08,1.981472877417630e-08,-1.537351529072778e-05,3.279642364264478e-05,-3.985790258709534e-05,nan
9.000000000000000e+02,9.827894474789552e-01,3.973160299745964e-02,1.221721862625153e-01,-1.327413219427148e-01,-6.874227324969674e-05,1.778087476641718e-04,-7.563461192090824e-04,-9.597449849217616e-09,4.550318956389439e-09,-4.292272330503265e-08,2.016127050317246e-08,-1.555306065380035e-05,3.291550991850418e-05,-4.025696621484964e-05,nan
9.100000000000000e+02,9.821827907965905e-01,3.904456029126758e-02,1.232415757194707e-01,-1.363964874506110e-01,-6.985596949066471e-05,1.776548986344997e-04,-7.632818771007196e-04,-9.187657175378272e-09,4.081099196366024e-09,-4.067281602222593e-08,2.049307398970018e-08,-1.572530872406437e-05,3.302704647463720e-05,-4.063555113963235e-05,nan
9.200000000000000e+02,9.815566563763291e-01,3.834720834766804e-02,1.243102670542445e-01,-1.400820453882801e-01,-7.095178402850644e-05,1.774577859157206e-04,-7.698448530996992e-04,-8.759024706096575e-09,3.630593251425100e-09,-3.836019660281850e-08,2.080919401881345e-08,-1.588988023072240e-05,3.313106001113796e-05,-4.099308939909652e-05,nan
9.300000000000000e+02,9.809109652329767e-01,3.763980887855015e-02,1.253779155765326e-01,-1.437960408320752e-01,-7.202824133919325e-05,1.772189815939125e-04,-7.760249730286730e-04,-8.311615091276854e-09,3.200080667726327e-09,-3.598796803795165e-08,2.110871924619745e-08,-1.604639515605223e-05,3.322758797727248e-05,-4.132904440415135e-05,nan
9.400000000000000e+02,9.802456711987783e-01,3.692264162134205e-02,1.264441848947835e-01,-1.475364725688284e-01,-7.308386570062419e-05,1.769401767775286e-04,-7.818126851264337e-04,-7.845529845453079e-09,2.790853838525168e-09,-3.355942168949406e-08,2.139077701631255e-08,-1.619447337475256e-05,3.331667882621701e-05,-4.164291279489306e-05,nan
9.500000000000000e+02,9.795607619076095e-01,3.619600429781035e-02,1.275087478063558e-01,-1.513012962162306e-01,-7.411718480956646e-05,1.766231822943525e-04,-7.871989904585738e-04,-7.360910075673299e-09,2.404214567357886e-09,-3.107802953920519e-08,2.165453806665071e-08,-1.633373530262141e-05,3.339839224076380e-05,-4.193422622146247e-05,nan
9.600000000000000e+02,9.788562596696573e-01,3.546021252793904e-02,1.285712871873279e-01,-1.550884274986229e-01,-7.512673345770753e-05,1.762699290106942e-04,-7.921754719796873e-04,-6.857937048738443e-09,2.041470528757821e-09,-2.854743536687945e-08,2.189922108068001e-08,-1.646380255155510e-05,3.347279932865262e-05,-4.220255303923215e-05,nan
9.700000000000000e+02,9.781322222292392e-01,3.471559969851928e-02,1.296314968783873e-01,-1.588957456684448e-01,-7.611105724916022e-05,1.758824677638352e-04,-7.967343220733362e-04,-6.336832591067863e-09,1.703931645956882e-09,-2.597144489067089e-08,2.212409705246835e-08,-1.658429858775603e-05,3.353998278636420e-05,-4.244749990802710e-05,nan
9.800000000000000e+02,9.773887433990037e-01,3.396251678633019e-02,1.306890825631728e-01,-1.627210970625845e-01,-7.706871634110826e-05,1.754629689010874e-04,-8.008683684021365e-04,-5.797859315665161e-09,1.392906406138347e-09,-2.335401491258351e-08,2.232849342682673e-08,-1.669484938995798e-05,3.360003703040335e-05,-4.266871328548071e-05,nan
9.900000000000000e+02,9.766259535643768e-01,3.320133213604476e-02,1.317437626354387e-01,-1.665622987819304e-01,-7.799828918878236e-05,1.750137214213031e-04,-8.045710979080608e-04,-5.241320671952512e-09,1.109698134736714e-09,-2.069924152171055e-08,2.251179798010164e-08,-1.679508410442797e-05,3.365306829530420e-05,-4.286588080511999e-05,nan
1.000000000000000e+03,9.758440200528391e-01,3.243243119325146e-02,1.327952690513991e-01,-1.704171424815464e-01,-7.889837627560772e-05,1.745371317172405e-04,-8.078366788123586e-04,-4.667560815606316e-09,8.556012510072909e-10,-1.801134741707787e-08,2.267346240846739e-08,-1.688463569347700e-05,3.369919469780518e-05,-4.303873253035996e-05,nan
1.010000000000000e+03,9.750431473633765e-01,3.165621619324173e-02,1.338433481636611e-01,-1.742833982580918e-01,-7.976760380917868e-05,1.740357219198130e-04,-8.106599804752638e-04,-4.076964296958727e-09,6.318975276016304e-10,-1.529466842076692e-08,2.281300559271044e-08,-1.696314157421656e-05,3.373854626686434e-05,-4.318704207625835e-05,nan
1.020000000000000e+03,9.742235772522698e-01,3.087310580646948e-02,1.348877615332123e-01,-1.781588186203889e-01,-8.060462736370016e-05,1.735121278479203e-04,-8.130365909878656e-04,-3.469955568000227e-09,4.398523771698597e-10,-1.255363926023059e-08,2.293001651104101e-08,-1.703024424432854e-05,3.377126493941563e-05,-4.331062759163819e-05,nan
1.030000000000000e+03,9.733855886722549e-01,3.008353474184319e-02,1.359282867160211e-01,-1.820411425284169e-01,-8.140813544969182e-05,1.729690965702385e-04,-8.149628323820179e-04,-2.846998309516987e-09,2.807111890610154e-10,-9.792778706251693e-09,2.302415677438412e-08,-1.708559189167734e-05,3.379750452200110e-05,-4.340935259501681e-05,nan
1.040000000000000e+03,9.725294975629872e-01,2.928795330925784e-02,1.369647180209272e-01,-1.859280994854902e-01,-8.217685299207528e-05,1.724094835879933e-04,-8.164357733588452e-04,-2.208594581402932e-09,1.556957390019463e-10,-7.016674159714181e-09,2.309516276185986e-08,-1.712883898468152e-05,3.381743061864699e-05,-4.348312665868003e-05,nan
1.050000000000000e+03,9.716556564916782e-01,2.848682694301199e-02,1.379968672356426e-01,-1.898174136679599e-01,-8.290954469826909e-05,1.718362496503628e-04,-8.174532394521122e-04,-1.555283800679505e-09,6.600069420262862e-11,-4.229965786159586e-09,2.314284733772075e-08,-1.715964684047923e-05,3.383122052558791e-05,-4.353190593619925e-05,nan
1.060000000000000e+03,9.707644541437234e-01,2.768063568798294e-02,1.390245643178607e-01,-1.937068080764771e-01,-8.360501829858187e-05,1.712524572166746e-04,-8.180138205593368e-04,-8.876415532208372e-10,1.279023566367568e-11,-1.437330301898244e-09,2.316710113482877e-08,-1.717768416806653e-05,3.383906309367141e-05,-4.355569352969836e-05,nan
1.070000000000000e+03,9.698563146641098e-01,2.686987365064669e-02,1.400476580486571e-01,-1.975940086926625e-01,-8.426212764202821e-05,1.706612665819903e-04,-8.181168757908453e-04,-2.062782465938913e-10,-2.805181444335774e-12,1.356535480840417e-09,2.316789339377410e-08,-1.718262758375762e-05,3.384115855949981e-05,-4.355453969422748e-05,nan
1.080000000000000e+03,9.689316968513502e-01,2.605504841722703e-02,1.410660166455917e-01,-2.014767486249588e-01,-8.487977563167869e-05,1.700659316849627e-04,-8.177625356047999e-04,4.881623872288693e-10,2.030809040987006e-11,4.146931239657587e-09,2.314527235090788e-08,-1.717416209651055e-05,3.383771834658075e-05,-4.352854187767619e-05,nan
1.090000000000000e+03,9.679910932066511e-01,2.523668044143961e-02,1.420795283331529e-01,-2.053527722274960e-01,-8.545691698479032e-05,1.694697956189765e-04,-8.169517012144181e-04,1.195004929269067e-09,8.318398551866009e-11,6.929169747179949e-09,2.309936517282688e-08,-1.715198156087870e-05,3.382896483796223e-05,-4.347784459575395e-05,nan
1.100000000000000e+03,9.670350288419610e-01,2.441530240445766e-02,1.430881018684409e-01,-2.092198391759569e-01,-8.599256080422943e-05,1.688762858695344e-04,-8.156860412719441e-04,1.913544039878360e-09,1.868340124079730e-10,9.698593384047864e-09,2.303037743914860e-08,-1.711578909558564e-05,3.381513112201698e-05,-4.340263914266500e-05,nan
1.110000000000000e+03,9.660640602514486e-01,2.359145854986669e-02,1.440916670202650e-01,-2.130757284847260e-01,-8.648577294908840e-05,1.682889093025887e-04,-8.139679858521789e-04,2.643046341792675e-09,3.322247495328882e-10,1.245059044905826e-08,2.293859217969069e-08,-1.706529746597566e-05,3.379646071321700e-05,-4.330316313919592e-05,nan
1.120000000000000e+03,9.650787739518414e-01,2.276570399649400e-02,1.450901750001010e-01,-2.169182424499947e-01,-8.693567819388773e-05,1.677112469300415e-04,-8.118007177764346e-04,3.382752406774024e-09,5.202755624826162e-10,1.518061115802094e-08,2.282436847636330e-08,-1.700022942886113e-05,3.377320724989552e-05,-4.317969992100978e-05,nan
1.130000000000000e+03,9.640797849978747e-01,2.193860403209365e-02,1.460835988436591e-01,-2.207452105040100e-01,-8.734146216733812e-05,1.671469484799094e-04,-8.091881613353278e-04,4.131878831933694e-09,7.518565539871017e-10,1.788418322624236e-08,2.268813964413394e-08,-1.692031803857004e-05,3.374563417113201e-05,-4.303257777098260e-05,nan
1.140000000000000e+03,9.630677353798724e-01,2.111073339093992e-02,1.470719337421117e-01,-2.245544929662653e-01,-8.770237306328488e-05,1.665997267996804e-04,-8.061349684858022e-04,4.889620391206909e-09,1.027786755920323e-09,2.055692693400651e-08,2.253041100928256e-08,-1.682530691328686e-05,3.371401437501409e-05,-4.286216900042133e-05,nan
1.150000000000000e+03,9.620432923111977e-01,2.028267551842773e-02,1.480551973223291e-01,-2.283439846781431e-01,-8.801772311816532e-05,1.660733521221515e-04,-8.026465026139049e-04,5.655152246976914e-09,1.348832570321908e-09,2.319456957991002e-08,2.235175730677432e-08,-1.671495046107619e-05,3.367862986062562e-05,-4.266888888495280e-05,nan
1.160000000000000e+03,9.610071464139426e-01,1.945502182580218e-02,1.490334298757840e-01,-2.321116185083128e-01,-8.828688985103939e-05,1.655716462235396e-04,-7.987288199700151e-04,6.427632206534645e-09,1.715706464237319e-09,2.579295923334409e-08,2.215281972189477e-08,-1.658901406527642e-05,3.363977135618497e-05,-4.245319446176258e-05,nan
1.170000000000000e+03,9.599600098118035e-01,1.862837093813673e-02,1.500066945360898e-01,-2.358553687170792e-01,-8.850931706401075e-05,1.650984765038802e-04,-7.943886488973085e-04,7.206203007907779e-09,2.129065920936023e-09,2.834807770470363e-08,2.193430260427638e-08,-1.644727422925011e-05,3.359773793580766e-05,-4.221558319568273e-05,nan
1.180000000000000e+03,9.589026141395689e-01,1.780332793865336e-02,1.509750774054285e-01,-2.395732541688133e-01,-8.868451560259607e-05,1.646577500196988e-04,-7.896333669870122e-04,7.989994619598388e-09,2.589512647833821e-09,3.085605265992522e-08,2.169696988505776e-08,-1.628951868076970e-05,3.355283662739600e-05,-4.195659152236821e-05,nan
1.190000000000000e+03,9.578357084790549e-01,1.698050361242948e-02,1.519386876304270e-01,-2.432633413826234e-01,-8.881206387732462e-05,1.642534074986288e-04,-7.844709763054951e-04,8.778126538930971e-09,3.097592039248843e-09,3.331316881460712e-08,2.144164123013618e-08,-1.611554643660634e-05,3.350538201416260e-05,-4.167679327746079e-05,nan
1.200000000000000e+03,9.567600572316493e-01,1.616051369246344e-02,1.528976574283141e-01,-2.469237474124777e-01,-8.889160814953041e-05,1.638894173651051e-04,-7.789100768482077e-04,9.569710074023282e-09,3.653792889984879e-09,3.571587815210233e-08,2.116918796427136e-08,-1.592516782816610e-05,3.345569583227796e-05,-4.137679802120657e-05,nan
1.210000000000000e+03,9.556764379378475e-01,1.534397811097823e-02,1.538521420644623e-01,-2.505526425490934e-01,-8.892286258592059e-05,1.635697698054539e-04,-7.729598383839607e-04,1.036385059484590e-08,4.258547353686469e-09,3.806080911948584e-08,2.088052880216599e-08,-1.571820448928375e-05,3.340410656709123e-05,-4.105724926846899e-05,nan
1.220000000000000e+03,9.545856390543251e-01,1.453152025872963e-02,1.548023197826714e-01,-2.541482528370390e-01,-8.890560908805338e-05,1.632984708996744e-04,-7.666299708599240e-04,1.115964973942174e-08,4.912231137969267e-09,4.034477476503702e-08,2.057662542357625e-08,-1.549448930753448e-05,3.335094905031357e-05,-4.071882263445751e-05,nan
1.230000000000000e+03,9.534884576991360e-01,1.372376625495387e-02,1.557483916897879e-01,-2.577088624016389e-01,-8.883969690431839e-05,1.630795368459664e-04,-7.599306935429997e-04,1.195620756192436e-08,5.615163926517210e-09,4.256477979072280e-08,2.025847792999487e-08,-1.525386634065773e-05,3.329656406047248e-05,-4.036222390677339e-05,nan
1.240000000000000e+03,9.523856973756156e-01,1.292134423044224e-02,1.566905815964709e-01,-2.612328155814284e-01,-8.872504203337007e-05,1.629169883026196e-04,-7.528727030769102e-04,1.275262461024849e-08,6.367610016671905e-09,4.471802650298342e-08,1.992712022050972e-08,-1.499619069990166e-05,3.324129792884625e-05,-3.998818705455880e-05,nan
1.250000000000000e+03,9.512781656854506e-01,1.212488362606662e-02,1.576291358161141e-01,-2.647185188630438e-01,-8.856162642921584e-05,1.628148448702737e-04,-7.454671406363953e-04,1.354800392153628e-08,7.169779159534103e-09,4.680191965479291e-08,1.958361532408224e-08,-1.472132840229171e-05,3.318550215297219e-05,-3.959747218562134e-05,nan
1.260000000000000e+03,9.501666720411966e-01,1.133501450890590e-02,1.585643229241095e-01,-2.681644426165760e-01,-8.834949701928303e-05,1.627771197357880e-04,-7.377255583604241e-04,1.434145292513428e-08,8.021827588264954e-09,4.881407018136720e-08,1.922905072473691e-08,-1.442915619399907e-05,3.312953301968997e-05,-3.919086346240052e-05,nan
1.270000000000000e+03,9.490520253882609e-01,1.055236690793558e-02,1.594964334797872e-01,-2.715691226305158e-01,-8.808876454778858e-05,1.628078144970781e-04,-7.296598852452916e-04,1.513208524351018e-08,8.923859219122423e-09,5.075229784092670e-08,1.886453371502683e-08,-1.411956134713358e-05,3.307375123953744e-05,-3.876916698754367e-05,nan
1.280000000000000e+03,9.479350319460431e-01,9.777570171049075e-03,1.604257797135049e-01,-2.749311614464942e-01,-8.777960225760039e-05,1.629109141862716e-04,-7.212823926760354e-04,1.591902238276492e-08,9.875927008803917e-09,5.261463278047839e-08,1.849118681167520e-08,-1.379244143241449e-05,3.301852159415998e-05,-3.833320866967624e-05,nan
1.290000000000000e+03,9.468164929775263e-01,9.011252344977178e-03,1.613526951814573e-01,-2.782492294950571e-01,-8.742224442450436e-05,1.630903825064584e-04,-7.126056597707422e-04,1.670139530551539e-08,1.087803445089106e-08,5.439931605459322e-08,1.811014326551705e-08,-1.344770407027259e-05,3.296421259822783e-05,-3.788383207968473e-05,nan
1.300000000000000e+03,9.456972025961614e-01,8.254039579466278e-03,1.622775343908662e-01,-2.815220660346840e-01,-8.701698475838129e-05,1.633501572951806e-04,-7.036425387072444e-04,1.747834588008245e-08,1.193013719360642e-08,5.610479913253069e-08,1.772254269582313e-08,-1.308526666301833e-05,3.291119617718386e-05,-3.742189630749176e-05,nan
1.310000000000000e+03,9.445779456183908e-01,7.506555556867089e-03,1.632006723982669e-01,-2.847484798971993e-01,-8.656417468624692e-05,1.636941462256231e-04,-6.944061201954270e-04,1.824902820108352e-08,1.303214476069273e-08,5.772974243575638e-08,1.732952687681075e-08,-1.270505611076550e-05,3.285984736196389e-05,-3.694827382889319e-05,nan
1.320000000000000e+03,9.434594954695988e-01,6.769420948076352e-03,1.641225043836459e-01,-2.879273500435795e-01,-8.606422153242167e-05,1.641262227542935e-04,-6.849096992510536e-04,1.901260977768499e-08,1.418392235700775e-08,5.927301295385885e-08,1.693223570168008e-08,-1.230700851383243e-05,3.281054400164949e-05,-3.646384839155715e-05,nan
1.330000000000000e+03,9.423426121507020e-01,6.043252895566144e-03,1.650434452031966e-01,-2.910576259349539e-01,-8.551758661127715e-05,1.646502223218023e-04,-6.751667414188147e-04,1.976827258690451e-08,1.538529274038255e-08,6.073368099205847e-08,1.653180334689973e-08,-1.189106886435450e-05,3.276366649482976e-05,-3.596951292876290e-05,nan
1.340000000000000e+03,9.412280402719672e-01,5.328664524029729e-03,1.659639289234559e-01,-2.941383277243426e-01,-8.492478324805630e-05,1.652699388112084e-04,-6.651908495832355e-04,2.051521399045481e-08,1.663603814141293e-08,6.211101610791202e-08,1.612935465673816e-08,-1.145719072982906e-05,3.271959754026277e-05,-3.546616750888568e-05,nan
1.350000000000000e+03,9.401165071600208e-01,4.626264478972512e-03,1.668844083395512e-01,-2.971685462752937e-01,-8.428637474319586e-05,1.659891212663009e-04,-6.549957314964390e-04,2.125264751467692e-08,1.793590221312305e-08,6.340448229842047e-08,1.572600176524648e-08,-1.100533593128679e-05,3.267872190724575e-05,-3.495471732802940e-05,nan
1.360000000000000e+03,9.390087210433410e-01,3.936656493381961e-03,1.678053544802443e-01,-3.001474430141990e-01,-8.360297229539332e-05,1.668114708701555e-04,-6.445951681414732e-04,2.197980349411777e-08,1.928459199285690e-08,6.461373250156918e-08,1.532284097007170e-08,-1.053547421873101e-05,3.264142622592328e-05,-3.443607075256817e-05,nan
1.370000000000000e+03,9.379053693208741e-01,3.260438982422792e-03,1.687272561023914e-01,-3.030742496235447e-01,-8.287523289836715e-05,1.677406381823540e-04,-6.340029830393319e-04,2.269592958024983e-08,2.068177985929118e-08,6.573860247837524e-08,1.492094986966398e-08,-1.004758294642294e-05,3.260809879758824e-05,-3.391113741770152e-05,nan
1.380000000000000e+03,9.368071169177409e-01,2.598204665924925e-03,1.696506191773587e-01,-3.059482675837907e-01,-8.210385722587047e-05,1.687802206314003e-04,-6.232330125968474e-04,2.340029111770859e-08,2.212710546811543e-08,6.677910414280601e-08,1.452138477266256e-08,-9.541646750508294e-06,3.257912942486148e-05,-3.338082638745114e-05,nan
1.390000000000000e+03,9.357146047313376e-01,1.950540218261897e-03,1.705759663718326e-01,-3.087688675719248e-01,-8.128958751903918e-05,1.699337602571076e-04,-6.122990775815643e-04,2.409217139122826e-08,2.362017765067514e-08,6.773541840751455e-08,1.412517838553824e-08,-9.017657231385358e-06,3.255490926147400e-05,-3.284604438084675e-05,nan
1.400000000000000e+03,9.346284481704822e-01,1.318025945058513e-03,1.715038365253526e-01,-3.115354887250085e-01,-8.043320548959757e-05,1.712047416961024e-04,-6.012149557985896e-04,2.477087174718540e-08,2.516057626070379e-08,6.860788761323588e-08,1.373333778196264e-08,-8.475612643107844e-06,3.253583068122250e-05,-3.230769406836570e-05,nan
1.410000000000000e+03,9.335492357896067e-01,7.012354860178715e-04,1.724347841267811e-01,-3.142476377772551e-01,-7.953553025181995e-05,1.725965904020663e-04,-5.899943560333387e-04,2.543571159431264e-08,2.674785395517148e-08,6.939700760896798e-08,1.334684265488809e-08,-7.915517591996855e-06,3.252228716552320e-05,-3.176667244201463e-05,nan
1.420000000000000e+03,9.324775280193899e-01,1.007355430209751e-04,1.733693787917790e-01,-3.169048880792957e-01,-7.859741629546257e-05,1.741126710909498e-04,-5.786508933132029e-04,2.608602828871525e-08,2.838153789622502e-08,7.010341954875633e-08,1.296664384997954e-08,-7.337382746511725e-06,3.251467320885387e-05,-3.122386926177630e-05,nan
1.430000000000000e+03,9.314138559946047e-01,-4.829143674728869e-04,1.743082047432226e-01,-3.195068785083827e-01,-7.761975151114577e-05,1.757562864001330e-04,-5.671980655305149e-04,2.672117690881750e-08,3.006113136218763e-08,7.072790146908603e-08,1.259366217685776e-08,-6.741224560294044e-06,3.251338424124761e-05,-3.068016558049827e-05,nan
1.440000000000000e+03,9.303587204794002e-01,-1.049162138810101e-03,1.752518602963487e-01,-3.220533122782764e-01,-7.660345527889841e-05,1.775306757493788e-04,-5.556492314588515e-04,2.734052992628159e-08,3.178611525659913e-08,7.127135970861012e-08,1.222878749260263e-08,-6.127065010162385e-06,3.251881656688644e-05,-3.013643234867184e-05,nan
1.450000000000000e+03,9.293125908896860e-01,-1.597463276497267e-03,1.762009573502575e-01,-3.245439556575227e-01,-7.554947662977367e-05,1.794390143904286e-04,-5.440175901848282e-04,2.794347677928017e-08,3.355594950530424e-08,7.173482022926098e-08,1.187287805014042e-08,-5.494931350691444e-06,3.253136731773737e-05,-2.959352909995326e-05,nan
1.460000000000000e+03,9.282759044117798e-01,-2.127281079801632e-03,1.771561208872440e-01,-3.269786366047241e-01,-7.445879248962687e-05,1.814844126312290e-04,-5.323161619680536e-04,2.852942335477186e-08,3.537007433262455e-08,7.211941989478317e-08,1.152676010250026e-08,-4.844855886865324e-06,3.255143442107808e-05,-2.905230271770611e-05,nan
1.470000000000000e+03,9.272490652160060e-01,-2.638086803950134e-03,1.781179884812742e-01,-3.293572433292499e-01,-7.333240601331274e-05,1.836699152200362e-04,-5.205577705329793e-04,2.909779138662678e-08,3.722791140866559e-08,7.242639775942788e-08,1.119122775248083e-08,-4.176875766149237e-06,3.257941657967440e-05,-2.851358628230711e-05,nan
1.480000000000000e+03,9.262324437634941e-01,-3.129359804345377e-03,1.790872098167518e-01,-3.316797227856587e-01,-7.217134501672626e-05,1.859985008740387e-04,-5.087550267880341e-04,2.964801777658252e-08,3.912886486081181e-08,7.265708641603944e-08,1.086704303601682e-08,-3.491032791177953e-06,3.261571326329734e-05,-2.797819799845675e-05,nan
1.490000000000000e+03,9.252263762040299e-01,-3.600587664271611e-03,1.800644462185608e-01,-3.339460791098375e-01,-7.097666051327533e-05,1.884730819366421e-04,-4.969203139595768e-04,3.017955384508431e-08,4.107232214342659e-08,7.281290344908318e-08,1.055493622647105e-08,-2.787373254116519e-06,3.266072471020086e-05,-2.744694020126752e-05,nan
1.500000000000000e+03,9.242311638624443e-01,-4.051266307607408e-03,1.810503701942127e-01,-3.361563720046299e-01,-6.974942536055551e-05,1.910965041471838e-04,-4.850657741210831e-04,3.069186451908384e-08,4.305765476071845e-08,7.289534303437828e-08,1.025560634620300e-08,-2.065947793606897e-06,3.271485193712672e-05,-2.692059843947769e-05,nan
1.510000000000000e+03,9.232470728107141e-01,-4.480900098095363e-03,1.820456649887593e-01,-3.383107150823925e-01,-6.849073302218763e-05,1.938715465065760e-04,-4.732032960913739e-04,3.118442746383906e-08,4.508421883862296e-08,7.290596772344834e-08,9.969721871064673e-09,-1.326811275076698e-06,3.277849675635487e-05,-2.639994063374771e-05,nan
1.520000000000000e+03,9.222743335226565e-01,-4.889001926743012e-03,1.830510241529772e-01,-3.404092741716158e-01,-6.720169644899522e-05,1.968009212221999e-04,-4.613445046698241e-04,3.165673216568560e-08,4.715135554240545e-08,7.284640044653592e-08,9.697921612947271e-09,-5.700226950529306e-07,3.285206179827908e-05,-2.588571630764937e-05,nan
1.530000000000000e+03,9.213131406078632e-01,-5.275093288943904e-03,1.840671511251815e-01,-3.424522655943867e-01,-6.588344708293649e-05,1.998872737153016e-04,-4.495007511711557e-04,3.210827897263925e-08,4.925839133749175e-08,7.271831676449038e-08,9.440815765131433e-09,2.043548900055889e-07,3.293595053795580e-05,-2.537865588864519e-05,nan
1.540000000000000e+03,9.203636526213045e-01,-5.638704352914080e-03,1.850947588268674e-01,-3.444399544211083e-01,-6.453713398647572e-05,2.031331826741495e-04,-4.376831052177898e-04,3.253857809954436e-08,5.140463809178569e-08,7.252343739596209e-08,9.198987094973785e-09,9.962544099666448e-07,3.303056732405148e-05,-2.487947007608602e-05,nan
1.550000000000000e+03,9.194259919448786e-01,-5.979374021037605e-03,1.861345692722402e-01,-3.463726527085104e-01,-6.316392309937590e-05,2.065411601362922e-04,-4.259023477436735e-04,3.294714860431576e-08,5.358939301843325e-08,7.226352104265784e-08,8.972992268376661e-09,1.805604802100560e-06,3.313631740859404e-05,-2.438884927301998e-05,nan
1.560000000000000e+03,9.185002447370307e-01,-6.296649985706322e-03,1.871873131915557e-01,-3.482507177266095e-01,-6.176499662422949e-05,2.101136515834220e-04,-4.141689651600429e-04,3.333351734162917e-08,5.581193845864598e-08,7.194035753185862e-08,8.763363290526087e-09,2.632331006813150e-06,3.325360697592456e-05,-2.390746307840970e-05,nan
1.570000000000000e+03,9.175864609464842e-01,-6.590088781223476e-03,1.882537296680484e-01,-3.500745501798598e-01,-6.034155254141168e-05,2.138530360325606e-04,-4.024931446307192e-04,3.369721790020950e-08,5.807154150478651e-08,7.155576129199955e-08,8.570609047531342e-09,3.476353937978736e-06,3.338284316923732e-05,-2.343595983619344e-05,nan
1.580000000000000e+03,9.166846543860416e-01,-6.859255833320151e-03,1.893345657881139e-01,-3.518445924273712e-01,-5.889480425354407e-05,2.177616261075631e-04,-3.908847704021868e-04,3.403778952965002e-08,6.036745346447786e-08,7.111156517387263e-08,8.395216933843871e-09,4.337590427917929e-06,3.352443411309539e-05,-2.297496623749782e-05,nan
1.590000000000000e+03,9.157948028623930e-01,-7.103725507806935e-03,1.904305763042726e-01,-3.535613267066454e-01,-5.742598035899780e-05,2.218416680752565e-04,-3.793534211319043e-04,3.435477606247039e-08,6.269890916698982e-08,7.060961462697016e-08,8.237654550662081e-09,5.215953147155589e-06,3.367878893031107e-05,-2.252508697221451e-05,nan
1.600000000000000e+03,9.149168483578485e-01,-7.323081159852324e-03,1.915425233103395e-01,-3.552252733649114e-01,-5.593632455344151e-05,2.260953418308947e-04,-3.679083681569719e-04,3.464772483689773e-08,6.506512611361720e-08,7.005176223762774e-08,8.098371460927722e-09,6.111350499182886e-06,3.384631775158599e-05,-2.208690442608894e-05,nan
1.610000000000000e+03,9.140506972599397e-01,-7.516915185344611e-03,1.926711759281065e-01,-3.568369891017399e-01,-5.442709565795132e-05,2.305247608180082e-04,-3.565585746444084e-04,3.491618562563101e-08,6.746530347417858e-08,6.943986263298596e-08,7.977800986976964e-09,7.023686490527306e-06,3.402743171631473e-05,-2.166097841943136e-05,nan
1.620000000000000e+03,9.131962206348714e-01,-7.684829075755276e-03,1.938173100047484e-01,-3.583970652262476e-01,-5.289956777174566e-05,2.351319718681617e-04,-3.453126955638477e-04,3.515970957563209e-08,6.989862093214165e-08,6.877576775234695e-08,7.876362037413292e-09,7.952860576510687e-06,3.422254296296671e-05,-2.124784598355130e-05,nan
1.630000000000000e+03,9.123532545408778e-01,-7.826433477880656e-03,1.949817078200594e-01,-3.599061259318291e-01,-5.135503054718821e-05,2.399189549465792e-04,-3.341790784233935e-04,3.537784816377798e-08,7.236423738122663e-08,6.806132248528509e-08,7.794460950308132e-09,8.898767483144867e-06,3.443206460747416e-05,-2.084802117102983e-05,nan
1.640000000000000e+03,9.115216003776223e-01,-7.941348259794648e-03,1.961651578025433e-01,-3.613648265909926e-01,-4.979478958431023e-05,2.448876227900751e-04,-3.231657647096723e-04,3.557015217301209e-08,7.486128947665379e-08,6.729836067385432e-08,7.732493340399027e-09,9.861297005679547e-06,3.465641070806887e-05,-2.046199489598133e-05,nan
1.650000000000000e+03,9.107010252678847e-01,-8.029202584298983e-03,1.973684542532914e-01,-3.627738520725418e-01,-4.822016694174481e-05,2.500398204242138e-04,-3.122804919737222e-04,3.573617069345057e-08,7.738889004449711e-08,6.648870147443667e-08,7.690845938533638e-09,1.084033378437802e-05,3.489599621502573e-05,-2.009023480051293e-05,nan
1.660000000000000e+03,9.098912624679066e-01,-8.089634991110374e-03,1.985923970765079e-01,-3.641339150830039e-01,-4.663250176062872e-05,2.553773245471221e-04,-3.015306965052475e-04,3.587545015273310e-08,7.994612635287702e-08,6.563414607317474e-08,7.669898412192671e-09,1.183575705815197e-05,3.515123690378836e-05,-1.973318514366583e-05,nan
1.670000000000000e+03,9.090920118029033e-01,-8.122293488973810e-03,1.998377915154644e-01,-3.654457545338990e-01,-4.503315099771908e-05,2.609018427678913e-04,-2.909235165389017e-04,3.598753337975947e-08,8.253205824898893e-08,6.473647474753065e-08,7.670025156508026e-09,1.284744039674110e-05,3.542254928996891e-05,-1.939126670921451e-05,nan
1.680000000000000e+03,9.083029401244014e-01,-8.126835658841997e-03,2.011054478926028e-01,-3.667101339361346e-01,-4.342349026368212e-05,2.666150126880182e-04,-2.804657959376269e-04,3.607195870582590e-08,8.514571616621500e-08,6.379744426530244e-08,7.691597045766678e-09,1.387525141217056e-05,3.571035052473212e-05,-1.906487672880771e-05,nan
1.690000000000000e+03,9.075236817862233e-01,-8.102928769209530e-03,2.023961813524455e-01,-3.679278398225484e-01,-4.180491476224200e-05,2.725184008148594e-04,-2.701640882996101e-04,3.612825910706601e-08,8.778609900582336e-08,6.281878561139141e-08,7.734983135950470e-09,1.491905145026994e-05,3.601505826909158e-05,-1.875438881705532e-05,nan
1.700000000000000e+03,9.067538391361240e-01,-8.050249904638294e-03,2.037108116059041e-01,-3.690996801993157e-01,-4.017884032562285e-05,2.786135012965991e-04,-2.600246614371234e-04,3.615596139201617e-08,9.045217189799973e-08,6.180220203175458e-08,7.800552309401317e-09,1.597869526307813e-05,3.633709054566470e-05,-1.846015291529737e-05,nan
1.710000000000000e+03,9.059929830202519e-01,-7.968486108459202e-03,2.050501626745425e-01,-3.702264830267397e-01,-3.854670454147555e-05,2.849017344687608e-04,-2.500535021773488e-04,3.615458543805872e-08,9.314286384723591e-08,6.074936738326222e-08,7.888674853216722e-09,1.705403066300722e-05,3.667686556645042e-05,-1.818249524093523e-05,nan
1.720000000000000e+03,9.052406532978114e-01,-7.857334540582564e-03,2.064150626332863e-01,-3.713090947296682e-01,-3.690996796625236e-05,2.913844452028271e-04,-2.402563214372235e-04,3.612364348045532e-08,9.585706526735730e-08,5.966192477762196e-08,7.999723963467595e-09,1.814489815967715e-05,3.703480153521332e-05,-1.792171823935579e-05,nan
1.730000000000000e+03,9.044963593634883e-01,-7.716502651296165e-03,2.078063433500406e-01,-3.723483787375921e-01,-3.527011541976537e-05,2.980629010480748e-04,-2.306385595263618e-04,3.606263945765997e-08,9.859362541177757e-08,5.854148550710100e-08,8.134077167787481e-09,1.925113058037788e-05,3.741131642307566e-05,-1.767810053564004e-05,nan
1.740000000000000e+03,9.037595806754100e-01,-7.545708371877707e-03,2.092248402206306e-01,-3.733452140542657e-01,-3.362865735544937e-05,3.049382901582734e-04,-2.212053916342009e-04,3.597106841660355e-08,1.013513497048774e-07,5.738962823946945e-08,8.292117659306666e-09,2.037255267515664e-05,3.780682771593935e-05,-1.745189688341405e-05,nan
1.750000000000000e+03,9.030297672866089e-01,-7.344680322794513e-03,2.106713918974529e-01,-3.743004938565254e-01,-3.198713130063018e-05,3.120117189954460e-04,-2.119617334596285e-04,3.584841598166083e-08,1.041289969807563e-07,5.620789846938923e-08,8.474235535295480e-09,2.150898070757183e-05,3.822175213237789e-05,-1.724333810837296e-05,nan
1.760000000000000e+03,9.023063403781733e-01,-7.113158040209687e-03,2.121468400101829e-01,-3.752151241217992e-01,-3.034710336088455e-05,3.192842098034650e-04,-2.029122469435115e-04,3.569415789105236e-08,1.069252766359744e-07,5.499780821337207e-08,8.680828934238678e-09,2.266022203219886e-05,3.865650531066171e-05,-1.705263104418685e-05,nan
1.770000000000000e+03,9.015886927924680e-01,-6.850892221459993e-03,2.136520288768730e-01,-3.760900222836743e-01,-2.871016978235505e-05,3.267566978448181e-04,-1.940613460666934e-04,3.550775960449363e-08,1.097388457033299e-07,5.376083593540936e-08,8.912305065385675e-09,2.382607466001961e-05,3.911150146360026e-05,-1.687995845867986e-05,nan
1.780000000000000e+03,9.008761895650325e-01,-6.557644990115848e-03,2.151878052037394e-01,-3.769261159147360e-01,-2.707795856565844e-05,3.344300283944779e-04,-1.854132026781898e-04,3.528867598598009e-08,1.125683058541626e-07,5.249842669043796e-08,9.169081125111976e-09,2.500632681287367e-05,3.958715299990914e-05,-1.672547896836081e-05,nan
1.790000000000000e+03,9.001681684539605e-01,-6.233190181178410e-03,2.167550177719212e-01,-3.777243414357904e-01,-2.545213112479300e-05,3.423049534854166e-04,-1.769717523204329e-04,3.503635106568845e-08,1.154122003371804e-07,5.121199247292024e-08,9.451585094686065e-09,2.620075646820121e-05,4.008387011083580e-05,-1.658932693957323e-05,nan
1.800000000000000e+03,8.994639404657890e-01,-5.877313646912685e-03,2.183545171094820e-01,-3.784856428504736e-01,-2.383438398420626e-05,3.503821284009431e-04,-1.687407000205411e-04,3.475021788508176e-08,1.182690108623588e-07,4.990291275798871e-08,9.760256414265537e-09,2.740913089535967e-05,4.060206032080623e-05,-1.647161237472735e-05,nan
1.810000000000000e+03,8.987627903771236e-01,-5.489813583757987e-03,2.199871551469087e-01,-3.792109705041672e-01,-2.222645050693111e-05,3.586621079096887e-04,-1.607235260186494e-04,3.442969842942346e-08,1.211371544390635e-07,4.857253522281884e-08,1.009554652814756e-08,2.863120618485190e-05,4.114212800088480e-05,-1.637242078227223e-05,nan
1.820000000000000e+03,8.980639772514465e-01,-5.070500880698420e-03,2.216537848543549e-01,-3.799012798660617e-01,-2.063010264643099e-05,3.671453422397779e-04,-1.529234914063720e-04,3.407420365203242e-08,1.240149801782020e-07,4.722217663613413e-08,1.045791929647779e-08,2.986672677186477e-05,4.170447384387709e-05,-1.629181302926659e-05,nan
1.830000000000000e+03,8.973667349507560e-01,-4.619199489415918e-03,2.233552598588729e-01,-3.805575303331575e-01,-1.904715271451254e-05,3.758321727894329e-04,-1.453436436504489e-04,3.368313359474575e-08,1.269007660689348e-07,4.585312390401809e-08,1.084785126877756e-08,3.111542495558001e-05,4.228949429994203e-05,-1.622982517560923e-05,nan
1.840000000000000e+03,8.966702726418910e-01,-4.135746816485932e-03,2.250924340398772e-01,-3.811806840549378e-01,-1.747945515736899e-05,3.847228275720339e-04,-1.379868219785596e-04,3.325587760919500e-08,1.297927157412386e-07,4.446663526048660e-08,1.126583181478902e-08,3.237702041578539e-05,4.289758097162548e-05,-1.618646828919545e-05,nan
1.850000000000000e+03,8.959737752976027e-01,-3.619994137811816e-03,2.268661611010859e-01,-3.817717047774225e-01,-1.592890833150279e-05,3.938174163944763e-04,-1.308556626061575e-04,3.279181468364019e-08,1.326889552264648e-07,4.306394159156479e-08,1.171236310826420e-08,3.365121972838843e-05,4.352911996727687e-05,-1.616172824147457e-05,nan
1.860000000000000e+03,8.952764041926329e-01,-3.071807035427015e-03,2.286772941171968e-01,-3.823315567052814e-01,-1.439745627094758e-05,4.031159257685318e-04,-1.239526037849959e-04,3.229031388024500e-08,1.355875297289229e-07,4.164624788189954e-08,1.218795995944115e-08,3.493771588150895e-05,4.418449121186674e-05,-1.615556548309505e-05,nan
1.870000000000000e+03,8.945772973952612e-01,-2.491065856724410e-03,2.305266850535640e-01,-3.828612033806806e-01,-1.288709043686198e-05,4.126182135558392e-04,-1.172798906557791e-04,3.175073488780764e-08,1.384864004224873e-07,4.021473477322156e-08,1.269314949206326e-08,3.623618779390778e-05,4.486406771428681e-05,-1.616791479953927e-05,nan
1.880000000000000e+03,8.938755702549733e-01,-1.877666196099850e-03,2.324151842571634e-01,-3.833616065775383e-01,-1.139985144020400e-05,4.223240033481470e-04,-1.108395798890657e-04,3.117242869508475e-08,1.413834412872484e-07,3.877056022423818e-08,1.322847066091237e-08,3.754629983759464e-05,4.556821479028522e-05,-1.619868504686832e-05,nan
1.890000000000000e+03,8.931703158871013e-01,-1.231519398920309e-03,2.343436399171551e-01,-3.838337252098681e-01,-9.937830727814726e-06,4.322328785854798e-04,-1.046335441002024e-04,3.055473838995619e-08,1.442764360023093e-07,3.731486126179140e-08,1.379447360594610e-08,3.886770136654658e-05,4.629728924027182e-05,-1.624775886791960e-05,nan
1.900000000000000e+03,8.924606056554711e-01,-5.525530876472801e-04,2.363128974933841e-01,-3.842785142529264e-01,-8.503172221842559e-06,4.423442764160307e-04,-9.866347602565161e-05,2.989700008976880e-08,1.471630749119833e-07,3.584875581334064e-08,1.439171883926191e-08,4.020002625356294e-05,4.705163848131665e-05,-1.631499238952691e-05,nan
1.910000000000000e+03,8.917454896542806e-01,1.592882901381064e-04,2.383237991111904e-01,-3.846969236758948e-01,-7.098073902028762e-06,4.526574813027854e-04,-9.293089244961504e-05,2.919854400826831e-08,1.500409520838410e-07,3.437334461103331e-08,1.502077626125914e-08,4.154289243737923e-05,4.783159963276810e-05,-1.640021490156280e-05,nan
1.920000000000000e+03,8.910239971906144e-01,9.040428921504447e-04,2.403771829209479e-01,-3.850898973848811e-01,-5.724789319949408e-06,4.631716183831873e-04,-8.743713787134170e-05,2.845869566457120e-08,1.529075624783134e-07,3.288971315779759e-08,1.568222400254408e-08,4.289590148226598e-05,4.863749855502993e-05,-1.650322851883867e-05,nan
1.930000000000000e+03,8.902951372691728e-01,1.681730890691539e-03,2.424738824207989e-01,-3.854583721750780e-01,-4.385629033872760e-06,4.738856465895217e-04,-8.218338790495357e-05,2.767677723963571e-08,1.557602992508687e-07,3.139893374602225e-08,1.637664708832393e-08,4.425863815244265e-05,4.946964884116104e-05,-1.662380782713815e-05,nan
1.940000000000000e+03,8.895578990809706e-01,2.492353861352177e-03,2.446147257411047e-01,-3.858032766909629e-01,-3.082961952445054e-06,4.847983515391785e-04,-7.717065240502086e-05,2.685210908566936e-08,1.585964512091146e-07,2.990206751950009e-08,1.710463592227438e-08,4.563067000374465e-05,5.032835076110360e-05,-1.676169951490327e-05,nan
1.950000000000000e+03,8.888112524979309e-01,3.335894151762424e-03,2.468005348892049e-01,-3.861255303935108e-01,-1.819216574965537e-06,4.959083382055247e-04,-7.239977831248309e-05,2.598401139383369e-08,1.614132004485758e-07,2.840016656936277e-08,1.786678458714539e-08,4.701154699509429e-05,5.121389015849771e-05,-1.691662199234352e-05,nan
1.960000000000000e+03,8.880541485754497e-01,4.212314231138277e-03,2.490321249531495e-01,-3.864260425334584e-01,-5.968821155557728e-07,5.072140233817891e-04,-6.787145221684301e-05,2.507180602549150e-08,1.642076201922976e-07,2.689427605476682e-08,1.866368895969798e-08,4.840080112243755e-05,5.212653730021130e-05,-1.708826499999167e-05,nan
1.970000000000000e+03,8.872855200651796e-01,5.121556021488296e-03,2.513103032631500e-01,-3.867057111297509e-01,5.814905019268114e-07,5.187136279521491e-04,-6.358620263186620e-05,2.411481851206387e-08,1.669766728608594e-07,2.538543633906768e-08,1.949594463794935e-08,4.979794607792498e-05,5.306654567890104e-05,-1.727628920899020e-05,nan
1.980000000000000e+03,8.865042819404171e-01,6.063540211465470e-03,2.536358685095984e-01,-3.869654219523902e-01,1.713287791831974e-06,5.304051689860849e-04,-5.954440198329608e-05,2.311238022832989e-08,1.697172084008186e-07,2.387468513216680e-08,2.036414467914838e-08,5.120247693722745e-05,5.403415076912409e-05,-1.748032581565588e-05,nan
1.990000000000000e+03,8.857093319366286e-01,7.038165553978046e-03,2.560096098165989e-01,-3.872060475090218e-01,2.795833011558112e-06,5.422864516740716e-04,-5.574626830835991e-05,2.206383074369225e-08,1.724259629010320e-07,2.236305962961269e-08,2.126887714741690e-08,5.261386987799520e-05,5.502956873774154e-05,-1.769997613313902e-05,nan
2.000000000000000e+03,8.848995511097830e-01,8.045308148807448e-03,2.584323057700855e-01,-3.874284460346870e-01,3.826385637760472e-06,5.543550611247696e-04,-5.219186666809191e-05,2.096852035555792e-08,1.750995575277121e-07,2.085159863890795e-08,2.221072247057875e-08,5.403158193257660e-05,5.605299510959784e-05,-1.793481118326572e-05,nan
2.010000000000000e+03,8.840738044152830e-01,9.084820711622834e-03,2.609047233997168e-01,-3.876334604843124e-01,4.802141028800260e-06,5.666083540461166e-04,-4.888111027474030e-05,1.982581280851289e-08,1.777344978104451e-07,1.934134468329163e-08,2.319025060636833e-08,5.545505077823044e-05,5.710460338972145e-05,-1.818437129192855e-05,nan
2.020000000000000e+03,8.832309413104084e-01,1.015653183092968e-02,2.634276171138967e-01,-3.878219175276091e-01,5.720230288687509e-06,5.790434503350024e-04,-4.581376133776469e-05,1.863508820242813e-08,1.803271733127126e-07,1.783334607306444e-08,2.420801801895999e-08,5.688369456816340e-05,5.818454364357253e-05,-1.844816569166852e-05,nan
2.030000000000000e+03,8.823697963832863e-01,1.126024521464440e-02,2.660017275874172e-01,-3.879946265462110e-01,6.577720348115249e-06,5.916572246026733e-04,-4.298943163317133e-05,1.739574609198017e-08,1.828738577216997e-07,1.632865893427494e-08,2.526456446760758e-08,5.831691180683224e-05,5.929294103716790e-05,-1.872567213537295e-05,nan
2.040000000000000e+03,8.814891900115037e-01,1.239573892814756e-02,2.686277806013898e-01,-3.881523786330056e-01,7.371614278485508e-06,6.044462976655194e-04,-4.040758280217857e-05,1.610720877932740e-08,1.853707093933034e-07,1.482834918431795e-08,2.636040961012232e-08,5.975408127304077e-05,6.042989433923745e-05,-1.901633652529453e-05,nan
2.050000000000000e+03,8.805879290535562e-01,1.356276462583609e-02,2.713064858353259e-01,-3.882959455937690e-01,8.098851855080545e-06,6.174070280335081e-04,-3.806752638645840e-05,1.476892480082570e-08,1.878137723892834e-07,1.333349444369809e-08,2.749604942495704e-08,6.119456199444586e-05,6.159547438791074e-05,-1.931957256187750e-05,nan
2.060000000000000e+03,8.796648075763971e-01,1.476104677836748e-02,2.740385356114270e-01,-3.884260789513648e-01,8.756310385727735e-06,6.305355034312604e-04,-3.596842360846830e-05,1.338037260769802e-08,1.901989780443569e-07,1.184518587289420e-08,2.867195245681166e-08,6.263769327716463e-05,6.278972252480179e-05,-1.963476141715698e-05,nan
2.070000000000000e+03,8.787186076224004e-01,1.599028189796837e-02,2.768246035913586e-01,-3.885435089529366e-01,9.340805821432495e-06,6.438275323895205e-04,-3.410928490666682e-05,1.194106443948176e-08,1.925221471017328e-07,1.036452992292864e-08,2.988855589192275e-08,6.408279479423410e-05,6.401264899974623e-05,-1.996125143777145e-05,nan
2.080000000000000e+03,8.777481000191002e-01,1.725013776436381e-02,2.796653434260205e-01,-3.886489435806773e-01,9.849094165503496e-06,6.572786359476322e-04,-3.248896923670679e-05,1.045055038786840e-08,1.947789924560590e-07,8.892649987908921e-09,3.114626147056090e-08,6.552916673672422e-05,6.526423134985779e-05,-2.029835788289842e-05,nan
2.090000000000000e+03,8.767520452350704e-01,1.854025265407231e-02,2.825613873590797e-01,-3.887430675669425e-01,1.027787319765496e-05,6.708840395105187e-04,-3.110618315101406e-05,8.908422647204541e-09,1.969651225430078e-07,7.430687947464928e-09,3.244543124572404e-08,6.697609003133347e-05,6.654441275699695e-05,-2.064536270268509e-05,nan
2.100000000000000e+03,8.757291942853240e-01,1.986023457600420e-02,2.855133447852973e-01,-3.888265414146460e-01,1.062378452943470e-05,6.846386649066084e-04,-2.995947967049705e-05,7.314319946453900e-09,1.990760454146849e-07,5.979805586675000e-09,3.378638319859212e-08,6.842282662831163e-05,6.785310038819812e-05,-2.100151436299741e-05,nan
2.110000000000000e+03,8.746782896895768e-01,2.120966051649650e-02,2.885218007649639e-01,-3.889000004240606e-01,1.088341600707957e-05,6.985371226960711e-04,-2.904725696348578e-05,5.667932155811288e-09,2.011071735397154e-07,4.541185880753662e-09,3.516938672298450e-08,6.986861986354064e-05,6.919016372406437e-05,-2.136602772254875e-05,nan
2.120000000000000e+03,8.735980664866873e-01,2.258807569711561e-02,2.915873144960724e-01,-3.889640537273228e-01,1.105330447753382e-05,7.125737047816901e-04,-2.836775684836984e-05,3.969005059424645e-09,2.030538293661815e-07,3.116034131485373e-09,3.659465799284464e-08,7.131269489857259e-05,7.055543288062748e-05,-2.173808396869245e-05,nan
2.130000000000000e+03,8.724872533085039e-01,2.399499284875715e-02,2.947104177461571e-01,-3.890192833321458e-01,1.112993893286697e-05,7.267423773775724e-04,-2.791906313779223e-05,2.217345283802060e-09,2.049112516845152e-07,1.705578942126128e-09,3.806235522864929e-08,7.275425924236381e-05,7.194869693066290e-05,-2.211683061836510e-05,nan
2.140000000000000e+03,8.713445735162607e-01,2.542989150577183e-02,2.978916132460916e-01,-3.890662431764179e-01,1.110976404768746e-05,7.410367743937694e-04,-2.769909984365519e-05,4.128253694850634e-10,2.066746028259829e-07,3.110730172892484e-10,3.957257388060351e-08,7.419250335835277e-05,7.336970223096436e-05,-2.250138159084911e-05,nan
2.150000000000000e+03,8.701687464025410e-01,2.689221732404199e-02,3.011313730484544e-01,-3.891054581955633e-01,1.098918412335147e-05,7.554501912976241e-04,-2.770562926359955e-05,-1.444611028562653e-09,2.083389767304499e-07,-1.066206225823868e-09,4.112534174852158e-08,7.562660136041001e-05,7.481815076259906e-05,-2.289081735917508e-05,nan
2.160000000000000e+03,8.689584884616691e-01,2.838138142712766e-02,3.044301368534724e-01,-3.891374234047341e-01,1.076456745180693e-05,7.699755795152913e-04,-2.793624997103014e-05,-3.354943828646771e-09,2.098994079147033e-07,-2.424956248569198e-09,4.272061406039723e-08,7.705571180103050e-05,7.629369849168971e-05,-2.328418518711063e-05,nan
2.170000000000000e+03,8.677125147312073e-01,2.989675978478981e-02,3.077883103059125e-01,-3.891626029980865e-01,1.043225111077586e-05,7.846055414393585e-04,-2.838839473216200e-05,-5.318071117264177e-09,2.113508813696442e-07,-3.763849198101126e-09,4.435826853382046e-08,7.847897855494645e-05,7.779595375879698e-05,-2.368049945876970e-05,nan
2.180000000000000e+03,8.664295402070193e-01,3.143769262837980e-02,3.112062632666884e-01,-3.891814294675960e-01,9.988546200656649e-06,7.993323261107732e-04,-2.905932837495618e-05,-7.333803672862725e-09,2.126883434111628e-07,-5.081531944335441e-09,4.603810044658464e-08,7.989553180110847e-05,7.932447570549962e-05,-2.407874210792787e-05,nan
2.190000000000000e+03,8.651082813341049e-01,3.300348390775763e-02,3.146843280633598e-01,-3.891943027440325e-01,9.429743532011636e-06,8.141478256453180e-04,-2.994614563618289e-05,-9.401859442575278e-09,2.139067135053969e-07,-6.376626360049644e-09,4.775981774502393e-08,8.130448910570374e-05,8.087877274728980e-05,-2.447786315413511e-05,nan
2.200000000000000e+03,8.637474575751226e-01,3.459340079456273e-02,3.182227977241094e-01,-3.892015893629153e-01,8.752119770786750e-06,8.290435724766439e-04,-3.104576901418827e-05,-1.152185799867164e-08,2.150008970843647e-07,-7.647729857211442e-09,4.952303622081012e-08,8.270495660856784e-05,8.245830110240431e-05,-2.487678135267821e-05,nan
2.210000000000000e+03,8.623457930581934e-01,3.620667323681147e-02,3.218219242002087e-01,-3.892036216584237e-01,7.951944046482071e-06,8.440107374892844e-04,-3.235494665623345e-05,-1.369331500411231e-08,2.159657993625980e-07,-8.893416192157392e-09,5.132727478908516e-08,8.409603031497587e-05,8.406246338670339e-05,-2.527438496534931e-05,nan
2.220000000000000e+03,8.609020183052113e-01,3.784249356992597e-02,3.254819165823988e-01,-3.892006969884204e-01,7.025485026349733e-06,8.590401291161530e-04,-3.387025031051174e-05,-1.591563671925591e-08,2.167963401593885e-07,-1.011223655163050e-08,5.317195090289415e-08,8.547679749439248e-05,8.569060728517081e-05,-2.566953265882831e-05,nan
2.230000000000000e+03,8.594148720414808e-01,3.950001618941543e-02,3.292029393170568e-01,-3.891930769938893e-01,5.969018456335428e-06,8.741221934756350e-04,-3.558807337411099e-05,-1.818811458442850e-08,2.174874697245777e-07,-1.130272093090616e-08,5.505637614087008e-08,8.684633818729455e-05,8.734202431104400e-05,-2.606105453727381e-05,nan
2.240000000000000e+03,8.578831030870676e-01,4.117835729052353e-02,3.329851104284278e-01,-3.891809868962328e-01,4.778835166900923e-06,8.892470156235498e-04,-3.750462906926498e-05,-2.050991991568199e-08,2.180341855584666e-07,-1.246337981428272e-08,5.697975200698116e-08,8.820372682067085e-05,8.901594866397931e-05,-2.644775331543766e-05,nan
2.250000000000000e+03,8.563054723297557e-01,4.287659468022482e-02,3.368284997536322e-01,-3.891646148360088e-01,3.451249539067527e-06,9.044043219949022e-04,-3.961594878120727e-05,-2.288009875361754e-08,2.184315502083997e-07,-1.359270616707604e-08,5.894116598284695e-08,8.954803393224225e-05,9.071155619900876e-05,-2.682840563827064e-05,nan
2.260000000000000e+03,8.546807547789884e-01,4.459376766699696e-02,3.407331271975707e-01,-3.891441112568002e-01,1.982608423008830e-06,9.195834841093630e-04,-4.191788059178769e-05,-2.529756690758868e-08,2.186747100159094e-07,-1.468917774692327e-08,6.093958787461406e-08,9.087832800282990e-05,9.242796351834093e-05,-2.720176355256114e-05,nan
2.270000000000000e+03,8.530077416996072e-01,4.632887703380802e-02,3.446989610152470e-01,-3.891195883379964e-01,3.693004983017649e-07,9.347735236128832e-04,-4.440608804371748e-05,-2.776110523988265e-08,2.187589147790118e-07,-1.575125974066272e-08,6.297386649763290e-08,9.219367739564013e-05,9.416422719829960e-05,-2.756655613564882e-05,nan
2.280000000000000e+03,8.512852428236102e-01,4.808088509973849e-02,3.487259161294115e-01,-3.890911194803546e-01,-1.392233938472861e-06,9.499631187255668e-04,-4.707604917085287e-05,-3.026935523657845e-08,2.186795382843594e-07,-1.677740773131332e-08,6.504272674313172e-08,9.349315240051986e-05,9.591934316385799e-05,-2.792149128567048e-05,nan
2.290000000000000e+03,8.495120886375048e-01,4.984871587560524e-02,3.528138524917977e-01,-3.890587388482536e-01,-3.305492776691898e-06,9.651406121629758e-04,-4.992305583028886e-05,-3.282081491363251e-08,2.184320996535372e-07,-1.776607099771529e-08,6.714476707172099e-08,9.477582738047948e-05,9.769224622331851e-05,-2.826525767713019e-05,nan
2.300000000000000e+03,8.476871327421768e-01,5.163125531885922e-02,3.569625734965461e-01,-3.890224409725858e-01,-5.373901506896457e-06,9.802940205943058e-04,-5.294221337219601e-05,-3.541383510831317e-08,2.180122854368902e-07,-1.871569614722318e-08,6.927845747882318e-08,9.604078301697691e-05,9.948180977569261e-05,-2.859652688483268e-05,nan
2.310000000000000e+03,8.458092542814839e-01,5.342735169289770e-02,3.611718244547342e-01,-3.889821804182323e-01,-7.600802273845941e-06,9.954110456963259e-04,-5.612844068327147e-05,-3.804661620734023e-08,2.174159723769771e-07,-1.962473107945607e-08,7.144213797697562e-08,9.728710864961167e-05,1.012868457032425e-04,-2.891395567838092e-05,nan
2.320000000000000e+03,8.438773604350658e-01,5.523581603575399e-02,3.654412911391750e-01,-3.889378715200449e-01,-9.989442597065225e-06,1.010479086856631e-03,-5.947647063937088e-05,-4.071720536392883e-08,2.166392507521451e-07,-2.049162927651944e-08,7.363401763935777e-08,9.851390470499847e-05,1.031061044614565e-04,-2.921618848851229e-05,nan
2.330000000000000e+03,8.418903889701042e-01,5.705542274290648e-02,3.697705984088936e-01,-3.888893881911974e-01,-1.254296379266921e-05,1.025485255573506e-03,-6.298085100232285e-05,-4.342349425635363e-08,2.156784481989199e-07,-2.131485441232612e-08,7.585217424780430e-08,9.972028520867714e-05,1.049382753784254e-04,-2.950186004553758e-05,nan
2.340000000000000e+03,8.398473108459926e-01,5.888491026867686e-02,3.741593089228598e-01,-3.888365638076910e-01,-1.526438913445104e-05,1.040416391592603e-03,-6.663594579508036e-05,-4.616321744057421e-08,2.145301539000263e-07,-2.209288527067239e-08,7.809455458695283e-08,1.009053803729783e-04,1.067819871751621e-04,-2.976959818905199e-05,nan
2.350000000000000e+03,8.377471328651067e-01,6.072298195037080e-02,3.786069219526751e-01,-3.887791911726621e-01,-1.815661179644851e-05,1.055259080812651e-03,-7.043593718822209e-05,-4.893395134885122e-08,2.131912430130353e-07,-2.282422095858720e-08,8.035897542400893e-08,1.020683392528097e-04,1.086358087178717e-04,-3.001802684690951e-05,nan
2.360000000000000e+03,8.355889003620465e-01,6.256830695894189e-02,3.831128723039982e-01,-3.887170225639960e-01,-2.122238262341803e-05,1.069999674983503e-03,-7.437482792935739e-05,-5.173311398510277e-08,2.116589012030153e-07,-2.350738639819124e-08,8.264312521085601e-08,1.032083324603586e-04,1.104982500124920e-04,-3.024576918020305e-05,nan
2.370000000000000e+03,8.333716999229497e-01,6.441952137953902e-02,3.876765293564742e-01,-3.886497698685580e-01,-2.446429777980308e-05,1.084624313210122e-03,-7.844644434520911e-05,-5.455796536594524e-08,2.099306491313220e-07,-2.414093807690544e-08,8.494456654188945e-08,1.043245549287454e-04,1.123677634510283e-04,-3.045145088966850e-05,nan
2.380000000000000e+03,8.310946621256733e-01,6.627522942482331e-02,3.922971962318879e-01,-3.885771048061114e-01,-2.788478633183587e-05,1.099118945265436e-03,-8.264443994402795e-05,-5.740560875389854e-08,2.080043667419541e-07,-2.472347003236111e-08,8.726073939697928e-08,1.054162287136931e-04,1.142427453182471e-04,-3.063370367754524e-05,nan
2.390000000000000e+03,8.287569642908625e-01,6.813400478341422e-02,3.969741091001113e-01,-3.884986592457438e-01,-3.148609782130794e-05,1.113469356703596e-03,-8.696229964352920e-05,-6.027299272609832e-08,2.058783171769261e-07,-2.525362004483086e-08,8.958896519437982e-08,1.064826058213482e-04,1.161215375662160e-04,-3.079116885748765e-05,nan
2.400000000000000e+03,8.263578332331801e-01,6.999439210524465e-02,4.017064366322068e-01,-3.884140256172990e-01,-3.527028989323272e-05,1.127661195752974e-03,-9.139334464673316e-05,-6.315691411799638e-08,2.035511701430448e-07,-2.573007600645296e-08,9.192645167319686e-08,1.075229710494666e-04,1.180024298629460e-04,-3.092250110363691e-05,nan
2.410000000000000e+03,8.238965480012269e-01,7.185490862498155e-02,4.064932796097588e-01,-3.883227574199843e-01,-3.923921604304718e-05,1.141680001955332e-03,-9.593073798492841e-05,-6.605402187696435e-08,2.010220245445250e-07,-2.615158243301046e-08,9.427029861921521e-08,1.085366448283187e-04,1.198836619200270e-04,-3.102637232844800e-05,nan
2.420000000000000e+03,8.213724425940145e-01,7.371404592398470e-02,4.113336706991104e-01,-3.882243698299412e-01,-4.339451355210194e-05,1.155511236504050e-03,-1.005674907434773e-04,-6.896082185541126e-08,1.982904301892392e-07,-2.651694708060102e-08,9.661750444149706e-08,1.095229860468431e-04,1.217634261026433e-04,-3.110147567733067e-05,nan
2.430000000000000e+03,8.187849086412012e-01,7.557027183055985e-02,4.162265743987339e-01,-3.881183404081419e-01,-4.773759168291497e-05,1.169140314220251e-03,-1.052964689823430e-04,-7.187368256700659e-08,1.953564083712597e-07,-2.682504762623615e-08,9.896497360023741e-08,1.104813948488347e-04,1.236398703237276e-04,-3.114652962662290e-05,nan
2.440000000000000e+03,8.161333980337252e-01,7.742203245749466e-02,4.211708871674024e-01,-3.880041099095458e-01,-5.226962020795222e-05,1.182552637091191e-03,-1.101104013590576e-04,-7.478884192289033e-08,1.922204711289070e-07,-2.707483836830758e-08,1.013095248789363e-07,1.114113153832847e-04,1.255111012222490e-04,-3.116028216988982e-05,nan
2.450000000000000e+03,8.134174254909556e-01,7.926775437506124e-02,4.261654377401892e-01,-3.878810831939523e-01,-5.699151834749693e-05,1.195733629280445e-03,-1.150018874573893e-04,-7.770241495735532e-08,1.888836389759553e-07,-2.726535689999719e-08,1.036479004860882e-07,1.123122384924077e-04,1.273751876237640e-04,-3.114151507603769e-05,nan
2.460000000000000e+03,8.106365710500494e-01,8.110584691683381e-02,4.312089876385919e-01,-3.877486302384862e-01,-6.190394419342209e-05,1.208668773504509e-03,-1.199634068202274e-04,-8.061040254448737e-08,1.853474569041263e-07,-2.739573070615001e-08,1.059767759633678e-07,1.131837043204256e-04,1.292301642793820e-04,-3.108904820128161e-05,nan
2.470000000000000e+03,8.077904824628512e-01,8.293470461480355e-02,4.363002318802645e-01,-3.876060872511122e-01,-6.700728469633399e-05,1.221343648655429e-03,-1.249873286802131e-04,-8.350870109867059e-08,1.816140084576751e-07,-2.746518363193608e-08,1.082927708687923e-07,1.140253048258201e-04,1.310740358772362e-04,-3.100174383561495e-05,nan
2.480000000000000e+03,8.048788774854219e-01,8.475270975938387e-02,4.414377998929366e-01,-3.874527578840192e-01,-7.230164629357015e-05,1.233743968534241e-03,-1.300659223764464e-04,-8.639311324279919e-08,1.776859276858683e-07,-2.747304216984362e-08,1.105924601946538e-07,1.148366861795437e-04,1.329047813184148e-04,-3.087851106312699e-05,nan
2.490000000000000e+03,8.019015460451311e-01,8.655823507900037e-02,4.466202566361188e-01,-3.872879145451412e-01,-7.778684625485760e-05,1.245855621545473e-03,-1.351913684402210e-04,-8.925935941857374e-08,1.735664087865677e-07,-2.741874151024302e-08,1.128723864712480e-07,1.156175510315925e-04,1.347203582471102e-04,-3.071831011431333e-05,nan
2.500000000000000e+03,7.988583522702212e-01,8.834964653304626e-02,4.518461039331370e-01,-3.871107998054794e-01,-8.346240482104659e-05,1.257664711188942e-03,-1.403557703272427e-04,-9.210309040346777e-08,1.692592132640547e-07,-2.730183129997045e-08,1.151290724987065e-07,1.163676606284120e-04,1.365187078225316e-04,-3.052015668744932e-05,nan
2.510000000000000e+03,7.957492363668254e-01,9.012530621107746e-02,4.571137820149116e-01,-3.869206278993118e-01,-8.932753820919219e-05,1.269157597171686e-03,-1.455511667682076e-04,-9.491990068899878e-08,1.647686744366543e-07,-2.712198105316858e-08,1.173590346406538e-07,1.170868367638309e-04,1.382977597178723e-04,-3.028312621516500e-05,nan
2.520000000000000e+03,7.925742163286355e-01,9.188357533022112e-02,4.624216712757114e-01,-3.867165863137537e-01,-9.538115255434329e-05,1.280320936950400e-03,-1.507695447040193e-04,-9.770534266487875e-08,1.600996991446895e-07,-2.687898515901091e-08,1.195587966051384e-07,1.177749635466065e-04,1.400554373294096e-04,-3.000635805159013e-05,nan
2.530000000000000e+03,7.893333894647639e-01,9.362281732189008e-02,4.677680942398540e-01,-3.864978374635421e-01,-1.016218388547139e-04,1.291141727503233e-03,-1.560028527663599e-04,-1.004549415436469e-07,1.552577665267436e-07,-2.657276743197677e-08,1.217249036304050e-07,1.184319889682235e-04,1.417896631766160e-04,-2.968905955484558e-05,nan
2.540000000000000e+03,7.860269337318023e-01,9.534140099804242e-02,4.731513177370653e-01,-3.862635204463270e-01,-1.080478689824402e-04,1.301607347119691e-03,-1.612430152588750e-04,-1.031642109506127e-07,1.502489237520300e-07,-2.620338515204390e-08,1.238539369857744e-07,1.190579262553281e-04,1.434983644720378e-04,-2.933051003927092e-05,nan
2.550000000000000e+03,7.826551088567056e-01,9.703770378640993e-02,4.785695552828606e-01,-3.860127528731719e-01,-1.146571928168952e-04,1.311705596988418e-03,-1.664819465889245e-04,-1.058286690945080e-07,1.450797786187867e-07,-2.577103254455862e-08,1.259425286912447e-07,1.196528549920773e-04,1.451794788376519e-04,-2.893006457158976e-05,nan
2.560000000000000e+03,7.792182572378659e-01,9.871011502334875e-02,4.840209696589853e-01,-3.857446327684108e-01,-1.214474365515462e-04,1.321424742355558e-03,-1.717115660947888e-04,-1.084438554253210e-07,1.397574889527768e-07,-2.527604365261687e-08,1.279873763536248e-07,1.202169219987700e-04,1.468309601424939e-04,-2.848715758526267e-05,nan
2.570000000000000e+03,7.757168046126383e-01,1.003570392922537e-01,4.895036756875877e-01,-3.854582405324757e-01,-1.284159022186524e-04,1.330753553020793e-03,-1.769238132084383e-04,-1.110053476775104e-07,1.342897487660429e-07,-2.471889455855359e-08,1.299852580121172e-07,1.207503419543724e-04,1.484507844345680e-04,-2.800130628755146e-05,nan
2.580000000000000e+03,7.721512604805740e-01,1.019768997948310e-01,4.950157431914635e-01,-3.851526409608259e-01,-1.355595684687297e-04,1.339681342934606e-03,-1.821106628895631e-04,-1.135087791893268e-07,1.286847711636781e-07,-2.410020491555968e-08,1.319330468824374e-07,1.212533977519629e-04,1.500369559384381e-04,-2.747211383434387e-05,nan
2.590000000000000e+03,7.685222182727859e-01,1.035681417419483e-01,5.005552001313550e-01,-3.848268853116364e-01,-1.428750926337421e-04,1.348198008658696e-03,-1.872641412625654e-04,-1.159498563824266e-07,1.229512680153448e-07,-2.342073875551103e-08,1.338277258858740e-07,1.217264405776854e-04,1.515875130884884e-04,-2.689927224855081e-05,nan
2.600000000000000e+03,7.648303552591165e-01,1.051292357502970e-01,5.061200359100126e-01,-3.844800134145074e-01,-1.503588140944545e-04,1.356294066451947e-03,-1.923763413847087e-04,-1.183243762805116e-07,1.170984264381302e-07,-2.268140454474591e-08,1.356664018482478e-07,1.221698897055038e-04,1.531005345666382e-04,-2.628256505890702e-05,nan
2.610000000000000e+03,7.610764321861673e-01,1.066586812306969e-01,5.117082048314470e-01,-3.841110558120932e-01,-1.580067589634041e-04,1.363960687747063e-03,-1.974394390706573e-04,-1.206282439414699e-07,1.111358821678059e-07,-2.188325446572191e-08,1.374463192535921e-07,1.225842320018889e-04,1.545741453123478e-04,-2.562186963727109e-05,nan
2.620000000000000e+03,7.572612926407257e-01,1.081550097535726e-01,5.173176297026225e-01,-3.837190359262390e-01,-1.658146460855813e-04,1.371189732787871e-03,-2.024457086962602e-04,-1.228574896745374e-07,1.050736899261905e-07,-2.102748290914944e-08,1.391648734386025e-07,1.229700211365090e-04,1.560065224720516e-04,-2.491715921402433e-05,nan
2.630000000000000e+03,7.533858621347042e-01,1.096167883769371e-01,5.229462055637023e-01,-3.833029722399768e-01,-1.737778943492695e-04,1.377973782204452e-03,-2.073875389027114e-04,-1.250082859124409e-07,9.892229092271284e-08,-2.011542416826453e-08,1.408196231165074e-07,1.233278764970336e-04,1.573959012547410e-04,-2.416850455290602e-05,nan
2.640000000000000e+03,7.494511469093444e-01,1.110426229221184e-01,5.285918035319320e-01,-3.828618804865586e-01,-1.818916312896736e-04,1.384306166312650e-03,-2.122574481211516e-04,-1.270769636084047e-07,9.269247765798225e-08,-1.914854933427426e-08,1.424083021230196e-07,1.236584818082739e-04,1.587405806602866e-04,-2.337607526858585e-05,nan
2.650000000000000e+03,7.454582324581683e-01,1.124311611824980e-01,5.342522747433003e-01,-3.823947758365797e-01,-1.901507029580826e-04,1.390180991936104e-03,-2.170480998374439e-04,-1.290600280293148e-07,8.639535622579056e-08,-1.812846239960048e-08,1.439288302824047e-07,1.239625834580368e-04,1.600389290472664e-04,-2.254014077243147e-05,nan
2.660000000000000e+03,7.414082817699037e-01,1.137810960506543e-01,5.399254543752955e-01,-3.819006750742157e-01,-1.985496850194625e-04,1.395593166562630e-03,-2.217523175172288e-04,-1.309541738193036e-07,8.004230633702133e-08,-1.705689558324678e-08,1.453793232984169e-07,1.242409885342575e-04,1.612893895075425e-04,-2.166107083428342e-05,nan
2.670000000000000e+03,7.373025332944170e-01,1.150911685495613e-01,5.456091657333667e-01,-3.813785987536160e-01,-2.070828950317112e-04,1.400538419662537e-03,-2.263630991124992e-04,-1.327562992125116e-07,7.364493931405560e-08,-1.593570390032681e-08,1.467581015828356e-07,1.244945625801651e-04,1.624904850156185e-04,-2.073933575055624e-05,nan
2.680000000000000e+03,7.331422986364705e-01,1.163601707538565e-01,5.513012243831213e-01,-3.808275733266132e-01,-2.157444058503987e-04,1.405013321014008e-03,-2.308736310728046e-04,-1.344635192797919e-07,6.721505432699117e-08,-1.476685900539529e-08,1.480636979434911e-07,1.247242270763953e-04,1.636408233218954e-04,-1.977550611163818e-05,nan
2.690000000000000e+03,7.289289599839303e-01,1.175869485876706e-01,5.569994423098713e-01,-3.802466332330621e-01,-2.245280600938222e-04,1.409015295900017e-03,-2.352773017868047e-04,-1.360731781015738e-07,6.076459316302217e-08,-1.355244234661625e-08,1.492948640639041e-07,1.249309566610867e-04,1.647391015603426e-04,-1.877025216431645e-05,nan
2.700000000000000e+03,7.246639672788167e-01,1.187704044860966e-01,5.627016320868159e-01,-3.796348229453786e-01,-2.334274855947061e-04,1.412542637062042e-03,-2.395677143832186e-04,-1.375828597679359e-07,5.430559383729465e-08,-1.229463767487543e-08,1.504505757178146e-07,1.251157761010273e-04,1.657841105427742e-04,-1.772434276779430e-05,nan
2.710000000000000e+03,7.203488351413103e-01,1.199094999080729e-01,5.684056110330474e-01,-3.789911989591595e-01,-2.424361117570006e-04,1.415594513317944e-03,-2.437386988242355e-04,-1.389903981170334e-07,4.785014336717179e-08,-1.099572295857829e-08,1.515300366738270e-07,1.252797570288748e-04,1.667747387138716e-04,-1.663864394475520e-05,nan
2.720000000000000e+03,7.159851395585004e-01,1.210032576892437e-01,5.741092053425384e-01,-3.783148317221312e-01,-2.515471867290635e-04,1.418170974774565e-03,-2.477843232291219e-04,-1.402938851342601e-07,4.141033004193858e-08,-9.658061760992241e-09,1.525326812579572e-07,1.254240144632802e-04,1.677099757433011e-04,-1.551411703182615e-05,nan
2.730000000000000e+03,7.115745143512322e-01,1.220507642242428e-01,5.798102541654552e-01,-3.776048074941269e-01,-2.607537952981446e-04,1.420272954589529e-03,-2.516989043710357e-04,-1.414916779467495e-07,3.499819552628505e-08,-8.284094142475076e-09,1.534581755548688e-07,1.255497031304329e-04,1.685889157337068e-04,-1.435181643668279e-05,nan
2.740000000000000e+03,7.071186474338993e-01,1.230511714688185e-01,5.855066136234528e-01,-3.768602301312799e-01,-2.700488774056063e-04,1.421902267261243e-03,-2.554770172958756e-04,-1.425824043608686e-07,2.862568713840416e-08,-6.876327154716975e-09,1.543064172418396e-07,1.256580136070519e-04,1.694107600259968e-04,-1.315288701187005e-05,nan
2.750000000000000e+03,7.026192768834095e-01,1.240036987532503e-01,5.911961607410456e-01,-3.760802227881648e-01,-2.794252471777890e-04,1.423061603450826e-03,-2.591135040182988e-04,-1.435649669040425e-07,2.230461064214850e-08,-5.437324998135793e-09,1.550775340628101e-07,1.257501683061811e-04,1.701748195861590e-04,-1.191856105816052e-05,nan
2.760000000000000e+03,6.980781868347810e-01,1.249076343996171e-01,5.968767972757850e-01,-3.752639295322131e-01,-2.888756123638795e-04,1.423754521364361e-03,-2.626034812567613e-04,-1.444385453463838e-07,1.604658388738526e-08,-3.969698916733807e-09,1.557718809630435e-07,1.258274173282760e-04,1.708805169607918e-04,-1.065015497291105e-05,nan
2.770000000000000e+03,6.934972032219306e-01,1.257623371366300e-01,6.025464534306889e-01,-3.744105168653673e-01,-2.983925940696670e-04,1.423985434748325e-03,-2.659423471764714e-04,-1.452025976919844e-07,9.862991623623502e-09,-2.476096907023309e-09,1.563900359177852e-07,1.258910342010014e-04,1.715273877916044e-04,-9.349065561369899e-06,nan
2.780000000000000e+03,6.888781893831865e-01,1.265672373069389e-01,6.082030914332422e-01,-3.735191751485847e-01,-3.079687466746329e-04,1.423759597574732e-03,-2.691257871164633e-04,-1.458568596441425e-07,3.764941799281624e-09,-9.591933190206630e-10,1.569327945006528e-07,1.259423115318538e-04,1.721150818822784e-04,-8.016766031196726e-06,nan
2.790000000000000e+03,6.842230415518119e-01,1.273218378630464e-01,6.138447089662831e-01,-3.725891199255060e-01,-3.175965778194690e-04,1.423083085515545e-03,-2.721497782844610e-04,-1.464013425630664e-07,-2.236776357228775e-09,5.783215722292745e-10,1.574011632491547e-07,1.259825565982086e-04,1.726433638142584e-04,-6.654801692586903e-06,nan
2.800000000000000e+03,6.795336842524944e-01,1.280257151492001e-01,6.194693424371572e-01,-3.716195931422929e-01,-3.272685683518419e-04,1.421962774327644e-03,-2.750105934107618e-04,-1.468363299484938e-07,-8.131732197730903e-09,2.133751946577229e-09,1.577963518955587e-07,1.260130868996345e-04,1.731121131112166e-04,-5.264785388277968e-06,nan
2.810000000000000e+03,6.748120656251581e-01,1.286785194678802e-01,6.250750700727328e-01,-3.706098642613685e-01,-3.369771921199713e-04,1.420406315290163e-03,-2.777048033599147e-04,-1.471623724930136e-07,-1.390989120119315e-08,3.704406693478845e-09,1.581197645411826e-07,1.260352256973484e-04,1.735213239550839e-04,-3.848392679389528e-06,nan
2.820000000000000e+03,6.700601526977749e-01,1.292799754307293e-01,6.306600148291022e-01,-3.695592312674942e-01,-3.467149355063790e-04,1.418422107854827e-03,-2.802292787064335e-04,-1.473802817645025e-07,-1.956164997738442e-08,5.287609467035995e-09,1.583729898608931e-07,1.260502975654621e-04,1.738711044596087e-04,-2.407356814432539e-06,nan
2.830000000000000e+03,6.652799266299112e-01,1.298298820949876e-01,6.362223471061610e-01,-3.684670215653356e-01,-3.564743165978791e-04,1.416019269687125e-03,-2.825811902880845e-04,-1.474911225878168e-07,-2.507786852421895e-08,6.880708469964113e-09,1.585577904321478e-07,1.260596239782646e-04,1.741616755103821e-04,-9.434635099790498e-07,nan
2.840000000000000e+03,6.604733779486968e-01,1.303281128876726e-01,6.417602872586008e-01,-3.673325927683718e-01,-3.662479038925387e-04,1.413207604291342e-03,-2.847580087573166e-04,-1.474962042065743e-07,-3.044989956427523e-08,8.481085898876041e-09,1.586760912891289e-07,1.260645189571338e-04,1.743933691831029e-04,5.414544276685570e-07,nan
2.850000000000000e+03,6.556425017986537e-01,1.307746153208844e-01,6.472721078962869e-01,-3.661553333796666e-01,-3.760283344497865e-04,1.409997566425724e-03,-2.867575031581391e-04,-1.473970703154013e-07,-3.566961481582816e-08,1.008616698776961e-08,1.587299678074287e-07,1.260662847998482e-04,1.745666267545390e-04,2.045522609879863e-06,nan
2.860000000000000e+03,6.507892932264032e-01,1.311694105026922e-01,6.527561359684257e-01,-3.649346633656840e-01,-3.858083313960574e-04,1.406400225525010e-03,-2.885777385620742e-04,-1.471954880612900e-07,-4.072942808441602e-08,1.169342859171344e-08,1.587216330282457e-07,1.260662079140391e-04,1.746819963231241e-04,3.566830671939084e-06,nan
2.870000000000000e+03,6.459157425207187e-01,1.315125924490895e-01,6.582107546273590e-01,-3.636700346249483e-01,-3.955807207052264e-04,1.402427227356537e-03,-2.902170728026944e-04,-1.468934361196596e-07,-4.562231509204180e-08,1.330040725835574e-08,1.586534245332000e-07,1.260655547753507e-04,1.747401300584107e-04,5.103437947864519e-06,nan
2.880000000000000e+03,6.410238306276711e-01,1.318043272034505e-01,6.636344048692691e-01,-3.623609313539250e-01,-4.053384471805094e-04,1.398090754142619e-03,-2.916741523536462e-04,-1.464930919562542e-07,-5.034182999215528e-08,1.490470674094517e-08,1.585277909816360e-07,1.260655680295254e-04,1.747417811006502e-04,6.653379183784610e-06,nan
2.890000000000000e+03,6.361155246597736e-01,1.320448517707889e-01,6.690255869504756e-01,-3.610068703130495e-01,-4.150745895723815e-04,1.393403483386361e-03,-2.929479073998775e-04,-1.459968183901538e-07,-5.488211854915137e-08,1.650400491294881e-08,1.583472784217306e-07,1.260674627561778e-04,1.746878001335762e-04,8.214670260334918e-06,nan
2.900000000000000e+03,6.311927735170634e-01,1.322344728749212e-01,6.743828615793834e-01,-3.596074009963245e-01,-4.247823747752958e-04,1.388378545640182e-03,-2.940375461560605e-04,-1.454071495758747e-07,-5.923792799086394e-08,1.809606005098511e-08,1.581145164848992e-07,1.260724229104372e-04,1.745791316550144e-04,9.785313895283425e-06,nan
2.910000000000000e+03,6.262575036369744e-01,1.323735655473278e-01,6.797048508854685e-01,-3.581621057083447e-01,-4.344551910544764e-04,1.383029481456292e-03,-2.949425484898270e-04,-1.447267765238472e-07,-6.340461357106907e-08,1.967871645955888e-08,1.578322045699695e-07,1.260815979569751e-04,1.744168099712276e-04,1.136330529855424e-05,nan
2.920000000000000e+03,6.213116148886855e-01,1.324625715571274e-01,6.849902391679568e-01,-3.566705995530223e-01,-4.440866002626766e-04,1.377370197756369e-03,-2.956626589104728e-04,-1.439585322785012e-07,-6.737814190601343e-08,2.124990941789793e-08,1.575030981195011e-07,1.260960997092120e-04,1.742019549419281e-04,1.294663775298028e-05,nan
2.930000000000000e+03,6.163569766263803e-01,1.325019976920904e-01,6.902377734280343e-01,-3.551325303386085e-01,-4.536703490154705e-04,1.371414923853541e-03,-2.961978789861581e-04,-1.431053768718313e-07,-7.115509117413120e-08,2.280766943594212e-08,1.571299950855095e-07,1.261169993847092e-04,1.739357675036314e-04,1.453330809548441e-05,nan
2.940000000000000e+03,6.113954239145190e-01,1.324924139010434e-01,6.954462636895756e-01,-3.535475784039111e-01,-4.632003788022685e-04,1.365178167353944e-03,-2.965484592543989e-04,-1.421703821677278e-07,-7.473264829123978e-08,2.435012581316380e-08,1.567157226758959e-07,1.261453248859667e-04,1.736195249995206e-04,1.612132207489229e-05,nan
2.950000000000000e+03,6.064287539368686e-01,1.324344513083543e-01,7.006145831143796e-01,-3.519154563708393e-01,-4.726708350187139e-04,1.358674670157509e-03,-2.967148906917606e-04,-1.411567167086493e-07,-7.810860319429310e-08,2.587550950028778e-08,1.562631244661634e-07,1.261820583140350e-04,1.732545763442143e-04,1.770869956425033e-05,nan
2.960000000000000e+03,6.014587225996368e-01,1.323288001114132e-01,7.057416679188665e-01,-3.502359088285826e-01,-4.820760749143800e-04,1.351919364768528e-03,-2.966978958091877e-04,-1.400676306714712e-07,-8.128134038518755e-08,2.738215527009076e-08,1.557750479536680e-07,1.262281337205693e-04,1.728423370518158e-04,1.929347960729258e-05,nan
2.970000000000000e+03,5.964870413376071e-01,1.321762073721868e-01,7.108265171000384e-01,-3.485087119548683e-01,-4.914106744576105e-04,1.344927331116035e-03,-2.964984194393376e-04,-1.389064410336940e-07,-8.424982790197103e-08,2.886850320920984e-08,1.552543326238414e-07,1.262844351022019e-04,1.723842841553650e-04,2.087372528056487e-05,nan
2.980000000000000e+03,5.915153741307700e-01,1.319774747139755e-01,7.158681919792471e-01,-3.467336730798166e-01,-5.006694341269196e-04,1.337713754072392e-03,-2.961176192816510e-04,-1.376765170447616e-07,-8.701360389806430e-08,3.033309954822726e-08,1.547037985896558e-07,1.263517946394077e-04,1.718819510453429e-04,2.244752835465070e-05,nan
2.990000000000000e+03,5.865453347375138e-01,1.317334559344792e-01,7.208658155729700e-01,-3.449106301979304e-01,-5.098473836454961e-04,1.330293881845794e-03,-2.955568562697480e-04,-1.363812660901462e-07,-8.957276102075649e-08,3.177459685218175e-08,1.541262358572226e-07,1.264309911804030e-04,1.713369222542006e-04,2.401301373992077e-05,nan
3.000000000000000e+03,5.815784841490221e-01,1.314450545461931e-01,7.258185718003494e-01,-3.430394514337601e-01,-5.189397856819763e-04,1.322682985408917e-03,-2.948176848240928e-04,-1.350241200282261e-07,-9.192792878829371e-08,3.319175359805422e-08,1.535243942619294e-07,1.265227489690680e-04,1.707508282130160e-04,2.556834370421965e-05,nan
3.010000000000000e+03,5.766163282681919e-01,1.311132212549599e-01,7.307257045376834e-01,-3.411200344667006e-01,-5.279421385467949e-04,1.314896319111854e-03,-2.939018430507933e-04,-1.336085220719639e-07,-9.408025417039023e-08,3.458343316964514e-08,1.529009741110709e-07,1.266277366144166e-04,1.701253400053609e-04,2.711172185190859e-05,nan
3.020000000000000e+03,5.716603158150165e-01,1.307389513872872e-01,7.355865165304334e-01,-3.391523059202912e-01,-5.368501779189152e-04,1.306949082612937e-03,-2.928112429449199e-04,-1.321379142790830e-07,-9.603138058009318e-08,3.594860230361674e-08,1.522586175605977e-07,1.267465662977776e-04,1.694621641422746e-04,2.864139685564454e-05,nan
3.030000000000000e+03,5.667118364591467e-01,1.303232822767212e-01,7.404003681735484e-01,-3.371362207212354e-01,-5.456598776427415e-04,1.298856384246240e-03,-2.915479606538935e-04,-1.306157257059885e-07,-9.778342548568032e-08,3.728632902327308e-08,1.515999007455146e-07,1.268797932125989e-04,1.687630373809535e-04,3.015566593422034e-05,nan
3.040000000000000e+03,5.617722191791010e-01,1.298672906192265e-01,7.451666761710838e-01,-3.350717614332021e-01,-5.543674496393547e-04,1.290633205929634e-03,-2.901142268533620e-04,-1.290453612721788e-07,-9.933895684988672e-08,3.859578009893124e-08,1.509273266756808e-07,1.270279152306472e-04,1.680297216083465e-04,3.165287807165846e-05,nan
3.050000000000000e+03,5.568427308464756e-01,1.293720898071111e-01,7.498849120861608e-01,-3.329589375702527e-01,-5.629693429799444e-04,1.282294369702477e-03,-2.885124172845855e-04,-1.274301913734577e-07,-1.007009686003416e-07,3.987621807547861e-08,1.502433189013864e-07,1.271913727873552e-04,1.672639988093735e-04,3.313143697455401e-05,nan
3.060000000000000e+03,5.519245750324147e-01,1.288388272505981e-01,7.545546007923206e-01,-3.307977848945194e-01,-5.714622421724831e-04,1.273854505967331e-03,-2.867450434987549e-04,-1.257735422739925e-07,-1.018728553299072e-07,4.112699790895672e-08,1.495502159461584e-07,1.273705489781727e-04,1.664676661379249e-04,3.458980376637995e-05,nan
3.070000000000000e+03,5.470188910326352e-01,1.282686816956652e-01,7.591753188372327e-01,-3.285883647025079e-01,-5.798430647151983e-04,1.265328023495852e-03,-2.848147438499048e-04,-1.240786872992362e-07,-1.028583864187705e-07,4.234756325475967e-08,1.488502664978420e-07,1.275657698569975e-04,1.656425311072111e-04,3.602649941908220e-05,nan
3.080000000000000e+03,5.421267531063769e-01,1.276628605462734e-01,7.637466927295702e-01,-3.263307631041302e-01,-5.881089579723813e-04,1.256729081245126e-03,-2.827242747742154e-04,-1.223488388440349e-07,-1.036616797619065e-07,4.353744245033327e-08,1.481456253431521e-07,1.277773049271052e-04,1.647904069144143e-04,3.744010692380418e-05,nan
3.090000000000000e+03,5.372491699238249e-01,1.270225971985721e-01,7.682683971596606e-01,-3.240250902982927e-01,-5.962572954294648e-04,1.248071562017469e-03,-2.804765023895214e-04,-1.205871412029362e-07,-1.042871752761034e-07,4.469624423513505e-08,1.474383500256198e-07,1.280053678144623e-04,1.639131079129677e-04,3.882927320397556e-05,nan
3.100000000000000e+03,5.323870842158431e-01,1.263491483941378e-01,7.727401531642196e-01,-3.216714798485676e-01,-6.042856723851553e-04,1.239369047984086e-03,-2.780743944449010e-04,-1.187966642228481e-07,-1.047396083502846e-07,4.582365325008932e-08,1.467303982021934e-07,1.282501171128750e-04,1.630124452441768e-04,4.019271077527796e-05,nan
3.110000000000000e+03,5.275413726191577e-01,1.256437915987458e-01,7.771617262451912e-01,-3.192700879621839e-01,-6.121919011387814e-04,1.230634798081084e-03,-2.755210126462022e-04,-1.169803977718162e-07,-1.050239833916531e-07,4.691942535791125e-08,1.460236256696957e-07,1.285116573901253e-04,1.620902226383031e-04,4.152919915814730e-05,nan
3.120000000000000e+03,5.227128457096248e-01,1.249078224126231e-01,7.815329244523064e-01,-3.168210927752576e-01,-6.199740057308852e-04,1.221881727275218e-03,-2.728195053794526e-04,-1.151412470118331e-07,-1.051455476083365e-07,4.798338282448141e-08,1.453197850288904e-07,1.287900403440196e-04,1.611482323936808e-04,4.283758604950869e-05,nan
3.130000000000000e+03,5.179022482156858e-01,1.241425520175791e-01,7.858535964386073e-01,-3.143246936468844e-01,-6.276302162945662e-04,1.213122387686472e-03,-2.699731008502158e-04,-1.132820284582681e-07,-1.051097651569932e-07,4.901540940001103e-08,1.446205249510645e-07,1.290852660971797e-04,1.601882515409315e-04,4.411678826133475e-05,nan
3.140000000000000e+03,5.131102594037465e-01,1.233493046658651e-01,7.901236294977171e-01,-3.117811104644123e-01,-6.351589630740931e-04,1.204368951545166e-03,-2.669851006531830e-04,-1.114054668037384e-07,-1.049222917713459e-07,5.001544533704415e-08,1.439273900097568e-07,1.293972846193754e-04,1.592120381978991e-04,4.536579243439721e-05,nan
3.150000000000000e+03,5.083374936268975e-01,1.225294152150751e-01,7.943429475911862e-01,-3.091905829619038e-01,-6.425588701660405e-04,1.195633195952759e-03,-2.638588737826541e-04,-1.095141924800382e-07,-1.045889499750763e-07,5.098348238047242e-08,1.432418210385633e-07,1.297259972662651e-04,1.582213281195519e-04,4.658365553624185e-05,nan
3.160000000000000e+03,5.035845010281257e-01,1.216842267128805e-01,7.985115093737709e-01,-3.065533700535100e-01,-6.498287490365493e-04,1.186926489407859e-03,-2.605978510910377e-04,-1.076107399280749e-07,-1.041157049700396e-07,5.191955876270985e-08,1.425651559747579e-07,1.300712584235508e-04,1.572178314458001e-04,4.776950515294840e-05,nan
3.170000000000000e+03,4.988517683890236e-01,1.208150880348881e-01,8.026293062239958e-01,-3.038697491831882e-01,-6.569675918664113e-04,1.178259780052230e-03,-2.572055201991584e-04,-1.056975465426510e-07,-1.035086412784910e-07,5.282375423502814e-08,1.418986311477812e-07,1.304328772457628e-04,1.562032296489553e-04,4.892253958466633e-05,nan
3.180000000000000e+03,4.941397201148824e-01,1.199233515784243e-01,8.066963602868522e-01,-3.011400156919180e-01,-6.639745647735337e-04,1.169643585585704e-03,-2.536854208589846e-04,-1.037769522563362e-07,-1.027739402060837e-07,5.369618516382695e-08,1.412433829714223e-07,1.308106194791510e-04,1.551791726814285e-04,5.004202775523087e-05,nan
3.190000000000000e+03,4.894487193470183e-01,1.190103710145870e-01,8.107127225349858e-01,-2.983644822033032e-01,-6.708490009599827e-04,1.161087984793899e-03,-2.500411407663959e-04,-1.018511997245835e-07,-1.019178581808886e-07,5.453699971833614e-08,1.406004499987023e-07,1.312042093584901e-04,1.541472763232183e-04,5.112730894638138e-05,nan
3.200000000000000e+03,4.847790691931895e-01,1.180774991004730e-01,8.146784708542145e-01,-2.955434780281938e-01,-6.775903938282824e-04,1.152602610628488e-03,-2.462763118188073e-04,-9.992243507262827e-08,-1.009467060126884e-07,5.534637317395080e-08,1.399707752990354e-07,1.316133315679612e-04,1.531091197277861e-04,5.217779236721854e-05,nan
3.210000000000000e+03,4.801310140670413e-01,1.171260855530767e-01,8.185937081587192e-01,-2.926773485887244e-01,-6.841983901089963e-04,1.144196644776332e-03,-2.423946068098728e-04,-9.799270916354018e-08,-9.986682910639233e-08,5.612450335310544e-08,1.393552091181407e-07,1.320376332566799e-04,1.520662431640513e-04,5.319295656957483e-05,nan
3.220000000000000e+03,4.755047411276251e-01,1.161574749859709e-01,8.224585605407616e-01,-2.897664548619324e-01,-6.906727830388571e-04,1.135878813651197e-03,-2.383997365510730e-04,-9.606397934604696e-08,-9.868458865365243e-08,5.687160622333259e-08,1.387545117823755e-07,1.324767260998679e-04,1.510201459514656e-04,5.417234871992028e-05,nan
3.230000000000000e+03,4.709003818101867e-01,1.151730049095310e-01,8.262731754593058e-01,-2.868111728429090e-01,-6.970135056258857e-04,1.127657385739851e-03,-2.342954474078000e-04,-9.413811164036475e-08,-9.740634381767962e-08,5.758791166993669e-08,1.381693568106023e-07,1.329301883971238e-04,1.499722845844449e-04,5.511558373830390e-05,nan
3.240000000000000e+03,4.663180134396318e-01,1.141740037951353e-01,8.300377199714465e-01,-2.838118930272419e-01,-7.032206240350744e-04,1.119540170233068e-03,-2.300855192355401e-04,-9.221688332024922e-08,-9.603843491789471e-08,5.827365945856876e-08,1.376003341983685e-07,1.333975671997139e-04,1.489240710418371e-04,5.602234331464610e-05,nan
3.250000000000000e+03,4.617576609182878e-01,1.131617892034782e-01,8.337523790101071e-01,-2.807690199123218e-01,-7.092943311253145e-04,1.111534516871434e-03,-2.257737636999455e-04,-9.030198584975205e-08,-9.458716761342093e-08,5.892909540092079e-08,1.370479538410028e-07,1.338783804592897e-04,1.478768712765901e-04,5.689237481245124e-05,nan
3.260000000000000e+03,4.572192984798433e-01,1.121376659768696e-01,8.374173537110353e-01,-2.776829715169206e-01,-7.152349401653690e-04,1.103647316935754e-03,-2.213640229629644e-04,-8.839502813372489e-08,-9.305879807753550e-08,5.955446773478818e-08,1.365126490642105e-07,1.343721191909204e-04,1.468320038803545e-04,5.772549006971542e-05,nan
3.270000000000000e+03,4.527028515016215e-01,1.111029244951501e-01,8.410328597917133e-01,-2.745541789182935e-01,-7.210428787538307e-04,1.095885005312281e-03,-2.168601687157660e-04,-8.649754004190257e-08,-9.145951914905582e-08,6.015002372787797e-08,1.359947802328172e-07,1.348782496438142e-04,1.457907389173957e-04,5.852156410646658e-05,nan
3.280000000000000e+03,4.482081983676460e-01,1.100588389946469e-01,8.445991259844127e-01,-2.713830858059242e-01,-7.267186829651919e-04,1.088253563563920e-03,-2.122661015379324e-04,-8.461097616740119e-08,-8.979544744122171e-08,6.071600651298164e-08,1.354946384104698e-07,1.353962154735850e-04,1.447542969219109e-04,5.928053374799953e-05,nan
3.290000000000000e+03,4.437351723752521e-01,1.090066659494106e-01,8.481163925252572e-01,-2.681701480509022e-01,-7.322629917413967e-04,1.080758523939747e-03,-2.075857505613020e-04,-8.273671978163406e-08,-8.807261138393467e-08,6.125265216048064e-08,1.350124490452780e-07,1.359254399103902e-04,1.437238480526242e-04,6.000239617246727e-05,nan
3.300000000000000e+03,4.392835636783450e-01,1.079476425138173e-01,8.515849097008010e-01,-2.649158332898229e-01,-7.376765415455556e-04,1.073404974256936e-03,-2.028230734159212e-04,-8.087608694897611e-08,-8.629694017120940e-08,6.176018699262275e-08,1.345483756585994e-07,1.364653279177234e-04,1.427005113983862e-04,6.068720739106062e-05,nan
3.310000000000000e+03,4.348531212607059e-01,1.068829850254930e-01,8.550049364533213e-01,-2.616206205219957e-01,-7.429601612919063e-04,1.066197563591026e-03,-1.979820564347834e-04,-7.903033076593765e-08,-8.447425358234759e-08,6.223882514258948e-08,1.341025235163629e-07,1.370152683370920e-04,1.416853544284021e-04,6.133508066856813e-05,nan
3.320000000000000e+03,4.304435549330976e-01,1.058138875674081e-01,8.583767390457145e-01,-2.582849997186722e-01,-7.481147675635848e-04,1.059140508712729e-03,-1.930667150934007e-04,-7.720064569113955e-08,-8.261025264263161e-08,6.268876636007286e-08,1.336749432644990e-07,1.375746360142324e-04,1.406793925806737e-04,6.194618489164936e-05,nan
3.330000000000000e+03,4.260545373482537e-01,1.047415205879118e-01,8.617005897866047e-01,-2.549094714429326e-01,-7.531413601273697e-04,1.052237601211870e-03,-1.880810946597610e-04,-7.538817193397859e-08,-8.071051108721305e-08,6.311019406388840e-08,1.332656345121742e-07,1.381427939029226e-04,1.396835889822484e-04,6.252074289169655e-05,nan
3.340000000000000e+03,4.216857060281521e-01,1.036670295774127e-01,8.649767658160260e-01,-2.514945464788107e-01,-7.580410177522435e-04,1.045492215251573e-03,-1.830292710298466e-04,-7.359399987151252e-08,-7.878046759031148e-08,6.350327364106537e-08,1.328745493485809e-07,1.387190951428309e-04,1.386988542949043e-04,6.305902972869514e-05,nan
3.350000000000000e+03,4.173366653983254e-01,1.025915338003744e-01,8.682055479517929e-01,-2.480407454681991e-01,-7.628148943364180e-04,1.038907315898601e-03,-1.779153517236367e-04,-7.181917446477132e-08,-7.682541872079443e-08,6.386815099087833e-08,1.325015957810345e-07,1.393028851082017e-04,1.377260466800016e-04,6.356137094203093e-05,nan
3.360000000000000e+03,4.130069888242579e-01,1.015161250812727e-01,8.713872195964664e-01,-2.445485985540347e-01,-7.674642153453871e-04,1.032485467978460e-03,-1.727434770163797e-04,-7.006469964737726e-08,-7.485051258463666e-08,6.420495131139506e-08,1.321466410840227e-07,1.398935034245145e-04,1.367659718763399e-04,6.402814077373908e-05,nan
3.370000000000000e+03,4.086962206452440e-01,1.004418666431607e-01,8.745220657046222e-01,-2.410186450282472e-01,-7.719902745615789e-04,1.026228845406760e-03,-1.675178211798663e-04,-6.833154266104281e-08,-7.286074311462493e-08,6.451377812532238e-08,1.318095150506578e-07,1.404902859505596e-04,1.358193833850048e-04,6.445976036924329e-05,nan
3.380000000000000e+03,4.044038782013821e-01,9.936979199749925e-02,8.776103718099553e-01,-2.374514329829314e-01,-7.763944311443282e-04,1.020139240951189e-03,-1.622425938084988e-04,-6.662063831417967e-08,-7.086094496793627e-08,6.479471254122080e-08,1.314900131396969e-07,1.410925667236581e-04,1.348869827553710e-04,6.485669596020108e-05,nan
3.390000000000000e+03,4.001294538496740e-01,9.830090388393882e-02,8.806524231115881e-01,-2.338475189632143e-01,-7.806781069971245e-04,1.014218076381292e-03,-1.569220412050848e-04,-6.493289314149389e-08,-6.885578899283001e-08,6.504781274552102e-08,1.311878995128808e-07,1.416996798660167e-04,1.339694199666085e-04,6.521945703365349e-05,nan
3.400000000000000e+03,3.958724169654751e-01,9.723617325878271e-02,8.836485036188099e-01,-2.302074676202740e-01,-7.848427844374551e-04,1.008466412966071e-03,-1.515604478015066e-04,-6.326918944405364e-08,-6.684977822662444e-08,6.527311372020584e-08,1.309029099588371e-07,1.423109614504325e-04,1.330672938992521e-04,6.554859449127849e-05,nan
3.410000000000000e+03,3.916322159258038e-01,9.617653833091278e-02,8.865988953533502e-01,-2.265318513629957e-01,-7.888900041630171e-04,1.002884962282187e-03,-1.461621375897189e-04,-6.163038919088275e-08,-6.484724438833373e-08,6.547062718051916e-08,1.306347547011619e-07,1.429257513237819e-04,1.321811528916109e-04,6.584469880216404e-05,nan
3.420000000000000e+03,3.874082800712850e-01,9.512290364402456e-02,8.895038776081654e-01,-2.228212500067630e-01,-7.928213635066491e-04,9.974740972982115e-04,-1.407314755388952e-04,-6.001733776466494e-08,-6.285234483078695e-08,6.564034172660306e-08,1.303831210895580e-07,1.435433948869009e-04,1.313114953760275e-04,6.610839815215932e-05,nan
3.430000000000000e+03,3.832000216437256e-01,9.407613920409059e-02,8.923637262616227e-01,-2.190762504179140e-01,-7.966385149710049e-04,9.922338637029693e-04,-1.352728689749767e-04,-5.843086753562197e-08,-6.086905991870059e-08,6.578222320255996e-08,1.301476761740512e-07,1.441632448296345e-04,1.304587705902265e-04,6.634035659252323e-05,nan
3.440000000000000e+03,3.790068376965532e-01,9.303707965105470e-02,8.951787131458759e-01,-2.152974461524229e-01,-8.003431650327559e-04,9.871639914484490e-04,-1.297907688993882e-04,-5.687180124906009e-08,-5.890119080099679e-08,6.589621525606813e-08,1.299280691633408e-07,1.447846628199591e-04,1.296233793592294e-04,6.654127219027524e-05,nan
3.450000000000000e+03,3.748281119755607e-01,9.200652347384473e-02,8.979491054681427e-01,-2.114854370874173e-01,-8.039370732049842e-04,9.822639064801246e-04,-1.242896712242353e-04,-5.534095521346660e-08,-5.695235754762255e-08,6.598224009134168e-08,1.297239337692653e-07,1.454070211462110e-04,1.288056749435548e-04,6.671187518236268e-05,nan
3.460000000000000e+03,3.706632167675886e-01,9.098523226788854e-02,9.006751652835255e-01,-2.076408290441835e-01,-8.074220513453959e-04,9.775327426296933e-04,-1.187741179019251e-04,-5.383914227736773e-08,-5.502599762319308e-08,6.604019940791687e-08,1.295348904401781e-07,1.460297043115373e-04,1.280059639496513e-04,6.685292613549284e-05,nan
3.470000000000000e+03,3.665115147149652e-01,8.997393003441000e-02,9.033571490179607e-01,-2.037642334013676e-01,-8.107999631970224e-04,9.729693536472944e-04,-1.132486979278221e-04,-5.236717458445153e-08,-5.312536467194098e-08,6.606997551745955e-08,1.293605484867407e-07,1.466521105797715e-04,1.272245072987446e-04,6.696521411323557e-05,nan
3.480000000000000e+03,3.623723605936870e-01,8.897330252088942e-02,9.059953070398140e-01,-1.998562666971404e-01,-8.140727241472173e-04,9.685723253521665e-04,-1.077180481952857e-04,-5.092586609769724e-08,-5.125352759065793e-08,6.607143263051414e-08,1.292005081042506e-07,1.472736534719864e-04,1.264615212505074e-04,6.704955485178362e-05,nan
3.490000000000000e+03,3.582451030534822e-01,8.798399660216796e-02,9.085898832786065e-01,-1.959175502191627e-01,-8.172423011899988e-04,9.643399878823841e-04,-1.021868541832173e-04,-4.951603488445391e-08,-4.941336986856359e-08,6.604441830485633e-08,1.290543622961326e-07,1.478937632130276e-04,1.257171784781663e-04,6.710678894556913e-05,nan
3.500000000000000e+03,3.541290863180384e-01,8.700661970178369e-02,9.111411148892971e-01,-1.919487095812563e-01,-8.203107130760747e-04,9.602704280259044e-04,-9.665985045707763e-05,-4.813850515556811e-08,-4.760758917528516e-08,6.598876504685596e-08,1.289216987036451e-07,1.485118881273503e-04,1.249916091918783e-04,6.713778004376373e-05,nan
3.510000000000000e+03,3.500236518438007e-01,8.604173925323011e-02,9.136492319605228e-01,-1.879503742857565e-01,-8.232800306342718e-04,9.563615016165352e-04,-9.114182096523033e-05,-4.679410905278297e-08,-4.583869718037648e-08,6.590429205701063e-08,1.288021013471830e-07,1.491274959835012e-04,1.242849023073964e-04,6.714341305854341e-05,nan
3.520000000000000e+03,3.459281399358788e-01,8.508988220092481e-02,9.161144572651492e-01,-1.839231772706127e-01,-8.261523772475674e-04,9.526108459796206e-04,-8.563759911340009e-05,-4.548368817971983e-08,-4.410901959001860e-08,6.579080711056171e-08,1.286951522848069e-07,1.497400752865857e-04,1.235971066572294e-04,6.712459238588487e-05,nan
3.530000000000000e+03,3.418418913196884e-01,8.415153454078375e-02,9.185370060514625e-01,-1.798677544403817e-01,-8.289299294664364e-04,9.490158924133240e-04,-8.015206760103207e-05,-4.420809487280796e-08,-4.242069638870810e-08,6.564810856386065e-08,1.286004331937960e-07,1.503491365180543e-04,1.229282322416727e-04,6.708224013955201e-05,nan
3.540000000000000e+03,3.377642486670756e-01,8.322714090038701e-02,9.209170858732951e-01,-1.757847441803496e-01,-8.316149177418472e-04,9.455738786922393e-04,-7.469015800437924e-05,-4.296819320956622e-08,-4.077568227584951e-08,6.547598747690283e-08,1.285175268811162e-07,1.509542133221189e-04,1.222782515172404e-04,6.701729439886428e-05,nan
3.550000000000000e+03,3.336945580757336e-01,8.231710415881854e-02,9.232548964573574e-01,-1.716747868531122e-01,-8.342096272599296e-04,9.422818615807882e-04,-6.925685009224043e-05,-4.176485975263849e-08,-3.917574728918717e-08,6.527422984220296e-08,1.284460187287190e-07,1.515548636380924e-04,1.216471007201736e-04,6.693070747077559e-05,nan
3.560000000000000e+03,3.296321705008251e-01,8.142178510635063e-02,9.255506296060098e-01,-1.675385242770425e-01,-8.367163988600714e-04,9.391367293444100e-04,-6.385717086142063e-05,-4.059898402897970e-08,-3.762247760895543e-08,6.504261890992758e-08,1.283854980795418e-07,1.521506707779045e-04,1.210346812228252e-04,6.682344416676097e-05,nan
3.570000000000000e+03,3.255764431377856e-01,8.054150214422717e-02,9.278044691336961e-01,-1.633765991861753e-01,-8.391376300180305e-04,9.361352142469722e-04,-5.849619328018345e-05,-3.947146874455483e-08,-3.611727653845819e-08,6.478093759895760e-08,1.283355595699801e-07,1.527412444480181e-04,1.204408609208372e-04,6.669648009498924e-05,nan
3.580000000000000e+03,3.215267407553514e-01,7.967653102487779e-02,9.300165908352198e-01,-1.591896546711446e-01,-8.414757758755454e-04,9.332739050230558e-04,-5.317903472921470e-05,-3.838322973586520e-08,-3.466136565850883e-08,6.448897098329804e-08,1.282958044144371e-07,1.533262217149228e-04,1.198654756491191e-04,6.655079996826209e-05,nan
3.590000000000000e+03,3.174824369779199e-01,7.882710463296519e-02,9.321871624840301e-01,-1.549783336009168e-01,-8.437333502978801e-04,9.305492593139172e-04,-4.791085513091901e-05,-3.733519566055927e-08,-3.325578615476263e-08,6.416650884300475e-08,1.282658416473498e-07,1.539052679133512e-04,1.193083306247226e-04,6.638739592821736e-05,nan
3.600000000000000e+03,3.134429155164124e-01,7.799341280773517e-02,9.343163438586509e-01,-1.507432780251802e-01,-8.459129269407687e-04,9.279576160558926e-04,-4.269685475922012e-05,-3.632830743031074e-08,-3.190140031844088e-08,6.381334826855640e-08,1.282452893278234e-07,1.544780774963108e-04,1.187692019147722e-04,6.620726588632893e-05,nan
3.610000000000000e+03,3.094075713468483e-01,7.717560220718858e-02,9.364042867953651e-01,-1.464851285573609e-01,-8.480171403083232e-04,9.254952078099047e-04,-3.754227172343566e-05,-3.536351739005919e-08,-3.059889322227136e-08,6.342929630736248e-08,1.282337757117082e-07,1.550443748259913e-04,1.182478379276666e-04,6.601141188227738e-05,nan
3.620000000000000e+03,3.053758118359151e-01,7.637377621465082e-02,9.384511352652397e-01,-1.422045237383579e-01,-8.500486867836349e-04,9.231581730204556e-04,-3.245237912124243e-05,-3.444178824862021e-08,-2.934877457465939e-08,6.301417264087509e-08,1.282309403956045e-07,1.556039149045655e-04,1.177439609258000e-04,6.580083846033517e-05,nan
3.630000000000000e+03,3.013470578128491e-01,7.558799488834803e-02,9.404570254735477e-01,-1.379020993812112e-01,-8.520103256140249e-04,9.209425681921645e-04,-2.743248185723701e-05,-3.356409176655686e-08,-2.815138075612974e-08,6.256781228056075e-08,1.282364354369040e-07,1.561564840438656e-04,1.172572685580808e-04,6.557655106447153e-05,nan
3.640000000000000e+03,2.973207445869999e-01,7.481827495463046e-02,9.424220859796245e-01,-1.335784878970361e-01,-8.539048798332235e-04,9.188443799714685e-04,-2.248791312512986e-05,-3.273140720809026e-08,-2.700687704296102e-08,6.209006827079800e-08,1.282499264535678e-07,1.567019004728878e-04,1.167874354105313e-04,6.533955445297167e-05,nan
3.650000000000000e+03,2.932963229105095e-01,7.406458984550915e-02,9.443464378351611e-01,-1.292343176026897e-01,-8.557352371030868e-04,9.168595371206009e-04,-1.762403055317857e-05,-3.194471956469263e-08,-2.591526002365162e-08,6.158081438659921e-08,1.282710937069014e-07,1.572400148820487e-04,1.163341145732549e-04,6.509085113345076e-05,nan
3.660000000000000e+03,2.892732598855678e-01,7.332686978117681e-02,9.462301947389231e-01,-1.248702120107541e-01,-8.575043504579534e-04,9.149839223703649e-04,-1.284621201407121e-05,-3.120501755885388e-08,-2.487636021441006e-08,6.103994781391088e-08,1.282996331701297e-07,1.577707109031043e-04,1.158969392220378e-04,6.483143981924099e-05,nan
3.670000000000000e+03,2.852510398157830e-01,7.260500189819118e-02,9.480734632058501e-01,-1.204867891025576e-01,-8.592152389351942e-04,9.132133841376135e-04,-8.159851102103092e-06,-3.051329143735194e-08,-2.388984488026212e-08,6.046739180014348e-08,1.283352575850943e-07,1.582939055236242e-04,1.154755242128301e-04,6.456231390823526e-05,nan
3.680000000000000e+03,2.812291650012449e-01,7.189883042398762e-02,9.498763427484717e-01,-1.160846605850805e-01,-8.608709880761280e-04,9.115437480926563e-04,-3.570352282148476e-06,-2.987053056416163e-08,-2.295522106859039e-08,5.986309826250230e-08,1.283776975089036e-07,1.588095494349134e-04,1.150694676873130e-04,6.428445998537616e-05,nan
3.690000000000000e+03,2.772071564769255e-01,7.120815689837239e-02,9.516389260685588e-01,-1.116644311327206e-01,-8.624747502820737e-04,9.099708285611294e-04,9.168742833951574e-07,-2.927772082392888e-08,-2.207183886199485e-08,5.922705034166723e-08,1.284267023518598e-07,1.593176273122815e-04,1.146783526877139e-04,6.399885635008959e-05,nan
3.700000000000000e+03,2.731845546941187e-01,7.053274044261483e-02,9.533612992569012e-01,-1.072266976150266e-01,-8.640297450110644e-04,9.084904397441446e-04,5.296418221824452e-06,-2.873584184769062e-08,-2.123889485726361e-08,5.855926488837926e-08,1.284820414074804e-07,1.598181580265723e-04,1.143017487789748e-04,6.370647157007538e-05,nan
3.710000000000000e+03,2.691609201446931e-01,6.987229807672493e-02,9.550435419990913e-01,-1.027720483116381e-01,-8.655392588014547e-04,9.070984067398398e-04,9.562874741950147e-06,-2.824586407324620e-08,-2.045543587699034e-08,5.785979487055774e-08,1.285435048749113e-07,1.603111947858916e-04,1.139392136763214e-04,6.340826306297337e-05,nan
3.720000000000000e+03,2.651358339279975e-01,6.922650508544737e-02,9.566857277851839e-01,-9.830106211579345e-02,-8.670066451095551e-04,9.057905763487181e-04,1.371085071927032e-05,-2.780874565327262e-08,-1.972036291996647e-08,5.712873168869345e-08,1.286109048735231e-07,1.607968252065150e-04,1.135902948762030e-04,6.310517570754092e-05,nan
3.730000000000000e+03,2.611088982603414e-01,6.859499543344895e-02,9.582879241210809e-01,-9.381430772790102e-02,-8.684353239492485e-04,9.045628276445335e-04,1.773497106156887e-05,-2.742542922491772e-08,-1.903243535591326e-08,5.636620738743866e-08,1.286840764489700e-07,1.612751713119956e-04,1.132545312885097e-04,6.279814048607493e-05,nan
3.740000000000000e+03,2.570797369270494e-01,6.797736223010893e-02,9.598501927394947e-01,-8.931234284078947e-02,-8.698287813225454e-04,9.034110822918173e-04,2.162988534035141e-05,-2.709683855519919e-08,-1.839027536941307e-08,5.557239675155241e-08,1.287628785694959e-07,1.617463894595614e-04,1.129314548678851e-04,6.248807315992070e-05,nan
3.750000000000000e+03,2.530479956771777e-01,6.737315824423998e-02,9.613725898083364e-01,-8.479571331837468e-02,-8.711905684310082e-04,9.023313145905684e-04,2.539027467190145e-05,-2.682387507708054e-08,-1.779237265705661e-08,5.474751927466664e-08,1.288471951107856e-07,1.622106701929553e-04,1.126205922418756e-04,6.217587298000096e-05,nan
3.760000000000000e+03,2.490133425610746e-01,6.678189646898809e-02,9.628551661343836e-01,-8.026495236960446e-02,-8.725243006590309e-04,9.013195612281056e-04,2.901085883014827e-05,-2.660741433157252e-08,-1.723708938084388e-08,5.389184098970370e-08,1.289369358271906e-07,1.626682380209637e-04,1.123214663335711e-04,6.186242143438917e-05,nan
3.770000000000000e+03,2.449754682110670e-01,6.620305073705801e-02,9.642979673600868e-01,-7.572057971965020e-02,-8.738336563210645e-04,9.003719307176512e-04,3.248640357199613e-05,-2.644830233163054e-08,-1.672266537978369e-08,5.300567615021661e-08,1.290320373067127e-07,1.631193511209655e-04,1.120335979763087e-04,6.154858103503034e-05,nan
3.780000000000000e+03,2.409340860656538e-01,6.563605638631363e-02,9.657010341513959e-01,-7.116310078042935e-02,-8.751223751660081e-04,8.994846125028353e-04,3.581172815428049e-05,-2.634735186396237e-08,-1.624722364042402e-08,5.208938875243081e-08,1.291324639067017e-07,1.635643009669484e-04,1.117565075179221e-04,6.123519414578184e-05,nan
3.790000000000000e+03,2.368889325377048e-01,6.508031097569168e-02,9.670644023745053e-01,-6.659300582264659e-02,-8.763942566331803e-04,8.986538857070836e-04,3.898171302010465e-05,-2.630533874513604e-08,-1.580877602573736e-08,5.114339388833987e-08,1.292382086668334e-07,1.640034118815555e-04,1.114897164119417e-04,6.092308185400862e-05,nan
3.800000000000000e+03,2.328397671272746e-01,6.453517505124627e-02,9.683881032594543e-01,-6.201076915163859e-02,-8.776531578554613e-04,8.978761275066590e-04,4.199130763097474e-05,-2.632299804857259e-08,-1.540522926038617e-08,5.016815892085874e-08,1.293492941955564e-07,1.644370405118566e-04,1.112327487930618e-04,6.061304288801031e-05,nan
3.810000000000000e+03,2.287863724797632e-01,6.399997296202596e-02,9.696721635485485e-01,-5.741684828940222e-02,-8.789029914064518e-04,8.971478211061307e-04,4.483553841990878e-05,-2.640102031911809e-08,-1.503439116891557e-08,4.916420447274809e-08,1.294657735258761e-07,1.648655752286774e-04,1.109851330341226e-04,6.030585258259567e-05,nan
3.820000000000000e+03,2.247285543902796e-01,6.347399372535041e-02,9.709166056276208e-01,-5.281168316526753e-02,-8.801477227897418e-04,8.964655632951068e-04,4.750951683955008e-05,-2.654004779191693e-08,-1.469397716188335e-08,4.813210522180423e-08,1.295877309360410e-07,1.652894354494747e-04,1.107464032817746e-04,6.000226189513749e-05,nan
3.830000000000000e+03,2.206661417551964e-01,6.295649194092584e-02,9.721214476382082e-01,-4.819569531775782e-02,-8.813913676696186e-04,8.958260715652898e-04,5.000844747828456e-05,-2.674067063224206e-08,-1.438161696334677e-08,4.707249049565332e-08,1.297152827304376e-07,1.657090708849063e-04,1.105161009679304e-04,5.970299647444770e-05,nan
3.840000000000000e+03,2.165989864720134e-01,6.244668875309884e-02,9.732867035687764e-01,-4.356928711024442e-02,-8.826379888438414e-04,8.952261907672721e-04,5.232763621644493e-05,-2.700342321278161e-08,-1.409486157150203e-08,4.598604466038947e-08,1.298485779757879e-07,1.661249607094116e-04,1.102937762940492e-04,5.940875578480289e-05,nan
3.850000000000000e+03,2.125269632887896e-01,6.194377286041224e-02,9.744123833232047e-01,-3.893284096306508e-02,-8.838916929603393e-04,8.946628992869745e-04,5.446249839390154e-05,-2.732878044463386e-08,-1.383119044262976e-08,4.487350729825182e-08,1.299877991875635e-07,1.665376126563005e-04,1.100789896852439e-04,5.912021228742378e-05,nan
3.860000000000000e+03,2.084499696045378e-01,6.144690157148315e-02,9.754984927648250e-01,-3.428671860482467e-02,-8.851566269809547e-04,8.941333147222794e-04,5.640856695968994e-05,-2.771715417791657e-08,-1.358801888685001e-08,4.373567317054512e-08,1.301331629614045e-07,1.669475620380312e-04,1.098713132111629e-04,5.883801068167130e-05,nan
3.870000000000000e+03,2.043679252221183e-01,6.095520190608389e-02,9.765450337344020e-01,-2.963126034563559e-02,-8.864369743965816e-04,8.936346990411813e-04,5.816150057382074e-05,-2.816888968746085e-08,-1.336270566255275e-08,4.257339196305187e-08,1.302849205442412e-07,1.673553706925516e-04,1.096703319705590e-04,5.856276720816257e-05,nan
3.880000000000000e+03,2.002807720553110e-01,6.046777174016397e-02,9.775520040405400e-01,-2.496678437508605e-02,-8.877369511992394e-04,8.931644632037154e-04,5.971709163106485e-05,-2.868426225852997e-08,-1.315256075475862e-08,4.138756781227538e-08,1.304433583397794e-07,1.677616258567725e-04,1.094756454364398e-04,5.829506901593563e-05,nan
3.890000000000000e+03,1.961884737918867e-01,5.998368099341217e-02,9.785193974211193e-01,-2.029358608774122e-02,-8.890608016178061e-04,8.927201712309889e-04,6.107127417630845e-05,-2.926347388688355e-08,-1.295485332109313e-08,4.017915861196009e-08,1.306087983430136e-07,1.681669389684437e-04,1.092868687586757e-04,5.803547359569948e-05,nan
3.900000000000000e+03,1.920910155146375e-01,5.950197285781857e-02,9.794472034744823e-01,-1.561193743898982e-02,-8.904127936252379e-04,8.922995437058754e-04,6.222013168103741e-05,-2.990665010679949e-08,-1.276681978754360e-08,3.894917510047607e-08,1.307815984984845e-07,1.685719443979060e-04,1.091036340209475e-04,5.778450828109634e-05,nan
3.910000000000000e+03,1.879884032824665e-01,5.902166506556261e-02,9.803354075592237e-01,-1.092208633404452e-02,-8.917972142261987e-04,8.919004606912647e-04,6.315990465063938e-05,-3.061383695987601e-08,-1.258567207472357e-08,3.769867973079670e-08,1.309621529770938e-07,1.689772981114012e-04,1.089255914489188e-04,5.754266981978014e-05,nan
3.920000000000000e+03,1.838806636737774e-01,5.854175119442327e-02,9.811839906615730e-01,-6.224256052886833e-03,-8.932183645350032e-04,8.915209640532732e-04,6.388699803250482e-05,-3.138499811656831e-08,-1.240860593400964e-08,3.642878532594859e-08,1.311508923664225e-07,1.693836762678207e-04,1.087524105665485e-04,5.731042401597284e-05,nan
3.930000000000000e+03,1.797678432945283e-01,5.806120200877989e-02,9.819929292295146e-01,-1.518644713919343e-03,-8.946805546547680e-04,8.911592591784340e-04,6.439798839537363e-05,-3.222001216147258e-08,-1.223280937165300e-08,3.514065352395748e-08,1.313482837696927e-07,1.697917737509856e-04,1.085837812974899e-04,5.708820544600399e-05,nan
3.940000000000000e+03,1.756500082534537e-01,5.757896683415665e-02,9.827621949729398e-01,3.194575220952288e-03,-8.961880983695006e-04,8.908137160756103e-04,6.468963085100281e-05,-3.311867005236653e-08,-1.205547113781425e-08,3.383549301743910e-08,1.315548308087172e-07,1.702023026397494e-04,1.084194150085713e-04,5.687641724816962e-05,nan
3.950000000000000e+03,1.715272436070700e-01,5.709397496314793e-02,9.834917546292931e-01,7.915257397138428e-03,-8.977453076616722e-04,8.904828698552655e-04,6.475886569002443e-05,-3.408067276195245e-08,-1.187378925643614e-08,3.251455759408614e-08,1.317710735264556e-07,1.706159906184129e-04,1.082590454924192e-04,5.667543098805904e-05,nan
3.960000000000000e+03,1.673996527772079e-01,5.660513709046119e-02,9.841815696943477e-01,1.264328197148088e-02,-8.993564870685491e-04,8.901654205806427e-04,6.460282470482249e-05,-3.510562911013991e-08,-1.168497957096537e-08,3.117914398537001e-08,1.319975881850821e-07,1.710335793301434e-04,1.081024298863528e-04,5.648558660030503e-05,nan
3.970000000000000e+03,1.632673569439070e-01,5.611134677471615e-02,9.848315961179229e-01,1.737855596713626e-02,-9.010259278911417e-04,8.898602324874770e-04,6.421883717336968e-05,-3.619305379355461e-08,-1.148628428016778e-08,2.983058953179992e-08,1.322349869557915e-07,1.714558226762690e-04,1.079493495247672e-04,5.630719240749643e-05,nan
3.980000000000000e+03,1.591304944166285e-01,5.561148192455490e-02,9.854417839645374e-01,2.212101357678782e-02,-9.027579022702052e-04,8.895663325709851e-04,6.360443547923381e-05,-3.734236561778640e-08,-1.127498043766058e-08,2.847026967404871e-08,1.324839174969337e-07,1.718834850645106e-04,1.077996107223246e-04,5.614052521678092e-05,nan
3.990000000000000e+03,1.549892199868103e-01,5.510440630654127e-02,9.860120770391869e-01,2.687061641184459e-02,-9.045566571441318e-04,8.892829085410836e-04,6.275736034437151e-05,-3.855288593669033e-08,-1.104838838831302e-08,2.709959528016686e-08,1.327450624174357e-07,1.723173396093852e-04,1.076530454853777e-04,5.598583049444699e-05,nan
4.000000000000000e+03,1.508437042648878e-01,5.458897107226370e-02,9.865424124786247e-01,3.162735369539923e-02,-9.064264081039279e-04,8.890093061490266e-04,6.167556565287466e-05,-3.982383730185907e-08,-1.080388011434990e-08,2.572000981994170e-08,1.330191386228741e-07,1.727581662881804e-04,1.075095121491761e-04,5.584332261854447e-05,nan
4.010000000000000e+03,1.466941330049609e-01,5.406401630200180e-02,9.870327203087214e-01,3.639124239683449e-02,-9.083713331606962e-04,8.887450258909574e-04,6.035722284550636e-05,-4.115434232418406e-08,-1.053888746382945e-08,2.433298639822169e-08,1.333068965419726e-07,1.732067500560595e-04,1.073688959385365e-04,5.571318520935280e-05,nan
4.020000000000000e+03,1.425407064203470e-01,5.352837256227620e-02,9.874829229686800e-01,4.116232730610200e-02,-9.103955664411912e-04,8.884897190961983e-04,5.880072486665023e-05,-4.254342274824820e-08,-1.025091023416189e-08,2.294002465970434e-08,1.336091192317313e-07,1.736638789240024e-04,1.072311094498040e-04,5.559557153725960e-05,nan
4.030000000000000e+03,1.383836384933078e-01,5.298086247457018e-02,9.878929348030835e-01,4.594068104583569e-02,-9.125031918270341e-04,8.882431834104174e-04,5.700468964718748e-05,-4.398999873913971e-08,-9.937524083481759e-09,2.154264757827111e-08,1.339266213598228e-07,1.741303420034188e-04,1.070960930520789e-04,5.549060500735704e-05,nan
4.040000000000000e+03,1.342231562822666e-01,5.242030229249561e-02,9.882626615229519e-01,5.072640401961274e-02,-9.146982365531364e-04,8.880053576861734e-04,5.496796310879464e-05,-4.549288838016969e-08,-9.596388242990047e-09,2.014239814445285e-08,1.342602480633383e-07,1.746069275214057e-04,1.069638152058525e-04,5.539837971981007e-05,nan
4.050000000000000e+03,1.300594992298516e-01,5.184550348467110e-02,9.885919996371920e-01,5.551962429483294e-02,-9.169846647806986e-04,8.877763162956530e-04,5.268962167721425e-05,-4.705080737891682e-08,-9.225253003826974e-09,1.874083596499959e-08,1.346108736834002e-07,1.750944208107215e-04,1.068342726973587e-04,5.531896110479182e-05,nan
4.060000000000000e+03,1.258929184751015e-01,5.125527432058621e-02,9.888808358560122e-01,6.032049741885050e-02,-9.193663711599174e-04,8.875562628826980e-04,5.016897429416807e-05,-4.866236897802787e-08,-8.821966952625719e-09,1.733953378882725e-08,1.349794003755957e-07,1.755936022786577e-04,1.067074907871293e-04,5.525238663052656e-05,nan
4.070000000000000e+03,1.217236761731650e-01,5.064842145674725e-02,9.891290464680859e-01,6.512920616716809e-02,-9.218471743971901e-04,8.873455235734949e-04,4.740556391975002e-05,-5.032608406628471e-08,-8.384483930620027e-09,1.594007397380676e-08,1.353667565966157e-07,1.761052453590765e-04,1.065835232714217e-04,5.519866658272926e-05,nan
4.080000000000000e+03,1.175520448257939e-01,5.002375152043145e-02,9.893364966934277e-01,6.994596022267605e-02,-9.244308108411754e-04,8.871445396674836e-04,4.439916851933598e-05,-5.204036148460900e-08,-7.910869692024384e-09,1.454404490895031e-08,1.357738954678945e-07,1.766301144519539e-04,1.064624524553784e-04,5.515778491347741e-05,nan
4.090000000000000e+03,1.133783066258934e-01,4.938007268842046e-02,9.895030400141450e-01,7.477099578510787e-02,-9.271209281015893e-04,8.869538598321794e-04,4.114980153126289e-05,-5.380350852093627e-08,-7.399308238368075e-09,1.315303740653780e-08,1.362017930174570e-07,1.771689628548391e-04,1.063443890369713e-04,5.512970015731041e-05,nan
4.100000000000000e+03,1.092027528193385e-01,4.871619625813924e-02,9.896285174854063e-01,7.960457511006502e-02,-9.299210787140333e-04,8.867741318276612e-04,3.765771181375027e-05,-5.561373158724697e-08,-6.848107806529914e-09,1.176864107861541e-08,1.366514463015596e-07,1.777225306906883e-04,1.062294719009793e-04,5.511434641211081e-05,nan
4.110000000000000e+03,1.050256830871894e-01,4.803093820869385e-02,9.897127570291469e-01,8.444698597716138e-02,-9.328347138635334e-04,8.866060937884400e-04,3.392338307174153e-05,-5.746913707151479e-08,-6.255706489378748e-09,1.039244071208662e-08,1.371238714080813e-07,1.782915428365722e-04,1.061178678224507e-04,5.511163438209294e-05,nan
4.120000000000000e+03,1.008474049513640e-01,4.732312074937658e-02,9.897555727132049e-01,8.929854108702613e-02,-9.358651771787761e-04,8.864505650923054e-04,2.994753276652145e-05,-5.936773235691443e-08,-5.620677469162876e-09,9.026012656314732e-09,1.376201013439684e-07,1.788767068577859e-04,1.060097710793059e-04,5.512145248000289e-05,nan
4.130000000000000e+03,9.666823320671450e-02,4.659157385329542e-02,9.897567640187400e-01,9.415957738710179e-02,-9.390156986083260e-04,8.863084368474809e-04,2.573111051310176e-05,-6.130742700033951e-08,-4.941733845096894e-09,7.670921236763226e-09,1.381411838093587e-07,1.794787109519119e-04,1.059054029739332e-04,5.514366798542142e-05,nan
4.140000000000000e+03,9.248848938235175e-02,4.583513677387854e-02,9.897161150989419e-01,9.903045532637247e-02,-9.422893883893199e-04,8.861806620311088e-04,2.127529597244502e-05,-6.328603406211388e-08,-4.217733037954027e-09,6.328715207726640e-09,1.386881788613177e-07,1.800982219073892e-04,1.058050112638481e-04,5.517812825586209e-05,nan
4.150000000000000e+03,8.830850123492466e-02,4.505265954210873e-02,9.896333940321833e-01,1.039115580393525e-01,-9.456892311183883e-04,8.860682453135754e-04,1.658149624761073e-05,-6.530127157874062e-08,-3.447680755873088e-09,5.000924256655969e-09,1.392621564703940e-07,1.807358830811488e-04,1.057088695016787e-04,5.522466198716722e-05,nan
4.160000000000000e+03,8.412860227642667e-02,4.424300444245412e-02,9.895083520729000e-01,1.088032904598650e-01,-9.492180799337277e-04,8.859722326046117e-04,1.165134279483459e-05,-6.735076417062560e-08,-2.630734507017811e-09,3.689055571963776e-09,1.398641939734621e-07,1.813923123998606e-04,1.056172762849566e-04,5.528308051952799e-05,nan
4.170000000000000e+03,7.994913133894251e-02,4.340504746557648e-02,9.893407229036095e-01,1.137060783653321e-01,-9.528786508164798e-04,8.858937003583844e-04,6.486687862391078e-06,-6.943204477693227e-08,-1.766206646172319e-09,2.394590485519101e-09,1.404953734265585e-07,1.820681003893254e-04,1.055305544163914e-04,5.535317918529161e-05,nan
4.180000000000000e+03,7.577043217858506e-02,4.253767973602317e-02,9.891302218915886e-01,1.186203673525037e-01,-9.566735170187640e-04,8.858337446758952e-04,1.089600471824571e-06,-7.154255651008301e-08,-8.535669438055402e-10,1.118981200313378e-09,1.411567788616269e-07,1.827638082365210e-04,1.054490499755121e-04,5.543473869456970e-05,nan
4.190000000000000e+03,7.159285312069021e-02,4.163980891323254e-02,9.888765453538307e-01,1.235466217457278e-01,-9.606051036249576e-04,8.857934702440634e-04,-4.537638042241745e-06,-7.367965462289188e-08,1.075553324198556e-10,-1.363523869893506e-10,1.418494934512992e-07,1.834799658887812e-04,1.053731313027624e-04,5.552752655452389e-05,nan
4.200000000000000e+03,6.741674674814908e-02,4.071036056431487e-02,9.885793698339937e-01,1.284853234390741e-01,-9.646756822520700e-04,8.857739791516934e-04,-1.039253891600344e-05,-7.584060858192555e-08,1.117369832291591e-09,-1.370025759704533e-09,1.425745965860123e-07,1.842170701945574e-04,1.053031878973392e-04,5.563129851808517e-05,nan
4.210000000000000e+03,6.324246963455843e-02,3.974827950720036e-02,9.882383513951180e-01,1.334369706737943e-01,-9.688873658943688e-04,8.857763596233007e-04,-1.647241124498278e-05,-7.802260424140235e-08,2.175924041044748e-09,-2.580692742892977e-09,1.433331608679432e-07,1.849755830901699e-04,1.052396292302626e-04,5.574580005775536e-05,nan
4.220000000000000e+03,5.907038212365581e-02,3.875253112287846e-02,9.878531249319650e-01,1.384020767527972e-01,-9.732421039167619e-04,8.858016747123216e-04,-2.277436765679952e-05,-8.022274611277585e-08,3.283102706539807e-09,-3.767048345980229e-09,1.441262490264032e-07,1.857559298369223e-04,1.051828834743632e-04,5.587076786004452e-05,nan
4.230000000000000e+03,5.490084815629259e-02,3.772210263558791e-02,9.874233035068674e-01,1.433811686939913e-01,-9.777416772008536e-04,8.858509509957689e-04,-2.929533034673927e-05,-8.243805972608284e-08,4.438627780127321e-09,-4.927831479811123e-09,1.449549107594989e-07,1.865584973129033e-04,1.051333961530750e-04,5.600593133602203e-05,nan
4.240000000000000e+03,5.073423514596617e-02,3.665600435994250e-02,9.869484777130187e-01,1.483747858245217e-01,-9.823876934470703e-04,8.859251673126649e-04,-3.603203745367210e-05,-8.466549408016290e-08,5.642058874417007e-09,-6.061827542543851e-09,1.458201795070211e-07,1.873836323637585e-04,1.050916287101155e-04,5.615101414339042e-05,nan
4.250000000000000e+03,4.657091390370309e-02,3.555327091411341e-02,9.864282150691556e-01,1.533834783181072e-01,-9.871815826358202e-04,8.860252435888456e-04,-4.298104975302802e-05,-8.690192417997632e-08,6.892794239935347e-09,-7.167870869601670e-09,1.467230691596966e-07,1.882316402166732e-04,1.050580570023307e-04,5.630573571544328e-05,nan
4.260000000000000e+03,4.241125861284250e-02,3.441296239830816e-02,9.858620594495852e-01,1.584078056778451e-01,-9.921245926502909e-04,8.861520297907830e-04,-5.013875764282588e-05,-8.914415366042976e-08,8.190072261466022e-09,-8.244847043682377e-09,1.476645707101046e-07,1.891027829617576e-04,1.050331697181820e-04,5.646981279222974e-05,nan
4.270000000000000e+03,3.825564685402459e-02,3.323416553791154e-02,9.852495305535096e-01,1.634483351670122e-01,-9.972177850631988e-04,8.863062950510795e-04,-5.750138839817735e-05,-9.138891749736379e-08,9.532973473728338e-09,-9.291695061576346e-09,1.486456488507493e-07,1.899972781049806e-04,1.050174667245467e-04,5.664296094922231e-05,nan
4.280000000000000e+03,3.410445968043956e-02,3.201599479076755e-02,9.845901234175743e-01,1.685056401905546e-01,-1.002462031089677e-03,8.864887170080931e-04,-6.506501366924158e-05,-9.363288480765541e-08,1.092042309495487e-08,-1.030740935524992e-08,1.496672385249872e-07,1.909152971967568e-04,1.050114573447014e-04,5.682489611877482e-05,nan
4.290000000000000e+03,2.995808174313939e-02,3.075759341819312e-02,9.838833079755313e-01,1.735802986301110e-01,-1.007858007708381e-03,8.866998714019401e-04,-7.282555719728955e-05,-9.587266174171062e-08,1.235119407587910e-08,-1.129104166530893e-08,1.507302414367334e-07,1.918569645402438e-04,1.050156585705542e-04,5.701533609965789e-05,nan
4.300000000000000e+03,2.581690146595791e-02,2.945813451941492e-02,9.831285286688581e-01,1.786728911355583e-01,-1.013406193952940e-03,8.869402219687258e-04,-8.077880272334251e-05,-9.810479447296410e-08,1.382391066062849e-08,-1.224170276555690e-08,1.518355225251263e-07,1.928223559833647e-04,1.050305932123984e-04,5.721400204996953e-05,nan
4.310000000000000e+03,2.168131126932906e-02,2.811682202921761e-02,9.823252041121122e-01,1.837839993762166e-01,-1.019106867376036e-03,8.872101106743957e-04,-8.892040206376600e-05,-1.003257722903470e-07,1.533705245503605e-08,-1.315856403790347e-08,1.529839064106162e-07,1.938114977985249e-04,1.050567879896549e-04,5.742061995874444e-05,nan
4.320000000000000e+03,1.755170784203350e-02,2.673289167867759e-02,9.814727268167095e-01,1.889142042549925e-01,-1.024960100688620e-03,8.875097483290281e-04,-9.724588332723451e-05,-1.025320308010141e-07,1.688895899692158e-08,-1.404085889735132e-08,1.541761738192621e-07,1.948243656539478e-04,1.050947715662841e-04,5.763492209161962e-05,nan
4.330000000000000e+03,1.342849245964696e-02,2.530561191893392e-02,9.805704629767393e-01,1.940640840888717e-01,-1.030965758577149e-03,8.878392056217089e-04,-1.057506592476093e-04,-1.047199552519111e-07,1.847783482194467e-08,-1.488788406719510e-08,1.554130579923783e-07,1.958608836805160e-04,1.051450725347509e-04,5.785664840595894e-05,nan
4.340000000000000e+03,9.312071348206113e-03,2.383428480801714e-02,9.796177523203000e-01,1.992342127593041e-01,-1.037123494702190e-03,8.881984046153800e-04,-1.144300356074960e-04,-1.068858839800116e-07,2.010175501768486e-08,-1.569900070489749e-08,1.566952410890664e-07,1.969209236379458e-04,1.052082173526452e-04,5.808554793089499e-05,nan
4.350000000000000e+03,5.202856091352340e-03,2.231824686081395e-02,9.786139080297288e-01,2.044251578361481e-01,-1.043432748882293e-03,8.885871107401845e-04,-1.232792197275586e-04,-1.090261120022226e-07,2.175867125764622e-08,-1.647363537936853e-08,1.580233505896111e-07,1.980043041840827e-04,1.052847282362739e-04,5.832138010781129e-05,nan
4.360000000000000e+03,1.101264078962423e-03,2.075686986229440e-02,9.775582167339560e-01,2.096374786789715e-01,-1.049892744467709e-03,8.890049253228706e-04,-1.322933289970487e-04,-1.111368947570518e-07,2.344641830590607e-08,-1.721128090055894e-08,1.593979557081908e-07,1.991107902510517e-04,1.053751210157647e-04,5.856391608686460e-05,nan
4.370000000000000e+03,-2.992281004974295e-03,1.914956164416619e-02,9.764499385760588e-01,2.148717245196183e-01,-1.056502485909331e-03,8.894512786887755e-04,-1.414673994214595e-04,-1.132144520111061e-07,2.516272098211185e-08,-1.791149700239344e-08,1.608195638238859e-07,2.002400925319366e-04,1.054799029564442e-04,5.881293997522909e-05,nan
4.380000000000000e+03,-7.077348657716427e-03,1.749576682514677e-02,9.752883073589239e-01,2.201284325300633e-01,-1.063260756528975e-03,8.899254238717804e-04,-1.507963941637195e-04,-1.152549719443504e-07,2.690520157546721e-08,-1.857391088011264e-08,1.622886169395197e-07,2.013918670815936e-04,1.055995705514915e-04,5.906825003284064e-05,nan
4.390000000000000e+03,-1.115350099909166e-02,1.579496751506165e-02,9.740725307717421e-01,2.254081258796918e-01,-1.070166116498185e-03,8.904264309663496e-04,-1.602752120559007e-04,-1.172546154287731e-07,2.867138769522323e-08,-1.919821758306758e-08,1.638054881784813e-07,2.025657150351409e-04,1.057346072910954e-04,5.932965981151941e-05,nan
4.400000000000000e+03,-1.522029218173379e-02,1.404668398298251e-02,9.728017906998609e-01,2.307113117862427e-01,-1.077216901033661e-03,8.909531821544774e-04,-1.698986960590033e-04,-1.192095205156539e-07,3.045872054399460e-08,-1.978418026392668e-08,1.653704783303156e-07,2.037611824475757e-04,1.058854814135894e-04,5.959699923346513e-05,nan
4.410000000000000e+03,-1.927726777341653e-02,1.225047528961488e-02,9.714752436203036e-01,2.360384795647572e-01,-1.084411218818451e-03,8.915043674388736e-04,-1.796616416490136e-04,-1.211158071470109e-07,3.226456359892833e-08,-2.033163028510464e-08,1.669838124565337e-07,2.049777602578732e-04,1.060526436442765e-04,5.987011560523870e-05,nan
4.420000000000000e+03,-2.332396411488123e-02,1.040593988413102e-02,9.700920210850388e-01,2.413900986789645e-01,-1.091746950659237e-03,8.920784811121934e-04,-1.895588051080654e-04,-1.229695821069778e-07,3.408621168437343e-08,-2.084046718303192e-08,1.686456365688056e-07,2.062148843808200e-04,1.062365249279042e-04,6.014887456347602e-05,nan
4.430000000000000e+03,-2.735990765676541e-02,8.512716165619346e-03,9.686512302938344e-01,2.467666167996347e-01,-1.099221748391113e-03,8.926738189904667e-04,-1.995849117002145e-04,-1.247669442288323e-07,3.592090041820309e-08,-2.131065849063803e-08,1.703560143924159e-07,2.074719359296998e-04,1.064375341609997e-04,6.043316094872438e-05,nan
4.440000000000000e+03,-3.138461427943559e-02,6.570483009289686e-03,9.671519547582724e-01,2.521684578745097e-01,-1.106833034042431e-03,8.932884764370436e-04,-2.097346637119889e-04,-1.265039898731360e-07,3.776581601233139e-08,-2.174223941814614e-08,1.721149242285887e-07,2.087482415728081e-04,1.066560559305144e-04,6.072287960394156e-05,nan
4.450000000000000e+03,-3.539758859971703e-02,4.578960257531362e-03,9.655932550582239e-01,2.575960202145001e-01,-1.114577999273475e-03,8.939203472015213e-04,-2.200027483385659e-04,-1.281768186919375e-07,3.961810540622982e-08,-2.213531239197132e-08,1.739222559300406e-07,2.100430740266038e-04,1.068924482654817e-04,6.101795609436271e-05,nan
4.460000000000000e+03,-3.939832326868739e-02,2.537909175872058e-03,9.639741696917958e-01,2.630496746009090e-01,-1.122453605103856e-03,8.945671230960358e-04,-2.303838453970812e-04,-1.297815396932339e-07,4.147488671038422e-08,-2.249004645119145e-08,1.757778080048437e-07,2.113556526881178e-04,1.071470404086325e-04,6.131833734561581e-05,nan
4.470000000000000e+03,-4.338629826486582e-02,4.471328738294833e-04,9.622937160194499e-01,2.685297624185142e-01,-1.130456581944672e-03,8.952262945291344e-04,-2.408726348492539e-04,-1.313142776188568e-07,4.333325993463775e-08,-2.280667650073064e-08,1.776812848644023e-07,2.126851444090211e-04,1.074201306151475e-04,6.162399219715469e-05,nan
4.480000000000000e+03,-4.736098018727626e-02,-1.693523309415386e-03,9.605508913026805e-01,2.740365938193788e-01,-1.138583429952530e-03,8.958951519150959e-04,-2.514638041161481e-04,-1.327711796476358e-07,4.519031797423497e-08,-2.308550242006743e-08,1.796322942320335e-07,2.140306644135108e-04,1.077119839859618e-04,6.193491186827504e-05,nan
4.490000000000000e+03,-5.132182155300147e-02,-3.884171454662054e-03,9.587446738372937e-01,2.795704459223363e-01,-1.146830419723557e-03,8.965707879740987e-04,-2.621520551685390e-04,-1.341484224341100e-07,4.704315782413132e-08,-2.332688802596933e-08,1.816303447292851e-07,2.153912773618977e-04,1.080228303432531e-04,6.225111033419999e-05,nan
4.500000000000000e+03,-5.526826010395962e-02,-6.124880747862467e-03,9.568740241809929e-01,2.851315610531011e-01,-1.155193593346471e-03,8.972501009359697e-04,-2.729321113769788e-04,-1.354422194911588e-07,4.888889198975168e-08,-2.353125988746957e-08,1.836748436577206e-07,2.167659985614748e-04,1.083528621559544e-04,6.257262460994230e-05,nan
4.510000000000000e+03,-5.919971812773947e-02,-8.415677201107507e-03,9.549378864746007e-01,2.907201450300028e-01,-1.163668765834568e-03,8.979297986574417e-04,-2.837987241062649e-04,-1.366488289227512e-07,5.072466005989913e-08,-2.369910599105617e-08,1.857650949944086e-07,2.181537953258987e-04,1.087022325233246e-04,6.289951493989920e-05,nan
4.520000000000000e+03,-6.311560179741427e-02,-1.075654340979225e-02,9.529351898558819e-01,2.963363655003515e-01,-1.172251526957272e-03,8.986064036598406e-04,-2.947466790396137e-04,-1.377645615105295e-07,5.254764040493040e-08,-2.383097425384688e-08,1.879002976198020e-07,2.195535884839537e-04,1.090710532247790e-04,6.323186489138986e-05,nan
4.530000000000000e+03,-6.701530053531922e-02,-1.314741834640238e-02,9.508648499645386e-01,3.019803503324368e-01,-1.180937243492353e-03,8.992762590909690e-04,-3.057708022184403e-04,-1.387857891551693e-07,5.435506196065378e-08,-2.392747088239066e-08,1.900795437970053e-07,2.209642540381379e-04,1.094593928443330e-04,6.356978135062292e-05,nan
4.540000000000000e+03,-7.089818640582207e-02,-1.558819719144289e-02,9.487257705365517e-01,3.076521860681511e-01,-1.189721061920410e-03,8.999355356115998e-04,-3.168659657842228e-04,-1.397089536703979e-07,5.614421605568567e-08,-2.398925857467665e-08,1.923018179216530e-07,2.223846249730712e-04,1.098672749781361e-04,6.391339441987066e-05,nan
4.550000000000000e+03,-7.476361354214360e-02,-1.807873120210665e-02,9.465168450856374e-01,3.133519164412029e-01,-1.198597911583388e-03,9.005802392034486e-04,-3.280270934095102e-04,-1.405305759242087e-07,5.791246823725598e-08,-2.401705456295767e-08,1.945659955616909e-07,2.238134932132343e-04,1.102946765336583e-04,6.426285721493349e-05,nan
4.560000000000000e+03,-7.861091761228163e-02,-2.061882761935484e-02,9.442369586691652e-01,3.190795409658282e-01,-1.207562508328939e-03,9.012062198917845e-04,-3.392491654057299e-04,-1.412472653182009e-07,5.965727004769833e-08,-2.401162849511737e-08,1.968708428062821e-07,2.252496117290175e-04,1.107415261291539e-04,6.461834556230252e-05,nan
4.570000000000000e+03,-8.243941532907771e-02,-2.320824961415069e-02,9.418849897354680e-01,3.248350136008503e-01,-1.216609358662240e-03,9.018091813719646e-04,-3.505272234960368e-04,-1.418557295921105e-07,6.137617070114768e-08,-2.397380015253830e-08,1.992150159428194e-07,2.266916967894930e-04,1.112077026020436e-04,6.498005759577066e-05,nan
4.580000000000000e+03,-8.624840400941623e-02,-2.584671627365386e-02,9.394598120490376e-01,3.306182414938485e-01,-1.225732764426472e-03,9.023846915250744e-04,-3.618563752420734e-04,-1.423527849365130e-07,6.306682860731474e-08,-2.390443700276964e-08,2.015970614806073e-07,2.281384303597268e-04,1.116930336348270e-04,6.534821325259658e-05,nan
4.590000000000000e+03,-9.003716118747737e-02,-2.853390262824020e-02,9.369602966896754e-01,3.364290838100918e-01,-1.234926828032431e-03,9.029281938036561e-04,-3.732317981141339e-04,-1.427353663923776e-07,6.472702268667899e-08,-2.380445158576099e-08,2.040154165391526e-07,2.295884626397970e-04,1.121972945070722e-04,6.572305366970389e-05,nan
4.600000000000000e+03,-9.380494428687029e-02,-3.126943972026216e-02,9.343853141212285e-01,3.422673506507613e-01,-1.244185458256895e-03,9.034350194641009e-04,-3.846487431949248e-04,-1.430005385116854e-07,6.635466341904782e-08,-2.367479873302006e-08,2.064684096181965e-07,2.310404147420235e-04,1.127202069818992e-04,6.610484048078239e-05,nan
4.610000000000000e+03,-9.755099035635047e-02,-3.405291471550779e-02,9.317337363251152e-01,3.481328020648362e-01,-1.253502376628066e-03,9.039004006177680e-04,-3.961025385078141e-04,-1.431455062487099e-07,6.794780356526197e-08,-2.351647261978241e-08,2.089542617655670e-07,2.324928815022027e-04,1.132614383352031e-04,6.649385501556672e-05,nan
4.620000000000000e+03,-1.012745158736750e-01,-3.688387105834644e-02,9.290044389934132e-01,3.540251471588390e-01,-1.262871124414992e-03,9.043194840682175e-04,-4.075885919612469e-04,-1.431676260468416e-07,6.950464849989078e-08,-2.333050365114604e-08,2.114710881576761e-07,2.339444344199139e-04,1.138206005356203e-04,6.689039740297887e-05,nan
4.630000000000000e+03,-1.049747166219740e-01,-3.976180867157210e-02,9.261963037758655e-01,3.599440433084377e-01,-1.272285070236026e-03,9.046873458972372e-04,-4.191023939018391e-04,-1.430644170810622e-07,7.102356609113864e-08,-2.311795518412716e-08,2.140169001059868e-07,2.353936247222046e-04,1.143972495829532e-04,6.729478558025717e-05,nan
4.640000000000000e+03,-1.086507676428103e-01,-4.268618420196091e-02,9.233082205747445e-01,3.658890954756692e-01,-1.281737418299332e-03,9.049990067574664e-04,-4.306395192695714e-04,-1.428335726113796e-07,7.250309606290804e-08,-2.287992008873417e-08,2.165896075010332e-07,2.368389865441825e-04,1.149908850123995e-04,6.770735421062572e-05,nan
4.650000000000000e+03,-1.123018232698663e-01,-4.565641131255779e-02,9.203390898811239e-01,3.718598556353011e-01,-1.291221217286082e-03,9.052494478245571e-04,-4.421956293494992e-04,-1.424729713977832e-07,7.394195877310238e-08,-2.261751715243341e-08,2.191870217036237e-07,2.382790402192639e-04,1.156009495715101e-04,6.812845351250829e-05,nan
4.660000000000000e+03,-1.159270172469338e-01,-4.867186102268781e-02,9.172878251457166e-01,3.778558223135626e-01,-1.300729369884267e-03,9.054336273569295e-04,-4.537664731154786e-04,-1.419806891226060e-07,7.533906334183942e-08,-2.233188733378361e-08,2.218068588906359e-07,2.397122956710102e-04,1.162268290763044e-04,6.855844800374299e-05,nan
4.670000000000000e+03,-1.195254629335936e-01,-5.173186209665541e-02,9.141533551770841e-01,3.838764402421736e-01,-1.310254642978138e-03,9.055464978062823e-04,-4.653478881625923e-04,-1.413550097616734e-07,7.669351506335000e-08,-2.202418987254302e-08,2.244467438603879e-07,2.411372558976976e-04,1.168678524524054e-04,6.899771516470715e-05,nan
4.680000000000000e+03,-1.230962536016529e-01,-5.483570148204862e-02,9.109346265596744e-01,3.899211001302647e-01,-1.319789678495007e-03,9.055830234171745e-04,-4.769358012262556e-04,-1.405944368412947e-07,7.800462203598851e-08,-2.169559826518676e-08,2.271042142999163e-07,2.425524205399579e-04,1.175232919664240e-04,6.944664402471368e-05,nan
4.690000000000000e+03,-1.266384628250602e-01,-5.798262479850202e-02,9.076306060838421e-01,3.959891385564250e-01,-1.329327004907624e-03,9.055381982493063e-04,-4.885262282873783e-04,-1.396977045141253e-07,7.927190094604549e-08,-2.134729611650979e-08,2.297767255136247e-07,2.439562895210452e-04,1.181923636521178e-04,6.990563367649566e-05,nan
4.700000000000000e+03,-1.301511449656452e-01,-6.117183687769565e-02,9.042402831797128e-01,4.020798379827235e-01,-1.338859049386623e-03,9.054070645514887e-04,-5.001152742645008e-04,-1.386637883832132e-07,8.049508194294160e-08,-2.098047287980179e-08,2.324616556097294e-07,2.453473667485151e-04,1.188742279350781e-04,7.037509172403070e-05,nan
4.710000000000000e+03,-1.336333357566382e-01,-6.440250235527363e-02,9.007626723465130e-01,4.081924268921477e-01,-1.348378150593431e-03,9.051847314119044e-04,-5.116991322954513e-04,-1.374919160002390e-07,8.167411254596335e-08,-2.059631949996299e-08,2.351563111376958e-07,2.467241638653640e-04,1.195679904588595e-04,7.085543266939037e-05,nan
4.720000000000000e+03,-1.370840529854864e-01,-6.767374631525774e-02,8.971968155687682e-01,4.143260800504746e-01,-1.357876572099902e-03,9.048663936051067e-04,-5.232740826128589e-04,-1.361815769611076e-07,8.280916052597838e-08,-2.019602397585033e-08,2.378579331665074e-07,2.480852040379744e-04,1.202727031145630e-04,7.134707624471988e-05,nan
4.730000000000000e+03,-1.405022972770538e-01,-7.098465498740969e-02,8.935417847106070e-01,4.204799188931289e-01,-1.367346516416479e-03,9.044473505522713e-04,-5.348364910197484e-04,-1.347325325197336e-07,8.390061570956545e-08,-1.978076686008405e-08,2.405637037901223e-07,2.494290257675513e-04,1.209873652749230e-04,7.185044569583848e-05,nan
4.740000000000000e+03,-1.438870529778108e-01,-7.433427649785626e-02,8.897966838792745e-01,4.266530120371207e-01,-1.376780139606140e-03,9.039230253077037e-04,-5.463828069734574e-04,-1.331448246391208e-07,8.494909065773933e-08,-1.935171671648150e-08,2.432707530429128e-07,2.507541867111308e-04,1.217109252329290e-04,7.236596602432969e-05,nan
4.750000000000000e+03,-1.472372891411393e-01,-7.772162167314343e-02,8.859606517488856e-01,4.328443759176677e-01,-1.386169566456706e-03,9.032889834814252e-04,-5.579095612882758e-04,-1.314187843977459e-07,8.595542017693062e-08,-1.891002555718673e-08,2.459761662042724e-07,2.520592674977056e-04,1.224422818439450e-04,7.289406219533277e-05,nan
4.760000000000000e+03,-1.505519606133710e-01,-8.114566489771825e-02,8.820328638354122e-01,4.390529755485988e-01,-1.395506906179316e-03,9.025409520049037e-04,-5.694133634694212e-04,-1.295550396688626e-07,8.692065962608888e-08,-1.845682428340362e-08,2.486769914679421e-07,2.533428755245321e-04,1.231802863691803e-04,7.343515731854944e-05,nan
4.770000000000000e+03,-1.538300092196621e-01,-8.460534502466541e-02,8.780125347139184e-01,4.452777254051413e-01,-1.404784268596055e-03,9.016748376447956e-04,-5.808908986933474e-04,-1.275545219906860e-07,8.784608199071349e-08,-1.799321815538841e-08,2.513702479480259e-07,2.546036487182988e-04,1.239237445172177e-04,7.398967081026045e-05,nan
4.780000000000000e+03,-1.570703650482676e-01,-8.809956633933567e-02,8.738989201691379e-01,4.515174904271591e-01,-1.413993780774954e-03,9.006867451678226e-04,-5.923389244518181e-04,-1.254184725465586e-07,8.873317370222362e-08,-1.752028231897978e-08,2.540529339901429e-07,2.558402592455361e-04,1.246714186791300e-04,7.455801654437160e-05,nan
4.790000000000000e+03,-1.602719478312543e-01,-9.162719957531215e-02,8.696913192706098e-01,4.577710871404048e-01,-1.423127604065773e-03,8.995729950587858e-04,-6.037542668796816e-04,-1.231484471761522e-07,8.958362918933944e-08,-1.703905741741002e-08,2.567220357527546e-07,2.570514171564292e-04,1.254220303515282e-04,7.514060100069519e-05,nan
4.800000000000000e+03,-1.634336684191268e-01,-9.518708298195470e-02,8.653890763637838e-01,4.640372848928097e-01,-1.432177951485327e-03,8.983301406932342e-04,-6.151338167888674e-04,-1.207463203415660e-07,9.039934415700173e-08,-1.655054531842248e-08,2.593745360204720e-07,2.582358739460944e-04,1.261742627406808e-04,7.573782141881053e-05,nan
4.810000000000000e+03,-1.665544303463117e-01,-9.877802344255572e-02,8.609915829687440e-01,4.703148072023396e-01,-1.441137105396610e-03,8.969549848664151e-04,-6.264745254337481e-04,-1.182142879758464e-07,9.118240759773034e-08,-1.605570498777537e-08,2.620074232081151e-07,2.593924260173843e-04,1.269267635396463e-04,7.635006396592663e-05,nan
4.820000000000000e+03,-1.696331314838877e-01,-1.023987976419272e-01,8.564982795785040e-01,4.766023332124181e-01,-1.449997435421634e-03,8.954445955810330e-04,-6.377734000356275e-04,-1.155548691459937e-07,9.193509255015379e-08,-1.555544854102302e-08,2.646177005115283e-07,2.605199180293947e-04,1.276781478691826e-04,7.697770192719965e-05,nan
4.830000000000000e+03,-1.726686657754129e-01,-1.060481532820258e-01,8.519086573491820e-01,4.828984992504375e-01,-1.458751416523798e-03,8.937963209978672e-04,-6.490274990967349e-04,-1.127709064679174e-07,9.265984562963354e-08,-1.505063750599247e-08,2.672023951586582e-07,2.616172461160789e-04,1.284270013720296e-04,7.762109392692796e-05,nan
4.840000000000000e+03,-1.756599250511652e-01,-1.097248103440056e-01,8.472222596747868e-01,4.892019004843903e-01,-1.467391647191834e-03,8.920078034556405e-04,-6.602339275367254e-04,-1.098655652170634e-07,9.335927536637297e-08,-1.454207932859845e-08,2.697585677122805e-07,2.626833609597302e-04,1.291718834490484e-04,7.828058218895628e-05,nan
4.850000000000000e+03,-1.786058009155995e-01,-1.134274623948766e-01,8.424386836397962e-01,4.955110926722061e-01,-1.475910867653925e-03,8.900769924695732e-04,-6.713898316871562e-04,-1.068423310854951e-07,9.403613939700778e-08,-1.403052415452818e-08,2.722833213739926e-07,2.637172707045536e-04,1.299113306246216e-04,7.895649084446573e-05,nan
4.860000000000000e+03,-1.815051867023102e-01,-1.171547779367372e-01,8.375575813432530e-01,5.018245939979363e-01,-1.484301978047505e-03,8.880021566219063e-04,-6.824923941818892e-04,-1.037050065440831e-07,9.469333056635061e-08,-1.351666191887249e-08,2.747738112377387e-07,2.647180436961526e-04,1.306438600277121e-04,7.964912429511865e-05,nan
4.870000000000000e+03,-1.843569794903167e-01,-1.209054017963474e-01,8.325786610886492e-01,5.081408869885429e-01,-1.492558056467694e-03,8.857818942622431e-04,-6.935388287836440e-04,-1.004577057770271e-07,9.533386200653767e-08,-1.300111977494806e-08,2.772272534402474e-07,2.656848110334661e-04,1.313679729740362e-04,8.035876563924531e-05,nan
4.880000000000000e+03,-1.871600821750246e-01,-1.246779565526096e-01,8.275016884345026e-01,5.144584205046615e-01,-1.500672376815096e-03,8.834151429409152e-04,-7.045263751890679e-04,-9.710484816519718e-08,9.596085127120968e-08,-1.248445989234962e-08,2.796409341553149e-07,2.666167689205153e-04,1.320821586339538e-04,8.108567516842559e-05,nan
4.890000000000000e+03,-1.899134055867824e-01,-1.284710439993436e-01,8.223264871011685e-01,5.207756117984030e-01,-1.508638426362102e-03,8.809011875046303e-04,-7.154522938566547e-04,-9.365115030461983e-08,9.657750361240367e-08,-1.196717765267090e-08,2.820122183789334e-07,2.675131808062718e-04,1.327848977699156e-04,8.183008894142356e-05,nan
4.900000000000000e+03,-1.926158706495627e-01,-1.322832466405647e-01,8.170529397301355e-01,5.270908486309415e-01,-1.516449922955767e-03,8.782396667904595e-04,-7.263138609035522e-04,-9.010161655679043e-08,9.718709449740373e-08,-1.144970026934370e-08,2.843385584528437e-07,2.683733793020076e-04,1.334746665266591e-04,8.259221744197608e-05,nan
4.910000000000000e+03,-1.952664105719163e-01,-1.361131292153176e-01,8.116809884927682e-01,5.334024914424162e-01,-1.524100831774787e-03,8.754305788616124e-04,-7.371083631187707e-04,-8.646152813825005e-08,9.779295147178493e-08,-1.093238585566524e-08,2.866175022751445e-07,2.691967678666384e-04,1.341499402567945e-04,8.337224432643231e-05,nan
4.920000000000000e+03,-1.978639730620425e-01,-1.399592402489656e-01,8.062106355462105e-01,5.397088755664586e-01,-1.531585381558230e-03,8.724742847365610e-04,-7.478330931414689e-04,-8.273643076793919e-08,9.839843548312132e-08,-1.041552296232203e-08,2.888467011482035e-07,2.699828222518166e-04,1.348091973640148e-04,8.417032526667796e-05,nan
4.930000000000000e+03,-2.004075225585079e-01,-1.438201136277152e-01,8.006419433349369e-01,5.460083134815147e-01,-1.538898080224391e-03,8.693715105716591e-04,-7.584853448538350e-04,-7.893212090210608e-08,9.900692178724319e-08,-9.899330602593550e-09,2.910239172162071e-07,2.707310916998653e-04,1.354509231458670e-04,8.498658689317919e-05,nan
4.940000000000000e+03,-2.028960424679229e-01,-1.476942701930389e-01,7.949750347372120e-01,5.522990970910319e-01,-1.546033729799458e-03,8.661233482665477e-04,-7.690624090385766e-04,-7.505463059788950e-08,9.962178056534452e-08,-9.383958779943140e-09,2.931470304472615e-07,2.714411998890296e-04,1.360736136178743e-04,8.582112584233314e-05,nan
4.950000000000000e+03,-2.053285374006754e-01,-1.515802193525660e-01,7.892100930565144e-01,5.585795000245313e-01,-1.552987440577691e-03,8.627312544712044e-04,-7.795615693511505e-04,-7.111021105799896e-08,1.002463573856049e-07,-8.869489528910871e-09,2.952140451180307e-07,2.721128456219969e-04,1.366757793007776e-04,8.667400791163382e-05,nan
4.960000000000000e+03,-2.077040353956730e-01,-1.554764607039394e-01,7.833473618587656e-01,5.648477799515916e-01,-1.559754644437413e-03,8.591970479834105e-04,-7.899800986565415e-04,-6.710531492004591e-08,1.008839536471819e-07,-8.355938476141424e-09,2.972230957623815e-07,2.727458032551316e-04,1.372559489528014e-04,8.754526732545357e-05,nan
4.970000000000000e+03,-2.100215901249506e-01,-1.593814856680828e-01,7.773871446569875e-01,5.711021809008243e-01,-1.566331107240351e-03,8.555229055356051e-04,-8.003152557796999e-04,-6.304657736492310e-08,1.015378071473402e-07,-7.843256924044255e-09,2.991724525494091e-07,2.733399228674109e-04,1.378126732291116e-04,8.843490611350983e-05,nan
4.980000000000000e+03,-2.122802830689396e-01,-1.632937791282899e-01,7.713298044457795e-01,5.773409355760318e-01,-1.572712940245705e-03,8.517113559804841e-04,-8.105642827175698e-04,-5.894079612904753e-08,1.022110729141162e-07,-7.331334455043327e-09,3.010605260604794e-07,2.738951301696125e-04,1.383445282510527e-04,8.934289360334620e-05,nan
4.990000000000000e+03,-2.144792256532002e-01,-1.672118210715274e-01,7.651757630887457e-01,5.835622676619034e-01,-1.578896610474800e-03,8.477652728951816e-04,-8.207244023590071e-04,-5.479491051516220e-08,1.029068044471371e-07,-6.820002049667224e-09,3.028858714395025e-07,2.744114261558524e-04,1.388501190682978e-04,9.026916602740203e-05,nan
5.000000000000000e+03,-2.166175613374699e-01,-1.711340882283611e-01,7.589255005627424e-01,5.897643941117894e-01,-1.584878949967086e-03,8.436878656343339e-04,-8.307928167568081e-04,-5.061597950562939e-08,1.036279355080465e-07,-6.309035706917222e-09,3.046471918954806e-07,2.748888865011331e-04,1.393280829977434e-04,9.121362624449429e-05,nan
5.010000000000000e+03,-2.186944676479840e-01,-1.750590557079282e-01,7.525795540634688e-01,5.959455274103868e-01,-1.590657163873832e-03,8.394826688727339e-04,-8.407667059934822e-04,-4.641115909058547e-08,1.043772625993900e-07,-5.798160550475893e-09,3.063433415414218e-07,2.753276607100759e-04,1.397770928237896e-04,9.217614357479902e-05,nan
5.020000000000000e+03,-2.207091581441703e-01,-1.789851986244317e-01,7.461385169776038e-01,6.021038778044255e-01,-1.596228837341841e-03,8.351535306884391e-04,-8.506432276794046e-04,-4.218767893094192e-08,1.051574282668023e-07,-5.287055399450388e-09,3.079733275588978e-07,2.757279710234960e-04,1.401958598455966e-04,9.315655374668826e-05,nan
5.030000000000000e+03,-2.226608843110402e-01,-1.829109937116868e-01,7.396030377272734e-01,6.082376554948060e-01,-1.601591941145882e-03,8.307045992471112e-04,-8.604195171184672e-04,-3.795281848282664e-08,1.059709053539079e-07,-4.775357777528340e-09,3.095363116827798e-07,2.760901110909053e-04,1.405831367579659e-04,9.415465895307393e-05,nan
5.040000000000000e+03,-2.245489373688290e-01,-1.868349209223364e-01,7.329738184931816e-01,6.143450727840167e-01,-1.606744836035426e-03,8.261403081578538e-04,-8.700926881724047e-04,-3.371388271565076e-08,1.068199823325928e-07,-4.262669329731393e-09,3.110316110059870e-07,2.764144444183816e-04,1.409377203536468e-04,9.517022801425074e-05,nan
5.050000000000000e+03,-2.263726499917579e-01,-1.907554650084347e-01,7.262516138232555e-01,6.204243461730381e-01,-1.611686275768331e-03,8.214653605798525e-04,-8.796598348506186e-04,-2.947817756047143e-08,1.077067498232139e-07,-3.748561611435149e-09,3.124586981093027e-07,2.767014026025121e-04,1.412584540361367e-04,9.620299664357961e-05,nan
5.060000000000000e+03,-2.281313979281231e-01,-1.946711170802126e-01,7.194372291340689e-01,6.264736984024116e-01,-1.616415408811539e-03,8.166847121675620e-04,-8.891180336475391e-04,-2.525298522860971e-08,1.086330884100385e-07,-3.232582210042988e-09,3.138172005264604e-07,2.769514833623089e-04,1.415442301333630e-04,9.725266781177719e-05,nan
5.070000000000000e+03,-2.298246015143075e-01,-1.985803761399493e-01,7.125315191127000e-01,6.324913604325786e-01,-1.620931778696483e-03,8.118035529500007e-04,-8.984643466443934e-04,-2.104553954260408e-08,1.096006578467787e-07,-2.714261155717295e-09,3.151068995596546e-07,2.771652483820526e-04,1.417939920040479e-04,9.831891220502768e-05,nan
5.080000000000000e+03,-2.314517270757470e-01,-2.024817505880101e-01,7.055353860269979e-01,6.384755733590783e-01,-1.625235323024558e-03,8.068272882467806e-04,-9.076958253867826e-04,-1.686300142243984e-08,1.106108877356612e-07,-2.193117573933292e-09,3.163277284653686e-07,2.773433209789880e-04,1.420067359300072e-04,9.940136877165158e-05,nan
5.090000000000000e+03,-2.330122882083357e-01,-2.063737596982337e-01,6.984497779524672e-01,6.444245902586899e-01,-1.629326371125900e-03,8.017615187297797e-04,-9.168095155436554e-04,-1.271243466961883e-08,1.116649697511562e-07,-1.668666529381817e-09,3.174797700348631e-07,2.774863836106244e-04,1.421815127891190e-04,1.004996453516375e-04,nan
5.100000000000000e+03,-2.345058469342707e-01,-2.102549350600061e-01,6.912756869241763e-01,6.503366779630849e-01,-1.633205640382466e-03,7.966120197448001e-04,-9.258024623472021e-04,-8.600782190024536e-09,1.127638514664031e-07,-1.140426007954631e-09,3.185632535978063e-07,2.775951752371028e-04,1.423174295052298e-04,1.016133193829811e-04,nan
5.110000000000000e+03,-2.359320147268575e-01,-2.141238219844956e-01,6.840141470222127e-01,6.562101187570584e-01,-1.636874231234192e-03,7.913847200120357e-04,-9.346717168069779e-04,-4.534842793705040e-09,1.139082318266984e-07,-6.079239812396272e-10,3.195785514812644e-07,2.776704885546542e-04,1.424136502727714e-04,1.027419386784728e-04,nan
5.120000000000000e+03,-2.372904533993701e-01,-2.179789808726703e-01,6.766662323992574e-01,6.620432119989055e-01,-1.640333620894605e-03,7.860856798277736e-04,-9.434143426850861e-04,-5.212487056664237e-10,1.150985583002659e-07,-7.070549616760396e-11,3.205261749596327e-07,2.777131671166129e-04,1.424693975553900e-04,1.038850222663461e-04,nan
5.130000000000000e+03,-2.385808758536344e-01,-2.218189885428720e-01,6.692330552588480e-01,6.678342756609890e-01,-1.643585655809697e-03,7.807210688923032e-04,-9.520274242127996e-04,3.433556083378090e-09,1.163350257220969e-07,4.716602687790825e-10,3.214067697339766e-07,2.777241023587332e-04,1.424839528593782e-04,1.050420612880334e-04,nan
5.140000000000000e+03,-2.398030466846196e-01,-2.256424395158666e-01,6.617157637928244e-01,6.735816477890278e-01,-1.646632542901066e-03,7.752971438905970e-04,-9.605080745224171e-04,7.323336503608767e-09,1.176175768320787e-07,1.019573040046835e-09,3.222211109817151e-07,2.777042305457156e-04,1.424566572841624e-04,1.062125199461821e-04,nan
5.150000000000000e+03,-2.409567826379442e-01,-2.294479472554225e-01,6.541155400863334e-01,6.792836878790832e-01,-1.649476839641173e-03,7.698202259528782e-04,-9.688534447616455e-04,1.114208601459018e-08,1.189459044940874e-07,1.573394637500302e-09,3.229700980195291e-07,2.776545296558635e-04,1.423869118535053e-04,1.073958364960469e-04,nan
5.160000000000000e+03,-2.420419529178418e-01,-2.332341453626322e-01,6.464335979985767e-01,6.849387781716658e-01,-1.652121443015027e-03,7.642966781217489e-04,-9.770607338513333e-04,1.488404502836998e-08,1.203194555683624e-07,2.133442373716652e-09,3.236547486238520e-07,2.775760162206525e-04,1.422741776324321e-04,1.085914242734227e-04,nan
5.170000000000000e+03,-2.430584793437814e-01,-2.369996887222930e-01,6.386711810272668e-01,6.905453248627936e-01,-1.654569577428792e-03,7.587328829510738e-04,-9.851271988411375e-04,1.854371804889931e-08,1.217374363954894e-07,2.699982721757886e-09,3.242761930543182e-07,2.774697421357766e-04,1.421179756361656e-04,1.097986727523650e-04,nan
5.180000000000000e+03,-2.440063363545998e-01,-2.407432545998228e-01,6.308295601644621e-01,6.961017592322276e-01,-1.656824781631285e-03,7.531352203594012e-04,-9.930501658116007e-04,2.211588943923377e-08,1.231988198367755e-07,3.273225307385059e-09,3.248356678260095e-07,2.773367914598201e-04,1.419178865385406e-04,1.110169486261181e-04,nan
5.190000000000000e+03,-2.448855508596466e-01,-2.444635436872767e-01,6.229100317511604e-01,7.016065386894530e-01,-1.658890894719578e-03,7.475100458572738e-04,-1.000827041265310e-03,2.559563773832046e-08,1.247023538029601e-07,3.853317279392929e-09,3.253345092764192e-07,2.771782772162478e-04,1.416735501884713e-04,1.122455969048753e-04,nan
5.200000000000000e+03,-2.456962019371299e-01,-2.481592810971639e-01,6.149139153376508e-01,7.070581477383091e-01,-1.660772041304406e-03,7.418636692635072e-04,-1.008455323944399e-03,2.897834846007097e-08,1.262465711910572e-07,4.440338108910178e-09,3.257741469726166e-07,2.769953382137750e-04,1.413846649440429e-04,1.134839420242588e-04,nan
5.210000000000000e+03,-2.464384203804739e-01,-2.518292173028502e-01,6.068425515562549e-01,7.124550988614685e-01,-1.662472615915107e-03,7.362023340203306e-04,-1.015932617006545e-03,3.225972531869768e-08,1.278298011379432e-07,5.034294865154560e-09,3.261560970032593e-07,2.767891358995000e-04,1.410509868346767e-04,1.147312889587272e-04,nan
5.220000000000000e+03,-2.471123880941800e-01,-2.554721290244365e-01,5.986973000126866e-01,7.177959333262013e-01,-1.663997266727234e-03,7.305321972112955e-04,-1.023256640486992e-03,3.543579983585788e-08,1.294501814890526e-07,5.635118011289520e-09,3.264819551988649e-07,2.765608512583793e-04,1.406723285626163e-04,1.159869243344555e-04,nan
5.230000000000000e+03,-2.477183373412970e-01,-2.590868200590803e-01,5.904795372018127e-01,7.230792219131114e-01,-1.665350878698784e-03,7.248593103791753e-04,-1.030425243970118e-03,3.850293929690641e-08,1.311056723714245e-07,6.242657759746725e-09,3.267533903221650e-07,2.763116817717660e-04,1.402485583556225e-04,1.172501175366311e-04,nan
5.240000000000000e+03,-2.482565498452535e-01,-2.626721220548106e-01,5.821906544531873e-01,7.283035655696899e-01,-1.666538556203124e-03,7.191896012336525e-04,-1.037436419390330e-03,4.145785303535203e-08,1.327940707523691e-07,6.856681021696903e-09,3.269721372684126e-07,2.760428384467919e-04,1.397795986833293e-04,1.185201218065121e-04,nan
5.250000000000000e+03,-2.487273557493994e-01,-2.662268952269502e-01,5.738320559112540e-01,7.334675959907117e-01,-1.667565605248252e-03,7.135288563306394e-04,-1.044288313879287e-03,4.429759703638112e-08,1.345130258582813e-07,7.476868980330324e-09,3.271399903133311e-07,2.757555429273897e-04,1.392654248501230e-04,1.197961753240415e-04,nan
5.260000000000000e+03,-2.491311324382086e-01,-2.697500290163193e-01,5.654051565546884e-01,7.385699761275968e-01,-1.668437515372953e-03,7.078827047965686e-04,-1.050979242573990e-03,4.701957686190331e-08,1.362600553226721e-07,8.102815312297045e-09,3.272587964439183e-07,2.754510246967162e-04,1.387060634777291e-04,1.210775022722526e-04,nan
5.270000000000000e+03,-2.494683032246574e-01,-2.732404426884619e-01,5.569113802588864e-01,7.436094006289632e-01,-1.669159941310644e-03,7.022566031620654e-04,-1.057507701298603e-03,4.962154891091846e-08,1.380325619283101e-07,8.734025076119662e-09,3.273304488046727e-07,2.751305183796694e-04,1.381015908908799e-04,1.223633138801790e-04,nan
5.280000000000000e+03,-2.497393359088472e-01,-2.766970858731663e-01,5.483521579051734e-01,7.485845962146465e-01,-1.669738684511381e-03,6.966558213601608e-04,-1.063872379031912e-03,5.210162003999521e-08,1.398278508055346e-07,9.369914280689017e-09,3.273568802889905e-07,2.747952611531113e-04,1.374521314195204e-04,1.236528094414369e-04,nan
5.290000000000000e+03,-2.499447412134554e-01,-2.801189390436165e-01,5.397289255398862e-01,7.534943219854929e-01,-1.670179674611543e-03,6.910854299346736e-04,-1.070072170071963e-03,5.445824557919059e-08,1.416431469472756e-07,1.000981014114670e-08,3.273400573025628e-07,2.744464902703114e-04,1.367578556309818e-04,1.249451773061265e-04,nan
5.300000000000000e+03,-2.500850711021011e-01,-2.835050139345329e-01,5.310431225860468e-01,7.583373696712423e-01,-1.670488950939189e-03,6.855502884947206e-04,-1.076106185809807e-03,5.669022578877544e-08,1.434756129010672e-07,1.065295202361606e-08,3.272819737226039e-07,2.740854407050320e-04,1.360189785054360e-04,1.262395958441525e-04,nan
5.310000000000000e+03,-2.501609169871664e-01,-2.868543538987251e-01,5.222961901099815e-01,7.631125638187876e-01,-1.670672644140947e-03,6.800550354415446e-04,-1.081973766025407e-03,5.879670081154606e-08,1.453223664994065e-07,1.129849307442235e-08,3.271846450737001e-07,2.737133429195892e-04,1.352357575677071e-04,1.275352343785236e-04,nan
5.320000000000000e+03,-2.501729078340549e-01,-2.901660342014964e-01,5.134895691448418e-01,7.678187619230689e-01,-1.670736958013710e-03,6.746040789841230e-04,-1.087674489620509e-03,6.077714418428273e-08,1.471804984920430e-07,1.194550252371368e-08,3.270501029380716e-07,2.733314207601676e-04,1.344084909882212e-04,1.288312540876185e-04,nan
5.330000000000000e+03,-2.501217081692693e-01,-2.934391622523913e-01,5.046246990726442e-01,7.724548545028022e-01,-1.670688151621250e-03,6.692015894503456e-04,-1.093208184705771e-03,6.263135497997108e-08,1.490470899472331e-07,1.259296864781138e-08,3.268803896150368e-07,2.729408894816303e-04,1.335375156654732e-04,1.301268088758227e-04,nan
5.340000000000000e+03,-2.500080160000417e-01,-2.966728777738250e-01,4.957030160661319e-01,7.770197651231662e-01,-1.670532521772265e-03,6.638514928911005e-04,-1.098574937962548e-03,6.435944865969243e-08,1.509192292934998e-07,1.323980236923958e-08,3.266775530415710e-07,2.725429539030603e-04,1.326232053019277e-04,1.314210462123428e-04,nan
5.350000000000000e+03,-2.498325606536008e-01,-2.998663529061631e-01,4.867259515914583e-01,7.815124503674978e-01,-1.670276385932358e-03,6.585574659653877e-04,-1.103775103203551e-03,6.596184671960235e-08,1.527940288789961e-07,1.388484146827082e-08,3.264436419830580e-07,2.721388066943341e-04,1.316659684847476e-04,1.327131079383617e-04,nan
5.360000000000000e+03,-2.495961005444331e-01,-3.030187922488847e-01,4.776949309724263e-01,7.859318997599534e-01,-1.669926065638026e-03,6.533229320856870e-04,-1.108809309060872e-03,6.743926522408653e-08,1.546686409320351e-07,1.452685537501572e-08,3.261807015006422e-07,2.717296267931026e-04,1.306662467821506e-04,1.340021310430466e-04,nan
5.370000000000000e+03,-2.492994208781608e-01,-3.061294328375103e-01,4.686113720167868e-01,7.902771356409996e-01,-1.669487870475948e-03,6.481510587943210e-04,-1.113678465734903e-03,6.879270232102865e-08,1.565402728136724e-07,1.516455050663720e-08,3.258907686990709e-07,2.713165779507213e-04,1.296245128655655e-04,1.352872484092298e-04,nan
5.380000000000000e+03,-2.489433313008746e-01,-3.091975440560411e-01,4.594766837048913e-01,7.945472129974978e-01,-1.668968082685827e-03,6.430447563335243e-04,-1.118383770742993e-03,7.002342483910627e-08,1.584062014612818e-07,1.579657611021534e-08,3.255758687565495e-07,2.709008074048643e-04,1.285412686670922e-04,1.365675895298666e-04,nan
5.390000000000000e+03,-2.485286635029310e-01,-3.122224274847121e-01,4.502922649408134e-01,7.987412192490588e-01,-1.668372942439688e-03,6.380066773644086e-04,-1.122926713612678e-03,7.113295407017453e-08,1.602637869307658e-07,1.642153056816876e-08,3.252380112359545e-07,2.704834446758466e-04,1.274170435810580e-04,1.378422811966158e-04,nan
5.400000000000000e+03,-2.480562687863677e-01,-3.152034166829633e-01,4.410595033659089e-01,8.028582739922342e-01,-1.667708633845012e-03,6.330392177830740e-04,-1.127309079470581e-03,7.212305084207866e-08,1.621104849542547e-07,1.703796811997243e-08,3.248791866747446e-07,2.700656004829861e-04,1.262523927177498e-04,1.391104481621216e-04,nan
5.410000000000000e+03,-2.475270156051886e-01,-3.181398769075856e-01,4.317797742346540e-01,8.068975287040395e-01,-1.666981271713369e-03,6.281445185757342e-04,-1.131532951484699e-03,7.299569998870923e-08,1.639438584398225e-07,1.764440595123610e-08,3.245013634491121e-07,2.696483657767617e-04,1.250478952166533e-04,1.403712137777471e-04,nan
5.420000000000000e+03,-2.469417870878248e-01,-3.210312047661165e-01,4.224544393525150e-01,8.108581664062091e-01,-1.666196889130363e-03,6.233244686490669e-04,-1.135600712124793e-03,7.375309432475444e-08,1.657615878496984e-07,1.823933159902057e-08,3.241064849062995e-07,2.692328108819656e-04,1.238041526257853e-04,1.416237006086799e-04,nan
5.430000000000000e+03,-2.463014785511036e-01,-3.238768278056487e-01,4.130848460755197e-01,8.147394012915141e-01,-1.665361425856858e-03,6.185807085669131e-04,-1.139515043212658e-03,7.439761823248273e-08,1.675614804036492e-07,1.882121062059657e-08,3.236964667576036e-07,2.688199847465931e-04,1.225217873529624e-04,1.428670310284555e-04,nan
5.440000000000000e+03,-2.456069950150383e-01,-3.266762040373274e-01,4.036723263711594e-01,8.185404783134074e-01,-1.664480717585435e-03,6.139146351201307e-04,-1.143278924741452e-03,7.493183096700459e-08,1.693414780644987e-07,1.938849447168583e-08,3.232731947233446e-07,2.684109142907948e-04,1.212014411940981e-04,1.441003277950402e-04,nan
5.450000000000000e+03,-2.448592487276901e-01,-3.294288213969319e-01,3.942181959402143e-01,8.222606727402098e-01,-1.663560486070159e-03,6.093274066527446e-04,-1.146895632450564e-03,7.535844978488183e-08,1.710996642730567e-07,1.993962853956662e-08,3.228385224200533e-07,2.680066038498858e-04,1.198437739428938e-04,1.453227146107045e-04,nan
5.460000000000000e+03,-2.440591567092702e-01,-3.321341971420612e-01,3.847237533990872e-01,8.258992896750044e-01,-1.662606330141844e-03,6.048199490646152e-04,-1.150368734149971e-03,7.568033299869392e-08,1.728342694099454e-07,2.047306027626667e-08,3.223942694792439e-07,2.676080347051124e-04,1.184494620855710e-04,1.465333166679537e-04,nan
5.470000000000000e+03,-2.432076383245100e-01,-3.347918771865799e-01,3.751902795222313e-01,8.294556635423803e-01,-1.661623717615203e-03,6.003929624086048e-04,-1.153702084795387e-03,7.590046305730260e-08,1.745436749718731e-07,2.098724737739246e-08,3.219422198864481e-07,2.672161646956613e-04,1.170191975835935e-04,1.477312611838311e-04,nan
5.480000000000000e+03,-2.423056128921707e-01,-3.374014353731183e-01,3.656190365442787e-01,8.329291575431506e-01,-1.660617978088633e-03,5.960469279986994e-04,-1.156899820322787e-03,7.602192974811571e-08,1.762264164596915e-07,2.148066595292964e-08,3.214841205286238e-07,2.668319279052341e-04,1.155536867466541e-04,1.489156779249064e-04,nan
5.490000000000000e+03,-2.413539973403676e-01,-3.399624726845747e-01,3.560112675215015e-01,8.363191630781573e-01,-1.659594296631867e-03,5.917821159447279e-04,-1.159966350257958e-03,7.604791361369239e-08,1.778811849850377e-07,2.195181863757658e-08,3.210216799376384e-07,2.664562344163797e-04,1.140536491975564e-04,1.500856997252664e-04,nan
5.500000000000000e+03,-2.403537039161444e-01,-3.424746163957118e-01,3.463681957522850e-01,8.396250991422942e-01,-1.658557708351468e-03,5.875985930291433e-04,-1.162906349123677e-03,7.598166967061246e-08,1.795068276114377e-07,2.239924258980523e-08,3.205565672172452e-07,2.660899701257365e-04,1.125198169299970e-04,1.512404629998030e-04,nan
5.510000000000000e+03,-2.393056379574882e-01,-3.449375191661041e-01,3.366910242563232e-01,8.428464116898887e-01,-1.657513093819004e-03,5.834962308418223e-04,-1.165724746673658e-03,7.582651151371510e-08,1.811023464543485e-07,2.282151733085518e-08,3.200904111407846e-07,2.657339966132998e-04,1.109529334596691e-04,1.523791082550594e-04,nan
5.520000000000000e+03,-2.382106957356797e-01,-3.473508580758513e-01,3.269809353123128e-01,8.459825729726225e-01,-1.656465175341987e-03,5.794747140899607e-04,-1.168426716988765e-03,7.558579588362973e-08,1.826668965727257e-07,2.321727237721268e-08,3.196247994067653e-07,2.653891510588653e-04,1.093537530685473e-04,1.535007805998537e-04,nan
5.530000000000000e+03,-2.370697623755583e-01,-3.497143336056406e-01,3.172390900539648e-01,8.490330808512065e-01,-1.655418514053036e-03,5.755335490018351e-04,-1.171017666476877e-03,7.526290777006252e-08,1.841997826922467e-07,2.358519462277471e-08,3.191612780394821e-07,2.650562461988629e-04,1.077230401416862e-04,1.546046302578533e-04,nan
5.540000000000000e+03,-2.358837098609533e-01,-3.520276685629020e-01,3.074666281242113e-01,8.519974580820822e-01,-1.654377507788578e-03,5.716720717454587e-04,-1.173503220823343e-03,7.486124611759494e-08,1.857004548072833e-07,2.392403542980486e-08,3.187013509219127e-07,2.647360703168959e-04,1.060615685953785e-04,1.556898130842116e-04,nan
5.550000000000000e+03,-2.346533951321621e-01,-3.542906069559726e-01,2.976646673875415e-01,8.548752515804762e-01,-1.653346389724309e-03,5.678894567859242e-04,-1.175889210944063e-03,7.438421019486257e-08,1.871685027150680e-07,2.423261739090704e-08,3.182464794482394e-07,2.644293872614294e-04,1.043701213950410e-04,1.567554910883135e-04,nan
5.560000000000000e+03,-2.333796582819837e-01,-3.565029128183473e-01,2.878343037004490e-01,8.576660316612149e-01,-1.652329227731188e-03,5.641847251084871e-04,-1.178181657997879e-03,7.383518668196756e-08,1.886036495412171e-07,2.450984072754198e-08,3.177980822835571e-07,2.641369364842472e-04,1.026494901607773e-04,1.578008329646207e-04,nan
5.570000000000000e+03,-2.320633208564206e-01,-3.586643689852668e-01,2.779766107400261e-01,8.603693912587653e-01,-1.651329924412322e-03,5.605567522380888e-04,-1.180386757519118e-03,7.321753752488210e-08,1.900057443208471e-07,2.475468929403160e-08,3.173575352185110e-07,2.638594330934711e-04,1.009004748581633e-04,1.588250146335279e-04,nan
5.580000000000000e+03,-2.307051842657431e-01,-3.607747758250496e-01,2.680926398907790e-01,8.629849451280641e-01,-1.650352217778258e-03,5.570042759901221e-04,-1.182510862734821e-03,7.253458859946918e-08,1.913747537039576e-07,2.496623615951146e-08,3.169261711068699e-07,2.635975679151594e-04,9.912388357141583e-05,1.598272197940822e-04,nan
5.590000000000000e+03,-2.293060283111927e-01,-3.628339499277405e-01,2.581834201897829e-01,8.655123290277768e-01,-1.649399682515564e-03,5.535259038916122e-04,-1.184560467134337e-03,7.178961922163840e-08,1.927107528575482e-07,2.514364874384709e-08,3.165052798742901e-07,2.633520075577292e-04,9.732053235577135e-05,1.608066404903375e-04,nan
5.600000000000000e+03,-2.278666098321664e-01,-3.648417227538039e-01,2.482499583303256e-01,8.679511988877160e-01,-1.648475731801359e-03,5.501201202167131e-04,-1.186542186361723e-03,7.098585253409549e-08,1.940139156401028e-07,2.528619348709377e-08,3.160961085867994e-07,2.631233944737047e-04,9.549124516557411e-05,1.617624776930497e-04,nan
5.610000000000000e+03,-2.263876614782746e-01,-3.667979392457459e-01,2.382932387242131e-01,8.703012299622456e-01,-1.647583619614608e-03,5.467852925853724e-04,-1.188462739503448e-03,7.012644679418250e-08,1.952845041266304e-07,2.539324003560990e-08,3.156998615678169e-07,2.629123470135537e-04,9.363685385427740e-05,1.626939418983492e-04,nan
5.620000000000000e+03,-2.248698906102242e-01,-3.687024564056920e-01,2.283142236229230e-01,8.725621159715889e-01,-1.646726443493385e-03,5.435196780791892e-04,-1.190328929845723e-03,6.921448758147680e-08,1.965228575644178e-07,2.546426493139903e-08,3.153177005527982e-07,2.627194594666662e-04,9.175819824228129e-05,1.636002537449454e-04,nan
5.630000000000000e+03,-2.233139783330202e-01,-3.705551418420933e-01,2.183138532978110e-01,8.747335682330520e-01,-1.645907147686236e-03,5.403214288338218e-04,-1.192147625176888e-03,6.825298093814409e-08,1.977293808410630e-07,2.549885479461977e-08,3.149507448708892e-07,2.625453020848197e-04,8.985612624828508e-05,1.644806446513521e-04,nan
5.640000000000000e+03,-2.217205786645280e-01,-3.723558722888758e-01,2.082930462795631e-01,8.768153147842693e-01,-1.645128526644776e-03,5.371885970727813e-04,-1.193925737711150e-03,6.724484744956167e-08,1.989045325472263e-07,2.549670899243704e-08,3.146000716432476e-07,2.623904210837785e-04,8.793149407958330e-05,1.653343574745467e-04,nan
5.650000000000000e+03,-2.200903178419821e-01,-3.741045321004691e-01,1.982526996570844e-01,8.788070995006710e-01,-1.644393228804262e-03,5.341191395529793e-04,-1.195670203710193e-03,6.619291726745683e-08,2.000488127169223e-07,2.545764179047217e-08,3.142667159879828e-07,2.622553386190044e-04,8.598516647652610e-05,1.661606471913898e-04,nan
5.660000000000000e+03,-2.184237937685740e-01,-3.758010117262814e-01,1.881936894359933e-01,8.807086812094654e-01,-1.643703760598550e-03,5.311109213980360e-04,-1.197387962879205e-03,6.509992607276556e-08,2.011627503281048e-07,2.538158398601182e-08,3.139516712219378e-07,2.621405527317665e-04,8.401801700614731e-05,1.669587816040596e-04,nan
5.670000000000000e+03,-2.167215756018059e-01,-3.774452061683077e-01,1.781168709568633e-01,8.825198328025102e-01,-1.643062490656049e-03,5.281617193009541e-04,-1.199085937613292e-03,6.396851197062581e-08,2.022468906457874e-07,2.526858402484746e-08,3.136558890498446e-07,2.620465372622852e-04,8.203092839979069e-05,1.677280420706656e-04,nan
5.680000000000000e+03,-2.149842034848453e-01,-3.790370134256634e-01,1.680230793733078e-01,8.842403403505471e-01,-1.642471654123540e-03,5.252692240833866e-04,-1.200771012169553e-03,6.280121330538006e-08,2.033017824890822e-07,2.511880860611847e-08,3.133802797316507e-07,2.619737417268856e-04,8.002479292936544e-05,1.684677242621091e-04,nan
5.690000000000000e+03,-2.132121884216864e-01,-3.805763329299473e-01,1.579131301899714e-01,8.858700022213385e-01,-1.641933357065482e-03,5.224310426043149e-04,-1.202450011838879e-03,6.160046737919232e-08,2.043279655023101e-07,2.493254278181236e-08,3.131257122191425e-07,2.619225911564817e-04,7.800051281671723e-05,1.691771389461648e-04,nan
5.700000000000000e+03,-2.114060122964833e-01,-3.820630639754308e-01,1.477878198604153e-01,8.874086282043411e-01,-1.641449580887287e-03,5.196446990164288e-04,-1.204129682190142e-03,6.036861005387928e-08,2.053259575088332e-07,2.471018955963275e-08,3.128930142532908e-07,2.618934858940824e-04,7.595900067043260e-05,1.698556127996463e-04,nan
