t,qw,qx,qy,qz,wx,wy,wz,tau_x,tau_y,tau_z,energy,hx,hy,hz,pointing_error_deg
0.000000000000000e+00,1.000000000000000e+00,0.000000000000000e+00,0.000000000000000e+00,0.000000000000000e+00,0.000000000000000e+00,0.000000000000000e+00,0.000000000000000e+00,2.000000000000000e-03,2.000000000000000e-03,2.000000000000000e-03,0.000000000000000e+00,0.000000000000000e+00,0.000000000000000e+00,0.000000000000000e+00,5.999999999999999e+01
5.000000000000000e-01,9.999972951944112e-01,6.762073883172007e-04,8.672596432238374e-04,2.049440933787204e-03,5.413909963612686e-03,6.931712840726789e-03,1.639764698897052e-02,2.000000000000000e-03,2.000000000000000e-03,2.000000000000000e-03,1.437164245709231e-05,9.992109694666623e-04,1.000914643404798e-03,9.998730593407446e-04,5.976240516723782e+01
1.000000000000000e+00,9.999567134876819e-01,2.711194434625465e-03,3.459436839357106e-03,8.200784865256664e-03,1.087865312666147e-02,1.378670141967178e-02,3.282050326043510e-02,2.000000000000000e-03,2.000000000000000e-03,2.000000000000000e-03,5.748634272085948e-05,1.993649180568221e-03,2.007292271617433e-03,1.999016024919759e-03,5.905096865021670e+01
1.500000000000000e+00,9.997817022648774e-01,6.123588834768190e-03,7.747643538668416e-03,1.841259068476138e-02,1.644320831551321e-02,2.048792268379766e-02,4.815644683150831e-02,2.000000000000000e-03,2.000000000000000e-03,1.480775916421410e-03,1.259632478163291e-04,2.977396054693008e-03,3.025194690896992e-03,2.927496211521099e-03,5.787313909447272e+01
2.000000000000000e+00,9.993437008016334e-01,1.093334400962280e-02,1.369271326755349e-02,3.170393130568350e-02,2.213317133230976e-02,2.698901922125580e-02,5.725242852034666e-02,2.000000000000000e-03,2.000000000000000e-03,7.540675482473800e-04,1.977331006172310e-04,3.937764983223820e-03,4.065079720514056e-03,3.469334098144571e-03,5.629936744295790e+01
2.500000000000000e+00,9.985390547078122e-01,1.714724259470778e-02,2.126143454420619e-02,4.662273796925212e-02,2.794327985808156e-02,3.328866009271521e-02,6.163297645379245e-02,2.000000000000000e-03,2.000000000000000e-03,2.870547800583340e-04,2.678702248787124e-04,4.865176295478491e-03,5.133715025278903e-03,3.716422223278015e-03,5.442750220611587e+01
3.000000000000000e+00,9.972921684966770e-01,2.476152663282785e-02,3.040757770706915e-02,6.221395881951058e-02,3.385768697188402e-02,3.901866456492058e-02,6.304542971225756e-02,2.000000000000000e-03,1.670850211014623e-03,-1.241447525990530e-05,3.368827190663055e-04,5.759930322988351e-03,6.179612196649443e-03,3.772107034627944e-03,5.232011845777988e+01
3.500000000000000e+00,9.955535351468288e-01,3.377681966905008e-02,4.085311102728495e-02,7.786724875766869e-02,3.982221294061068e-02,4.305724450546856e-02,6.260886409491247e-02,1.911867672421580e-03,1.245107861353447e-03,-2.045432926038719e-04,3.997260242689298e-04,6.639742762749214e-03,7.040899619235316e-03,3.693602716727060e-03,5.003008636814755e+01
4.000000000000000e+00,9.932991010928687e-01,4.411144081752215e-02,5.221463226639524e-02,9.319178469364320e-02,4.499384685202085e-02,4.562772363185381e-02,6.102555254369202e-02,1.466260522440838e-03,8.999890434412622e-04,-3.275573347921346e-04,4.507428992701440e-04,7.364497457675975e-03,7.720091444951412e-03,3.532497042275190e-03,4.760804106547579e+01
4.500000000000000e+00,9.905306259802709e-01,5.549466318810845e-02,6.416731712560321e-02,1.079443225263535e-01,4.903024632473569e-02,4.703679405325446e-02,5.873411320441126e-02,1.066490926211783e-03,6.214743181288014e-04,-4.046449392132124e-04,4.868796168268517e-04,7.882691822592082e-03,8.233777195057614e-03,3.325308436372715e-03,4.510485875790875e+01
5.000000000000000e+00,9.872692932952281e-01,6.765392113081962e-02,7.644920604961797e-02,1.219746218126908e-01,5.203214625477488e-02,4.754081518569794e-02,5.601724402713137e-02,7.109054212142587e-04,3.973447849314341e-04,-4.505393604395656e-04,5.088655530382838e-04,8.221238909310192e-03,8.604685669512946e-03,3.093824955488007e-03,4.256241570394191e+01
5.500000000000000e+00,9.835510195938286e-01,8.034437597959998e-02,8.885200381308347e-02,1.351942843569533e-01,5.410194814936808e-02,4.734864778323085e-02,5.306068256425744e-02,3.974721732139834e-04,2.173983457979278e-04,-4.748252918962679e-04,5.180366226234861e-04,8.405088761639532e-03,8.851821344874533e-03,2.853276919788815e-03,4.001421546066744e+01
6.000000000000000e+00,9.794228149775094e-01,9.334862564304629e-02,1.012113676478023e-01,1.475575909634858e-01,5.534140921513655e-02,4.662854227428905e-02,4.998871522120447e-02,1.238631907276092e-04,7.324133624627771e-05,-4.838642132761342e-04,5.160566146290863e-04,8.457221186596984e-03,8.991316221042362e-03,2.614292285549690e-03,3.748725357097601e+01
6.500000000000000e+00,9.749394775084914e-01,1.064760398102079e-01,1.133987865022387e-01,1.590489967325307e-01,5.584968984316555e-02,4.551476647682192e-02,4.688618560125182e-02,-1.124548289248438e-04,-4.195719490219900e-05,-4.819913263495361e-04,5.047282315037675e-04,8.398658586323677e-03,9.037089649800623e-03,2.384166387039848e-03,3.500331918691857e+01
7.000000000000000e+00,9.701606424511166e-01,1.195617634854585e-01,1.253148585552019e-01,1.696746851370996e-01,5.572184965803929e-02,4.411358993114264e-02,4.381209563495719e-02,-3.141380443203688e-04,-1.337106173888662e-04,-4.722546689149205e-04,4.858628953373639e-04,8.248492171242473e-03,9.001350589477677e-03,2.167718564763855e-03,3.257993726138643e+01
7.500000000000000e+00,9.651482102603675e-01,1.324654388963276e-01,1.368837629177759e-01,1.794566108525488e-01,5.504776615497189e-02,4.250849752350545e-02,4.080802353439771e-02,-4.838967388849629e-04,-2.064412024627444e-04,-4.568691575508395e-04,4.611922326540866e-04,8.023920762200581e-03,8.894972832359276e-03,1.967898732128149e-03,3.023107708637163e+01
8.000000000000000e+00,9.599641686856178e-01,1.450696975356609e-01,1.480487378877253e-01,1.884281000978733e-01,5.391141189573244e-02,4.076462844204940e-02,3.790337825676844e-02,-6.244405531490903e-04,-2.636805081699749e-04,-4.374948713338090e-04,4.323104014099257e-04,7.740303774375620e-03,8.727769027361720e-03,1.786239187385350e-03,2.796770505390213e+01
8.500000000000000e+00,9.546688095433409e-01,1.572784753044745e-01,1.587684011330878e-01,1.966304658303059e-01,5.239042102855859e-02,3.893249247443322e-02,3.511874110542246e-02,-7.384360036536402e-04,-3.082417528294584e-04,-4.154080973574751e-04,4.006395980912163e-04,7.411229918629759e-03,8.508685211711168e-03,1.623206020731916e-03,2.579823019750062e+01
9.000000000000000e+00,9.493193252929907e-01,1.690152043538239e-01,1.690137694160276e-01,2.041103257316540e-01,5.055588284643246e-02,3.705103823727381e-02,3.246805873397718e-02,-8.284741463954019e-04,-3.423650588540398e-04,-3.916076438271019e-04,3.674129511990348e-04,7.048601877935772e-03,8.245934192191129e-03,1.478480487774039e-03,2.372887317377619e+01
9.500000000000000e+00,9.439687578849937e-01,1.802209343102077e-01,1.787658551864897e-01,2.109174435480883e-01,4.847231028082763e-02,3.515015440324564e-02,2.996014765877094e-02,-8.970463780166339e-04,-3.678377861281370e-04,-3.668824777670757e-04,3.336702701014897e-04,6.662735641633811e-03,7.947083256720543e-03,1.351187280114158e-03,2.176397841279424e+01
1.000000000000000e+01,9.386652637046710e-01,1.908524325596912e-01,1.880137347345672e-01,2.171029876612690e-01,4.619774113815522e-02,3.325268383179118e-02,2.759978268394861e-02,-9.465267023285025e-04,-3.860927375592947e-04,-3.418564440685759e-04,3.002630588131550e-04,6.262471856741672e-03,7.619109142464585e-03,1.240079520834004e-03,1.990628246073902e+01
1.050000000000000e+01,9.334516537656041e-01,2.008803082179792e-01,1.967529981036990e-01,2.227181393369528e-01,4.378393838579724e-02,3.137602574041771e-02,2.538852765759532e-02,-9.791591448758124e-04,-3.982871712658119e-04,-3.170194444736601e-04,2.678659447407305e-04,5.855295721035674e-03,7.268430829508718e-03,1.143686848452257e-03,1.815714738429638e+01
1.100000000000000e+01,9.283651669336478e-01,2.102871978052208e-01,2.049845049991261e-01,2.278130022052114e-01,4.127666270994798e-02,2.953339457345044e-02,2.332539909872932e-02,-9.970493044959791e-04,-4.053654846112584e-04,-2.927505581464965e-04,2.369922716707976e-04,5.447461626830722e-03,6.900928547285370e-03,1.060431438839005e-03,1.651676548736905e+01
1.150000000000000e+01,9.234374350228528e-01,2.190660431369331e-01,2.127133836266453e-01,2.324357734275121e-01,3.871599606966598e-02,2.773479696719166e-02,2.140741377147453e-02,-1.002159269583389e-03,-4.081082466977095e-04,-2.693362427775286e-04,2.080120974652431e-04,5.044118882496647e-03,6.521955398927646e-03,9.887162359075463e-04,1.498433989528938e+01
1.200000000000000e+01,9.186946012806162e-01,2.272184841985043e-01,2.199482207741668e-01,2.366321410854033e-01,3.613669931950177e-02,2.598778069133812e-02,1.963004900790499e-02,-9.963053016928691e-04,-4.071700046844762e-04,-2.469853745257117e-04,1.811712417804046e-04,4.649435260645526e-03,6.136346263333288e-03,9.269894449964740e-04,1.355824442288124e+01
1.250000000000000e+01,9.141575574044712e-01,2.347533823455607e-01,2.267004014629610e-01,2.404448745432977e-01,3.356859041588760e-02,2.429800200205478e-02,1.798763246079445e-02,-9.811578120664530e-04,-4.031080091901845e-04,-2.258420913249630e-04,1.566103632822648e-04,4.266715715998049e-03,5.748427153880286e-03,8.737891931320459e-04,1.223616534086523e+01
1.300000000000000e+01,9.098422683104290e-01,2.416854824683271e-01,2.329835651230879e-01,2.439135763796701e-01,3.103693246877541e-02,2.266965071667666e-02,1.647367166571471e-02,-9.582432410591679e-04,-3.964037166973052e-04,-2.059969618471590e-04,1.343833211330262e-04,3.898514272081519e-03,5.362027006454179e-03,8.277720513631648e-04,1.101522705731836e+01
1.350000000000000e+01,9.057601580583851e-01,2.480342170201743e-01,2.388131525119134e-01,2.470745665756800e-01,2.856282311366474e-02,2.110576569463295e-02,1.508113069117912e-02,-9.289475082971475e-04,-3.874786468589828e-04,-1.874967660063444e-04,1.144743011598619e-04,3.546737713998070e-03,4.980492929129042e-03,7.877288136540985e-04,9.892103254569022e+00
1.400000000000000e+01,9.019185344101204e-01,2.538226501470721e-01,2.442060235718311e-01,2.499608721601286e-01,2.616357848427323e-02,1.960846740890710e-02,1.380265971839628e-02,-8.945207423053062e-04,-3.767059097477571e-04,-1.703530534932767e-04,9.681337036079253e-05,3.212740293978083e-03,4.606709248099253e-03,7.525905485425933e-04,8.863114613037556e+00
1.450000000000000e+01,8.983210333143479e-01,2.590765565670650e-01,2.491801312318882e-01,2.526022983696972e-01,2.385310655441127e-02,1.817912898995954e-02,1.263078274785405e-02,-8.560830292901286e-04,-3.644184787136992e-04,-1.545495913794545e-04,8.129027017852371e-05,2.897409131446347e-03,4.243120196531259e-03,7.214275159537967e-04,7.924313874955769e+00
1.500000000000000e+01,8.949680681064205e-01,2.638236272640100e-01,2.537542399430834e-01,2.550255604405764e-01,2.164226585586188e-02,1.681850254573309e-02,1.155804830948290e-02,-8.146309464682245e-04,-3.509150721937894e-04,-1.400487894070243e-04,6.776637427177411e-05,2.601240362303756e-03,3.891755778017693e-03,6.934431062003674e-04,7.071558627628090e+00
1.550000000000000e+01,8.918572713431904e-01,2.680927923586894e-01,2.579476806543364e-01,2.572544582366811e-01,1.953920661538638e-02,1.552681369482745e-02,1.057714782262106e-02,-7.710446686750941e-04,-3.364643238995472e-04,-1.267971847515715e-04,5.608482469506277e-05,2.324406367564231e-03,3.554260157460577e-03,6.679645395772641e-04,6.300571807065097e+00
1.600000000000000e+01,8.889839199572559e-01,2.719136505617432e-01,2.617801361384703e-01,2.593100788996474e-01,1.754969222318659e-02,1.430383405385467e-02,9.681006009266784e-03,-7.260954595003687e-04,-3.213077649888489e-04,-1.147300674074201e-04,4.607892538570811e-05,2.066814600799894e-03,3.231921855598063e-03,6.444316829592485e-04,5.606989551153058e+00
1.650000000000000e+01,8.863413368164992e-01,2.753159942504891e-01,2.652714522062203e-01,2.612110154733314e-01,1.567739967284087e-02,1.314893883351815e-02,8.862847476608643e-03,-6.804533804828556e-04,-3.056620125706760e-04,-1.037753281542531e-04,3.757891724716715e-05,1.828158651529146e-03,2.925705019676541e-03,6.223850059910016e-04,4.986395721948753e+00
1.700000000000000e+01,8.839212638312626e-01,2.783294193065061e-01,2.684414715254392e-01,2.629735919454722e-01,1.392419821832542e-02,1.206115464919824e-02,8.116243253460123e-03,-6.346950739954242e-04,-2.897204538693243e-04,-9.385661117690137e-05,3.041728822687742e-05,1.607962242712345e-03,2.636281087800663e-03,6.014534184453053e-04,4.434342293964515e+00
1.750000000000000e+01,8.817142034854518e-01,2.809830092780725e-01,2.713098875974265e-01,2.646120873295961e-01,1.229040599269155e-02,1.103920106477337e-02,7.435140704226951e-03,-5.893114970829893e-04,-2.736546318069349e-04,-8.489585207198673e-05,2.443278765861686e-05,1.405616878804103e-03,2.364060239254750e-03,5.813425016057717e-04,3.946355092803325e+00
1.800000000000000e+01,8.797097271053294e-01,2.833050840844953e-01,2.738961170187915e-01,2.661389532747367e-01,1.077502473826302e-02,1.008152818817523e-02,6.813879870595829e-03,-5.447155042934037e-04,-2.576154726939137e-04,-7.681527911758889e-05,1.947331953521040e-05,1.220413848387074e-03,2.109222113247181e-03,5.618234662202835e-04,3.517925392434692e+00
1.850000000000000e+01,8.778967493487217e-01,2.853230042704265e-01,2.762191885442412e-01,2.675650212509229e-01,9.375953121245782e-03,9.186351753618753e-03,6.247198920596307e-03,-5.012491970651297e-04,-2.417344472196525e-04,-6.953895153840808e-05,1.539788675894053e-05,1.051571252168537e-03,1.871745373756092e-03,5.427230318736814e-04,3.144489994454198e+00
1.900000000000000e+01,8.762637693263318e-01,2.870630226784413e-01,2.782976477168087e-01,2.688996966380162e-01,8.090179354774017e-03,8.351686495349606e-03,5.730231028823883e-03,-4.591909751812831e-04,-2.261247192563794e-04,-6.299390340043265e-05,1.207774993422637e-05,8.982566808454517e-04,1.651435791385022e-03,5.239143209520451e-04,2.821405775196911e+00
1.950000000000000e+01,8.747990794843021e-01,2.885501762851336e-01,2.801494759882581e-01,2.701511380741167e-01,6.913954043252418e-03,7.575378185948290e-03,5.258494678449780e-03,-4.187622419382436e-04,-2.108823106321047e-04,-5.711095604785880e-05,9.396951754549446e-06,7.596061139387815e-04,1.447952599857612e-03,5.053087881043237e-04,2.543928847765137e+00
2.000000000000000e+01,8.734909439107972e-01,2.898082118020724e-01,2.817920233445047e-01,2.713264212297064e-01,5.842944296325082e-03,6.855134431885056e-03,4.827879069973119e-03,-3.801337288873690e-04,-1.960872918063549e-04,-5.182525594189769e-05,7.252343018910329e-06,6.347395544755810e-04,1.260832962396731e-03,4.868491571050593e-04,2.307211969559813e+00
2.050000000000000e+01,8.723277481056074e-01,2.908595394525249e-01,2.832419535014756e-01,2.724316867971365e-01,4.872370251171032e-03,6.188554151341151e-03,4.434626045778064e-03,-3.434314182643969e-04,-1.818049964251841e-04,-4.707658861382468e-05,5.553230025379553e-06,5.227738583840785e-04,1.089514450539202e-03,4.685033058731633e-04,2.106334171113982e+00
2.100000000000000e+01,8.712981224954468e-01,2.917252100819312e-01,2.845152007623165e-01,2.734722729523808e-01,3.997125194664112e-03,5.573155572909748e-03,4.075309693914325e-03,-3.087420515770913e-04,-1.680872504832457e-04,-4.280951338882165e-05,4.220746494977798e-06,4.228331636856956e-04,9.333554946884413e-04,4.502590225354710e-04,1.936371437150948e+00
2.150000000000000e+01,8.703910421115839e-01,2.924249114363292e-01,2.856269376387947e-01,2.744528328847241e-01,3.211880499073089e-03,5.006402563832381e-03,3.746814578377206e-03,-2.761182213916275e-04,-1.549736030113146e-04,-3.897335771176267e-05,3.187037003207339e-06,3.340572742832000e-04,7.916538122914154e-04,4.321195471125961e-04,1.792506440133352e+00
2.200000000000000e+01,8.695959048915259e-01,2.929769800454040e-01,2.865915523461933e-01,2.753774382246344e-01,2.511176582489764e-03,4.485729103724162e-03,3.446313355005098e-03,-2.455830502951408e-04,-1.424925438273553e-04,-3.552210441181130e-05,2.394323656852052e-06,2.556083070616298e-04,6.636628567170178e-04,4.140998117016383e-04,1.670162269357118e+00
2.250000000000000e+01,8.689025910412135e-01,2.933984256767623e-01,2.874226352872321e-01,2.762496693514870e-01,1.889501083368722e-03,4.008561749825706e-03,3.171244369971799e-03,-2.171344664926395e-04,-1.306626941491614e-04,-3.241420014780082e-05,1.793913793630077e-06,1.866758694449140e-04,5.486063586906190e-04,3.962232946737262e-04,1.565135821715882e+00
2.300000000000000e+01,8.683015058149195e-01,2.937049657892208e-01,2.881329736500126e-01,2.770726936489719e-01,1.341355402009524e-03,3.572339982088018e-03,2.919289699536606e-03,-1.907490897055454e-04,-1.194939571678211e-04,-2.961230862402991e-05,1.345194002989761e-06,1.264809975158685e-04,4.456910535681663e-04,3.785194097085141e-04,1.473705796226244e+00
2.350000000000000e+01,8.677836079509293e-01,2.939110678108254e-01,2.887345532595521e-01,2.778493328118233e-01,8.613107143750518e-04,3.174534363332706e-03,2.688353972955944e-03,-1.663857441588399e-04,-1.089886175768108e-04,-2.708302797751845e-05,1.014644856155264e-06,7.427905215602490e-05,3.541177028761967e-04,3.610213572353814e-04,1.392698173575412e+00
2.400000000000000e+01,8.673404258541065e-01,2.940299974083350e-01,2.892385668431206e-01,2.785821203053228e-01,4.440545085357942e-04,2.812662496232801e-03,2.476544223000342e-03,-1.439886176471147e-04,-9.914238122153965e-05,-2.479658801843188e-05,7.749013947799396e-07,2.936174212406133e-05,2.730905284126468e-04,3.437643731940489e-04,1.319504248521911e+00
2.450000000000000e+01,8.669640634517132e-01,2.940738712056243e-01,2.896554278964840e-01,2.792733500489021e-01,8.442863389426699e-05,2.484302801671476e-03,2.282150928175502e-03,-1.234900871142828e-04,-8.994534825433074e-05,-2.272653974668722e-05,6.038765997123989e-07,-8.941581769530575e-06,2.018251827253196e-04,3.267843174001967e-04,1.252057150270391e+00
2.500000000000000e+01,8.666471974745621e-01,2.940537126554136e-01,2.899947893709839e-01,2.799251173452172e-01,-2.225402097004832e-04,2.187106180272873e-03,2.103630345439617e-03,-1.048132320082935e-04,-8.138291530271485e-05,-2.084944675124623e-05,4.839586405818327e-07,-4.126323858670710e-05,1.395553817901454e-04,3.101165508492797e-04,1.188778959064442e+00
2.550000000000000e+01,8.663830677383717e-01,2.939795099780411e-01,2.902655664395608e-01,2.805393530127993e-01,-4.816166801091989e-04,1.918805649668196e-03,1.939588179994638e-03,-8.787405700322987e-05,-7.343660409339609e-05,-1.914458569794649e-05,4.012875620762781e-07,-6.819703079957608e-05,8.553832492697486e-05,2.937950578106329e-04,1.128511735103096e+00
2.600000000000000e+01,8.661654618252059e-01,2.938602752582685e-01,2.904759626424704e-01,2.811178516088806e-01,-6.973388996800889e-04,1.677224074161325e-03,1.788764597801774e-03,-7.258344562165032e-05,-6.608481567045034e-05,-1.759366109533251e-05,3.451130483629283e-07,-9.029847060708680e-05,3.905902404280244e-05,2.778517744564930e-04,1.070443677823100e+00
2.650000000000000e+01,8.659886953960388e-01,2.937041039413389e-01,2.906334987596580e-01,2.816622945532496e-01,-8.740057251100658e-04,1.460280121150849e-03,1.650020555172760e-03,-5.884886592810627e-05,-5.930351078436877e-05,-1.618053786078020e-05,3.072318729075437e-07,-1.080853435236556e-04,-5.663402873090672e-07,2.623160910096694e-04,1.014038225585614e+00
2.700000000000000e+01,8.658475892055956e-01,2.935182340970046e-01,2.907450438055610e-01,2.821742688870422e-01,-1.015668506144394e-03,1.265992590494246e-03,1.522325396613216e-03,-4.657584887324896e-05,-5.306681820871123e-05,-1.489099385438468e-05,2.815014395027668e-07,-1.220385450541900e-04,-3.398792415747269e-05,2.472144989970147e-04,9.589705967941557e-01
2.750000000000000e+01,8.657374437416215e-01,2.933091049287666e-01,2.908168475925559e-01,2.826552823244893e-01,-1.126126717806966e-03,1.092483269666138e-03,1.404745655687142e-03,-3.566925910708602e-05,-4.734757367660806e-05,-1.371249346865345e-05,2.634243119694517e-07,-1.326031358729259e-04,-6.182048192634933e-05,2.325703592072273e-04,9.050737183116644e-01
2.800000000000000e+01,8.656540122737968e-01,2.930824140982335e-01,2.908545743604532e-01,2.831067751824895e-01,-1.208926907066384e-03,9.379784698315634e-04,1.296434982823215e-03,-2.603437719801493e-05,-4.211779284129871e-05,-1.263398252150616e-05,2.497976863466344e-07,-1.401895690641822e-04,-8.464228601177921e-05,2.184037694276291e-04,8.522938040773759e-01
2.850000000000000e+01,8.655934729732063e-01,2.928431735139406e-01,2.908633370205465e-01,2.835301297035983e-01,-1.267364448088988e-03,8.008093965952376e-04,1.196625117631252e-03,-1.757781123028824e-05,-3.734908217872639e-05,-1.164570406407360e-05,2.384212652529610e-07,-1.451750498863591e-04,-1.029946142011074e-04,2.047315140365518e-04,8.006548921343473e-01
2.900000000000000e+01,8.655524006517198e-01,2.925957633023269e-01,2.908477316130358e-01,2.839266772234073e-01,-1.304487650369944e-03,6.794115049271591e-04,1.104617820511597e-03,-1.020825473746878e-05,-3.301299209279194e-05,-1.073903425083651e-05,2.278568484164334e-07,-1.479049943818531e-04,-1.173817212502105e-04,1.915670801159976e-04,7.502312059810584e-01
2.950000000000000e+01,8.655277385715602e-01,2.923439837376110e-01,2.908118716254942e-01,2.842977035737391e-01,-1.323103811003953e-03,5.723229812693740e-04,1.019777678322680e-03,-3.837106887609912e-06,-2.908131668087487e-05,-9.906337098185408e-06,2.172330692438907e-07,-1.486945581428481e-04,-1.282712189309846e-04,1.789207269792771e-04,7.011260820540398e-01
3.000000000000000e+01,8.655167706882084e-01,2.920911049584770e-01,2.907594218669806e-01,2.846444530588478e-01,-1.325786846155017e-03,4.781824876875367e-04,9.415257009423030e-04,1.621030213263156e-06,-2.552634469468056e-05,-9.140836752192353e-06,2.060890115120333e-07,-1.478302107990333e-04,-1.360947958883571e-04,1.667995979307113e-04,6.534562563680282e-01
3.050000000000000e+01,8.655170946139207e-01,2.918399143439151e-01,2.906936316369203e-01,2.849681312928734e-01,-1.314886177450406e-03,3.957262936525209e-04,8.693336291456007e-04,6.247963274856198e-06,-2.232106621079977e-05,-8.436505773505426e-06,1.942508723230568e-07,-1.455713354386657e-04,-1.412492155972612e-04,1.552078647331674e-04,6.073404369383191e-01
3.100000000000000e+01,8.655265955236541e-01,2.915927614592168e-01,2.906173669697248e-01,2.852699071430524e-01,-1.292536586631176e-03,3.237849110514458e-04,8.027188788547754e-04,1.012161583208267e-05,-1.943933942793726e-05,-7.787967906765775e-06,1.817363484639675e-07,-1.421518353097163e-04,-1.440975373050938e-04,1.441468966921200e-04,5.628912496855758e-01
3.150000000000000e+01,8.655434211692320e-01,2.913516005167452e-01,2.905331417750314e-01,2.855509139843926e-01,-1.260668786437732e-03,2.612793376885581e-04,7.412400521091963e-04,1.331582070436600e-05,-1.685602185061063e-05,-7.190413816005446e-06,1.686819745903652e-07,-1.377817328567197e-04,-1.449705110633282e-04,1.336154475043344e-04,5.202098046662583e-01
3.200000000000000e+01,8.655659581202025e-01,2.911180303252902e-01,2.904431477292739e-01,2.858122504373989e-01,-1.221020487508927e-03,2.072170041307469e-04,6.844929507520562e-04,1.590018606047075e-05,-1.454706991764903e-05,-6.639528321772719e-06,1.552892034981384e-07,-1.326487485002912e-04,-1.441681037664465e-04,1.236098540923680e-04,4.793822728901868e-01
3.250000000000000e+01,8.655928093101090e-01,2.908933317271096e-01,2.903492828069766e-01,2.860549807306451e-01,-1.175147770153274e-03,1.606875085068562e-04,6.321070345916552e-04,1.794002516681830e-05,-1.248961090104955e-05,-6.131427757970009e-06,1.417855690319876e-07,-1.269198486165713e-04,-1.419611185131585e-04,1.141242425758706e-04,4.404779867724836e-01
3.300000000000000e+01,8.656227729339485e-01,2.906785025435329e-01,2.902531783696803e-01,2.862801348041630e-01,-1.124436596345739e-03,1.208582139575668e-04,5.837422714900397e-04,1.949634077749442e-05,-1.066199064731392e-05,-5.662606166672684e-06,1.283977951490727e-07,-1.207427539691446e-04,-1.385928745801956e-04,1.051507373365019e-04,4.035486791426662e-01
3.350000000000000e+01,8.656548227155784e-01,2.904742900686460e-01,2.901562247567955e-01,2.864887082473948e-01,-1.070114321351793e-03,8.696977398263288e-05,5.390863323239070e-04,2.062585595936658e-05,-9.043800468004216e-06,-5.229889159790281e-06,1.153341997625412e-07,-1.142474014236877e-04,-1.342809198567399e-04,9.667966983146232e-05,3.686285585840770e-01
3.400000000000000e+01,8.656880895419523e-01,2.902812211663754e-01,2.900595953460323e-01,2.866816621464630e-01,-1.013261086123759e-03,5.833164203594439e-05,4.978520889594285e-04,2.138108393480656e-05,-7.615886216457323e-06,-4.830394391203428e-06,1.027741828693613e-07,-1.075473531661309e-04,-1.292187517379313e-04,8.869978441515241e-05,3.357349853610836e-01
3.450000000000000e+01,8.657218444436512e-01,2.900996300395193e-01,2.899642690714919e-01,2.868599228994045e-01,-9.548209911944538e-04,3.431761343665934e-05,4.597753782215695e-04,2.181043026676125e-05,-6.360342318796791e-06,-4.461497697346792e-06,9.086298203376038e-08,-1.007411488731226e-04,-1.235775262334517e-04,8.119843895117965e-05,3.048695650411326e-01
3.500000000000000e+01,8.657554828875194e-01,2.899296837501634e-01,2.898710514051709e-01,2.870243820444343e-01,-8.956129703498957e-04,1.436144003083919e-05,4.246129992848203e-04,2.195832140602491e-05,-5.260493264110370e-06,-4.120804074539547e-06,7.971022396448711e-08,-9.391359736904288e-05,-1.175077384298340e-04,7.416179844802918e-05,2.760195186020380e-01
3.550000000000000e+01,8.657885103367874e-01,2.897714055797122e-01,2.897805938227042e-01,2.871758961349745e-01,-8.363412980355842e-04,-2.047448932421445e-06,3.921409159509036e-04,2.186535426894882e-05,-4.300864804622151e-06,-3.806122765891400e-06,6.939109994424496e-08,-8.713700526322812e-05,-1.111408604731656e-04,6.757502034016822e-05,2.491592204006001e-01
3.600000000000000e+01,8.658205290263259e-01,2.896246963236261e-01,2.896934117868296e-01,2.873152866857714e-01,-7.776056783738331e-04,-1.536809255551895e-05,3.621526389104167e-04,2.156846211653631e-05,-3.467146874058619e-06,-3.515445826966093e-06,5.994924778951020e-08,-8.047234090787821e-05,-1.045909259338492e-04,6.142243036981777e-05,2.242518205006205e-01
3.650000000000000e+01,8.658512258951857e-01,2.894893536211043e-01,2.896099012924997e-01,2.874433402067060e-01,-7.199108759743576e-04,-2.601198918437191e-05,3.344577663220651e-04,2.110109256348581e-05,-2.746150003302547e-06,-3.246929627624350e-06,5.140063723469699e-08,-7.397033276262187e-05,-9.795605179957321e-05,5.568768830993490e-05,2.012508867171642e-01
3.700000000000000e+01,8.658803616149479e-01,2.893650894235553e-01,2.895303540259757e-01,2.875608083346168e-01,-6.636758595336392e-04,-3.434691598280616e-05,3.088806639045379e-04,2.049339406005012e-05,-2.125756797841329e-06,-2.998878826565510e-06,4.373793303800607e-08,-6.767250190552104e-05,-9.131989143943350e-05,5.035394301203836e-05,1.801020151007670e-01
3.750000000000000e+01,8.659077606503042e-01,2.892515457079047e-01,2.894549711968302e-01,2.876684080683972e-01,-6.092424386616972e-04,-4.070056517839235e-05,2.852592682487906e-04,1.977240766203529e-05,-1.594869842280170e-06,-2.769732425250922e-06,3.693495480978331e-08,-6.161212900053792e-05,-8.475301371379871e-05,4.540397646869160e-05,1.607443658155474e-01
3.800000000000000e+01,8.659333022874042e-01,2.891483085417898e-01,2.893838761067359e-01,2.877668221086203e-01,-5.568833825645243e-04,-4.536398885509028e-05,2.634439992507632e-04,1.896226133632068e-05,-1.143357213632471e-06,-2.558051569741827e-06,3.095096869384336e-08,-5.581515652541675e-05,-7.831420499332312e-05,4.082033675431648e-05,1.431120844142611e-01
3.850000000000000e+01,8.659569125656335e-01,2.890549206075991e-01,2.893171255224091e-01,2.878566992998099e-01,-5.068100162570116e-04,-4.859484753374914e-05,2.432967694658921e-04,1.808436444331324e-05,-7.619966168430367e-07,-2.362508822459078e-06,2.573463757638908e-08,-5.030102748800046e-05,-7.205169221784335e-05,3.658545985368111e-05,1.271355660232867e-01
3.900000000000000e+01,8.659785570493680e-01,2.889708922912937e-01,2.892547199223123e-01,2.879386551710846e-01,-4.591792959898200e-04,-5.062046066703299e-05,2.246900798287925e-04,1.715760039514524e-05,-4.424190034501330e-07,-2.181878672170305e-06,2.122752720251495e-08,-4.508346221898595e-05,-6.600428629245653e-05,3.268178050851452e-05,1.127425115299245e-01
3.950000000000000e+01,8.659982343777741e-01,2.888957114401212e-01,2.891966126878325e-01,2.880132725691092e-01,-4.141003706432536e-04,-5.164065962103055e-05,2.075061925926628e-04,1.619851581150289e-05,-1.770523961261118e-07,-2.015029089695020e-06,1.736711888462650e-08,-4.017117513042946e-05,-6.020244610341513e-05,2.909183231239849e-05,9.985871078933219e-02
4.000000000000000e+01,8.660159705326800e-01,2.888288518908090e-01,2.891427183098200e-01,2.880811023760247e-01,-3.716406400651037e-04,-5.183044576155618e-05,1.916363735517991e-04,1.522150478580798e-05,4.093348185906601e-08,-1.860913970409979e-06,1.408931848233118e-08,-3.556853357696790e-05,-5.466926425908922e-05,2.579833736523393e-05,8.840847059801510e-02
4.050000000000000e+01,8.660318137668754e-01,2.887697808667423e-01,2.890929196807361e-01,2.881426643041552e-01,-3.318313247946548e-04,-5.134245794860473e-05,1.769801966424534e-04,1.423898713478853e-05,2.176812836741201e-07,-1.718566332384566e-06,1.133047875089580e-08,-3.127616115542032e-05,-4.942137633848062e-05,2.278428586355720e-05,7.831459208536541e-02
4.100000000000000e+01,8.660458301377527e-01,2.887179653390680e-01,2.890470745413465e-01,2.881984477587775e-01,-2.946725644030276e-04,-5.030925510487675e-05,1.634449048972538e-04,1.326157973658826e-05,3.586984315183913e-07,-1.587092162433625e-06,9.028970368914274e-09,-2.729148793261319e-05,-4.446979597777994e-05,2.003300605404772e-05,6.949780925509895e-02
4.150000000000000e+01,8.660580995939435e-01,2.886728774427337e-01,2.890050211490260e-01,2.882489127599797e-01,-2.601380638667177e-04,-4.884542060012752e-05,1.509448224767187e-04,1.229826026838764e-05,4.689075200306736e-07,-1.465664821540838e-06,7.126347996061568e-09,-2.360925020524503e-05,-3.982067855926549e-05,1.752822501653302e-05,6.187565481682689e-02
4.200000000000000e+01,8.660687125654334e-01,2.886339990342503e-01,2.889665832324402e-01,2.882944909146176e-01,-2.281793090460157e-04,-4.704949601581689e-05,1.394008131377899e-04,1.135652283590152e-05,5.526945006311469e-07,-1.353519937092802e-06,5.568163289477035e-09,-2.022194247331447e-05,-3.547601660017871e-05,1.525412077133213e-05,5.536085429004275e-02
4.250000000000000e+01,8.660777670105245e-01,2.886008254735311e-01,2.889315742947005e-01,2.883355864295045e-01,-1.987293735282665e-04,-4.500575245611712e-05,1.287397810410630e-04,1.044252514607589e-05,6.139544822589535e-07,-1.249950722116520e-06,4.304478341606147e-09,-1.712022435397142e-05,-3.143427018487096e-05,1.319536622534760e-05,4.985958035188345e-02
4.300000000000000e+01,8.660853658759092e-01,2.885728687075909e-01,2.888998013241758e-01,2.883725771572531e-01,-1.717063398765612e-04,-4.278580798057619e-05,1.188942102591946e-04,9.561227012635280e-06,6.561350398646382e-07,-1.154303672311195e-06,3.290131651585936e-09,-1.429328517924952e-05,-2.769093595296461e-05,1.133716548315067e-05,4.527017943263865e-02
4.350000000000000e+01,8.660916149289754e-01,2.885496597292344e-01,2.888710679690314e-01,2.884058156665600e-01,-1.470163587520422e-04,-4.045009997802417e-05,1.098017397428597e-04,8.716520103549920e-06,6.822769697462621e-07,-1.065974600073737e-06,2.484805435910353e-09,-1.172916901239482e-05,-2.423905826013219e-05,9.665283054524406e-06,4.148316226230017e-02
4.400000000000000e+01,8.660966209242822e-01,2.885307504791859e-01,2.888451772283435e-01,2.884356303291689e-01,-1.245563695021244e-04,-3.804922140487057e-05,1.014047708376929e-04,7.911348941704945e-06,6.950524710868670e-07,-9.844049714530150e-07,1.852938553677239e-09,-9.415062786705313e-06,-2.106968617585706e-05,8.166066489490189e-06,3.838311715017213e-02
4.450000000000000e+01,8.661004900688776e-01,2.885157152554593e-01,2.888219337093382e-01,2.884623264162575e-01,-1.042165056725934e-04,-3.562512979609022e-05,9.365010473543903e-05,7.147823256675469e-06,6.968007665976934e-07,-9.090785174458978e-07,1.363524130473423e-09,-7.337550220958849e-06,-1.817227998279433e-05,6.826462966588713e-06,3.585265308776938e-02
4.500000000000000e+01,8.661033267537793e-01,2.885041516891788e-01,2.888011454969990e-01,2.884861871975241e-01,-8.588220854960544e-05,-3.321223784404937e-05,8.648860749273125e-05,6.427321857963685e-06,6.895612028317146e-07,-8.395180953269973e-07,9.898255353074744e-10,-5.482834099487115e-06,-1.553507080282991e-05,5.634030350846244e-06,3.377769849200735e-02
4.550000000000000e+01,8.661052325214854e-01,2.884956813415634e-01,2.887826256789993e-01,2.885074750368068e-01,-6.943607130464200e-05,-3.083839414642491e-05,7.987490046861031e-05,5.750588259854397e-06,6.751038930098702e-07,-7.752827791159439e-07,7.090390032983836e-10,-3.836929425355243e-06,-1.314537690247986e-05,4.576943225126519e-06,3.205291181501044e-02
4.600000000000000e+01,8.661063052418206e-01,2.884899499724288e-01,2.887661935656899e-01,2.885264324786384e-01,-5.475943563465572e-05,-2.852576246630923e-05,7.376707422192830e-05,5.117818336451585e-06,6.549579829597302e-07,-7.159651610291817e-07,5.019261154159107e-10,-2.385829864393172e-06,-1.098988013107899e-05,3.643994382955129e-06,3.058595458981338e-02
4.650000000000000e+01,8.661066384707424e-01,2.884866275263369e-01,2.887516756417277e-01,2.885432833206933e-01,-4.173376199010082e-05,-2.629160753828935e-05,6.812642407724347e-05,4.528740323765761e-06,6.304376343876760e-07,-6.611888479003363e-07,3.524346830063545e-10,-1.115649798206574e-06,-9.054865824580041e-06,2.824592253005922e-06,2.929989415496770e-02
4.700000000000000e+01,8.661063209689374e-01,2.884854078784852e-01,2.887389062828956e-01,2.885582336676493e-01,-3.024179359145524e-05,-2.414899510700135e-05,6.291720571598652e-05,3.982687514987004e-06,6.026658298678526e-07,-6.106061383427580e-07,2.473224184632080e-10,-1.274419778774998e-08,-7.326429370573608e-06,2.108754705609978e-06,2.813368003150469e-02
4.750000000000000e+01,8.661054363591147e-01,2.884860083785599e-01,2.887277282687572e-01,2.885714729625153e-01,-2.016853347363426e-05,-2.210741350934490e-05,5.810640928206900e-05,3.478664016462600e-06,5.725961109765240e-07,-5.638958677888898e-07,1.757941392778873e-10,9.361915821533540e-07,-5.790652480496361e-06,1.487099670396056e-06,2.704112358065427e-02
4.800000000000000e+01,8.661040629028705e-01,2.884881692271105e-01,2.887179931190060e-01,2.885831749920018e-01,-1.140205278695583e-05,-2.017332371774410e-05,5.366355060961695e-05,3.015403946414659e-06,5.410323656745768e-07,-5.207614096531626e-07,1.291601532375263e-10,1.744040102937456e-06,-4.433752056489194e-06,9.508329717547908e-07,2.598898348569575e-02
4.850000000000000e+01,8.661022733798240e-01,2.884916527155377e-01,2.887095612787479e-01,2.885934988630048e-01,-3.834147541236389e-06,-1.835064435703471e-05,4.956047828837078e-05,2.591424466785895e-06,5.086467831874054e-07,-4.809288219346481e-07,1.005208870097080e-10,2.423196367379066e-06,-3.242204376180695e-06,4.917337656724231e-07,2.495469623127870e-02
4.900000000000000e+01,8.661001350534612e-01,2.884962423575247e-01,2.887023021754733e-01,2.886025899477449e-01,2.639140078626511e-06,-1.664117779887088e-05,4.577119537903089e-05,2.205073041915228e-06,4.759960953166915e-07,-4.441451292410336e-07,8.448071253319850e-11,2.985516820004837e-06,-2.202847151483696e-06,1.021379377478421e-07,2.392412660181524e-02
4.950000000000000e+01,8.660977097097090e-01,2.885017419366936e-01,2.886960941681563e-01,2.886105807955440e-01,8.117120758651746e-06,-1.504498302993606e-05,4.227169468045963e-05,1.854569316431549e-06,4.435362220163006e-07,-4.101767310138984e-07,7.689224982551007e-11,3.442281188012810e-06,-1.302961849558981e-06,-2.250802017055834e-07,2.288954776503708e-02
5.000000000000000e+01,8.660950537557637e-01,2.885079744924152e-01,2.886908244067447e-01,2.886175920096331e-01,1.269416344972072e-05,-1.356070058858976e-05,3.903980653202189e-05,1.538041999887931e-06,4.116354368580360e-07,-3.788079272557092e-07,7.463113047756392e-11,3.804165644367453e-06,-5.303384973437133e-07,-4.965276135513943e-07,2.184793713807145e-02
5.050000000000000e+01,8.660922183680717e-01,2.885147812630697e-01,2.886863886182947e-01,2.886237330877736e-01,1.645949413160207e-05,-1.218583447245509e-05,3.605505820956442e-05,1.253561137510762e-06,3.805861648646571e-07,-3.498395537098077e-07,7.540024133879774e-11,4.081225887501956e-06,1.266749729256978e-07,-7.183133285773918e-07,2.079959833338531e-02
5.100000000000000e+01,8.660892496796310e-01,2.885220206036077e-01,2.886826908341467e-01,2.886291032258216e-01,1.949707597964878e-05,-1.091699553997228e-05,3.329854404266637e-05,9.991661356310846e-07,3.506155209963493e-07,-3.230877188542400e-07,7.756178196259448e-11,4.282888842123405e-06,6.791369396376334e-07,-8.960700844229243e-07,1.974708043583828e-02
5.150000000000000e+01,8.660861889979566e-01,2.885295668920172e-01,2.886796430708100e-01,2.886337920836897e-01,2.188555994567250e-05,-9.750110564073942e-06,3.075280544519815e-05,7.728898977715737e-07,3.218946932615091e-07,-2.983826355918994e-07,7.999501444426663e-11,4.417951792034829e-06,1.137488126365206e-06,-1.034976558941127e-06,1.869435045124569e-02
5.200000000000000e+01,8.660830730461286e-01,2.885373094372505e-01,2.886771649756645e-01,2.886378805134552e-01,2.369829570656453e-05,-8.680600747703204e-06,2.840172011043216e-05,5.727794127119457e-07,2.945472692409394e-07,-2.755675409272583e-07,8.197731651621844e-11,4.494587858169004e-06,1.511537861027258e-06,-1.139779980558774e-06,1.764617249608946e-02
5.250000000000000e+01,8.660799342203140e-01,2.885451513992783e-01,2.886751834471454e-01,2.886414412496258e-01,2.500339383563474e-05,-7.703533180288610e-06,2.623039967723701e-05,3.969131203152582e-07,2.686565995466777e-07,-2.544976973377693e-07,8.308602899478462e-11,4.520356832862795e-06,1.810459107767549e-06,-1.214818917759453e-06,1.660765130556936e-02
5.300000000000000e+01,8.660768008580576e-01,2.885530087302432e-01,2.886736322377680e-01,2.886445395618125e-01,2.586383090952439e-05,-6.813748402017343e-06,2.422509522506666e-05,2.434153642122509e-07,2.442722863327911e-07,-2.350394699405234e-07,8.311858263560317e-11,4.502220474484563e-06,2.042790954783287e-06,-1.264046070542202e-06,1.558390396818760e-02
5.350000000000000e+01,8.660736975124388e-01,2.885608091441415e-01,2.886724515471681e-01,2.886472338702711e-01,2.633759007560970e-05,-6.005966949259240e-06,2.237311000287733e-05,1.104682232810541e-07,2.214158793971701e-07,-2.170694739673014e-07,8.202846778596280e-11,4.446561454637674e-06,2.216447369064322e-06,-1.291050906506535e-06,1.457983041568822e-02
5.400000000000000e+01,8.660706452279314e-01,2.885684911210730e-01,2.886715876112657e-01,2.886495763249503e-01,2.647783037011917e-05,-5.274877480121289e-06,2.066271884159119e-05,-3.679003705653223e-09,2.000858568908982e-07,-2.004737872971696e-07,7.987474826030816e-11,4.359205233253818e-06,2.338731149178091e-06,-1.299082003045642e-06,1.359995919506707e-02
5.450000000000000e+01,8.660676618144547e-01,2.885760029508657e-01,2.886709922926962e-01,2.886516133488525e-01,2.633307879469077e-05,-4.615208823400606e-06,1.908309374060113e-05,-1.007024035637983e-07,1.802619622071599e-07,-1.851472233018404e-07,7.678299830323604e-11,4.245444214797393e-06,2.416352119776183e-06,-1.291068974926127e-06,1.264835011159663e-02
5.500000000000000e+01,8.660647621167016e-01,2.885833018197734e-01,2.886706226767998e-01,2.886533861466508e-01,2.594743982914257e-05,-4.021788057152103e-06,1.762423515685769e-05,-1.821979051589847e-07,1.619089632396874e-07,-1.709926594972391e-07,7.291574199512265e-11,4.110063611611907e-06,2.455448716429402e-06,-1.269643883296561e-06,1.172853944140218e-02
5.550000000000000e+01,8.660619582763545e-01,2.885903529429675e-01,2.886704406766907e-01,2.886549311796087e-01,2.536081768105494e-05,-3.489586503896774e-06,1.627690856069648e-05,-2.496773650390261e-07,1.449798951395292e-07,-1.579204177092958e-07,6.845068514493676e-11,3.957368508166407e-06,2.461612206814964e-06,-1.237162037828718e-06,1.084351667078255e-02
5.600000000000000e+01,8.660592599852690e-01,2.885971287446922e-01,2.886704126502512e-01,2.886562806079604e-01,2.460914714911080e-05,-3.013755327729771e-06,1.503258585542844e-05,-3.045660774346682e-07,1.294188426521578e-07,-1.458476919763087e-07,6.356524078351485e-11,3.791211682668207e-06,2.439912884322571e-06,-1.195722118278896e-06,9.995724267049777e-03
5.650000000000000e+01,8.660566747281166e-01,2.886036080871890e-01,2.886705090313000e-01,2.886574627019774e-01,2.372462950855649e-05,-2.589652233386030e-06,1.388339128803102e-05,-3.482015201419851e-07,1.151633133872986e-07,-1.346980204923559e-07,5.842605358413691e-11,3.615021800359859e-06,2.394927653083893e-06,-1.147185555271813e-06,9.187073965896995e-03
5.700000000000000e+01,8.660542080133472e-01,2.886097755488627e-01,2.886707039766596e-01,2.886585022230054e-01,2.273597031472941e-05,-2.212860598209387e-06,1.282205150670962e-05,-3.818331638677114e-07,1.021462489443611e-07,-1.244007982040973e-07,5.318242081267732e-11,3.431831645956218e-06,2.330768499431590e-06,-1.093195122555097e-06,8.418974588528048e-03
5.750000000000000e+01,8.660518635916419e-01,2.886156207515919e-01,2.886709750303866e-01,2.886594207758053e-01,2.166861646601719e-05,-1.879202213410254e-06,1.184184944732535e-05,-4.066231877127522e-07,9.029771652404457e-08,-1.148908270274511e-07,4.796268442669994e-11,3.244306111222877e-06,2.251111414220393e-06,-1.035192704318648e-06,7.692367583358932e-03
5.800000000000000e+01,8.660496436613112e-01,2.886211377366140e-01,2.886713028060394e-01,2.886602371335587e-01,2.054499027310616e-05,-1.584744671080297e-06,1.093658175462866e-05,-4.236479579754438e-07,7.954631967083707e-08,-1.061079007163357e-07,4.287282879521684e-11,3.054769697928919e-06,2.159225393564429e-06,-9.744362115723483e-07,7.007767398729586e-03
5.850000000000000e+01,8.660475490603249e-01,2.886263243880211e-01,2.886716706875123e-01,2.886609675369111e-01,1.938471864861235e-05,-1.325804306305911e-06,1.010051946726226e-05,-4.339001412797190e-07,6.982036313323949e-08,-9.799642170108429e-08,3.799666039067317e-11,2.865233336498265e-06,2.058001202719345e-06,-9.120156308973580e-07,6.365304495431153e-03
5.900000000000000e+01,8.660455794448612e-01,2.886311819025691e-01,2.886720645486784e-01,2.886616259684415e-01,1.820485586197132e-05,-1.098945489324958e-06,9.328371715828885e-06,-4.382913360231241e-07,6.104880324630239e-08,-9.050504752501936e-08,3.339706973941872e-11,2.677420356783061e-06,1.949979639331442e-06,-8.488681973085059e-07,5.764769347996293e-03
5.950000000000000e+01,8.660437334544432e-01,2.886357143042358e-01,2.886724724918332e-01,2.886622244039300e-01,1.702009860160770e-05,-9.009769594154244e-07,8.615252202545302e-06,-4.376551182546811e-07,5.316201222428650e-08,-8.358636447284345e-08,2.911798255110267e-11,2.492791479825250e-06,1.837379078557495e-06,-7.857926904443971e-07,5.205656198040645e-03
6.000000000000000e+01,8.660420088638603e-01,2.886399280017496e-01,2.886728846047333e-01,2.886627730417914e-01,1.584299235138325e-05,-7.289457999311450e-07,7.956648249032442e-06,-4.327504096067511e-07,4.609238152033325e-08,-7.719658636765315e-08,2.518669734370334e-11,2.312568728429009e-06,1.722122123828854e-06,-7.234628599161478e-07,4.687205631725274e-03
6.050000000000000e+01,8.660404027222035e-01,2.886438313871484e-01,2.886732927358450e-01,2.886632805120117e-01,1.468412832367256e-05,-5.801295710395587e-07,7.348392215051471e-06,-4.242650854573733e-07,3.977478701058728e-08,-7.129527654041366e-08,2.161638237935466e-11,2.137758180051762e-06,1.605861223768449e-06,-6.624399914236015e-07,4.208445277305961e-03
6.100000000000000e+01,8.660389114794282e-01,2.886474344733095e-01,2.886736902872917e-01,2.886637540659038e-01,1.355233039888117e-05,-4.520270431385078e-07,6.786635106118091e-06,-4.128197514124267e-07,3.414693594425660e-08,-6.584509119650974e-08,1.840856681791667e-11,1.969171508169275e-06,1.490003148185925e-06,-6.031846302577056e-07,3.768228063508815e-03
6.150000000000000e+01,8.660375311009381e-01,2.886507485683030e-01,2.886740720248717e-01,2.886641997479588e-01,1.245483170334567e-05,-3.423479085730232e-07,6.267822202041834e-06,-3.989716252235071e-07,2.914961351315352e-08,-6.081154253854303e-08,1.555551123296323e-11,1.807446278148862e-06,1.375732244588259e-06,-5.460674830979774e-07,3.365267548887733e-03
6.200000000000000e+01,8.660362571707422e-01,2.886537859843807e-01,2.886744339044354e-01,2.886646225510313e-01,1.139744061597354e-05,-2.490017912879347e-07,5.788670551259864e-06,-3.832184696429650e-07,2.472684479849180e-08,-5.616278006070205e-08,1.304238255713937e-11,1.653064980922973e-06,1.264032421541265e-06,-4.913795226143813e-07,2.998169821330973e-03
6.250000000000000e+01,8.660350849837778e-01,2.886565597793885e-01,2.886747729138485e-01,2.886650265560533e-01,1.038469613074999e-05,-1.700868229596309e-07,5.346148187843252e-06,-3.660025294134539e-07,2.082598589205842e-08,-5.186938867625094e-08,1.084918960942467e-11,1.506372802643572e-06,1.155707826792523e-06,-4.393413223537280e-07,2.665461365802080e-03
6.300000000000000e+01,8.660340096280210e-01,2.886590835283934e-01,2.886750869297246e-01,2.886654150574277e-01,9.420012619338566e-06,-1.038780093050403e-07,4.937454939102441e-06,-3.477144324490115e-07,1.739775632778387e-08,-4.790420232537108e-08,8.952458986782733e-12,1.367594141222584e-06,1.051402206628373e-06,-3.901116517969337e-07,2.365612102344534e-03
6.350000000000000e+01,8.660330260570226e-01,2.886613711233481e-01,2.886753745880806e-01,2.886657906751967e-01,8.505814137033272e-06,-4.881557109895342e-08,4.560004701822015e-06,-3.286970217398864e-07,1.439622343061663e-08,-4.424213188514157e-08,7.326648538350513e-12,1.236847891395995e-06,9.516169487393505e-07,-3.437953633574716e-07,2.097052508099944e-03
6.400000000000000e+01,8.660321291535208e-01,2.886634365986575e-01,2.886756351680543e-01,2.886661554550391e-01,7.643658498198421e-06,-3.493410042488881e-09,4.211409074459255e-06,-3.092490900786835e-07,1.177874779444117e-08,-4.086000629674246e-08,5.945308013081127e-12,1.114161528887821e-06,8.567278242305339e-07,-3.004506044781405e-07,1.858183409021227e-03
6.450000000000000e+01,8.660313137847714e-01,2.886652939805652e-01,2.886758684878226e-01,2.886665109570871e-01,6.834351415486281e-06,3.335217998668614e-08,3.889462241532006e-06,-2.896289949412671e-07,9.505897842964738e-09,-3.773642583884335e-08,4.782004777110995e-12,9.994840315865789e-07,7.670004555046695e-07,-2.600953889439624e-07,1.647376794622451e-03
6.500000000000000e+01,8.660305748502358e-01,2.886669571583614e-01,2.886760748118644e-01,2.886668583345131e-01,6.078051052107002e-06,6.285346136094928e-08,3.592127014186482e-06,-2.700581354474433e-07,7.541340334683118e-09,-3.485162668891738e-08,3.811037597733798e-12,8.926976815076358e-07,6.826045458460608e-07,-2.227135621153787e-07,1.462966164087175e-03
6.550000000000000e+01,8.660299073222514e-01,2.886684397754768e-01,2.886762547687281e-01,2.886671984027713e-01,5.374363379757851e-06,8.602178799814457e-08,3.317521938316131e-06,-2.507242773226150e-07,5.851712717397093e-09,-3.218735581703455e-08,3.007964122834223e-12,7.936287958898877e-07,6.036269138690094e-07,-1.882601950061885e-07,1.303225938643046e-03
6.600000000000000e+01,8.660293062802895e-01,2.886697551386284e-01,2.886764092784853e-01,2.886675317003374e-01,4.722428767812532e-06,1.037576734875644e-07,3.063909388748586e-06,-2.317847154674210e-07,4.406482322732890e-09,-2.972675545585129e-08,2.349968465494590e-12,7.020574392280208e-07,5.300833817343873e-07,-1.566664420501846e-07,1.166341943854464e-03
6.650000000000000e+01,8.660287669393812e-01,2.886709161432689e-01,2.886765394890822e-01,2.886678585417318e-01,4.121000252954757e-06,1.168603539150323e-07,2.829684573822144e-06,-2.133692669752486e-07,3.177796591254406e-09,-2.745425646610551e-08,1.816094743009227e-12,6.177261704175396e-07,4.619295703671243e-07,-1.278438970727847e-07,1.050379140175285e-03
6.700000000000000e+01,8.660282846732731e-01,2.886719352136891e-01,2.886766467208255e-01,2.886681790635606e-01,3.568513954242805e-06,1.260368208031953e-07,2.613365380587948e-06,-1.955830900383446e-07,2.140327956145172e-09,-2.535547979441557e-08,1.387370933204534e-12,5.403478807245759e-07,3.990706580462297e-07,-1.016884814016923e-07,9.532578330367529e-04
6.750000000000000e+01,8.660278550328386e-01,2.886728242562198e-01,2.886767324182845e-01,2.886684932642644e-01,3.063152107344167e-06,1.319103107334201e-07,2.413582996544821e-06,-1.785093267754024e-07,1.271116240059951e-09,-2.341714552490020e-08,1.046845328669763e-12,4.696127790635247e-07,3.413701607814077e-07,-7.808389727637545e-08,8.727529239136465e-04
6.800000000000000e+01,8.660274737602496e-01,2.886735946240827e-01,2.886767981089152e-01,2.886688010382064e-01,2.602899194217946e-06,1.350282475564784e-07,2.229073248355714e-06,-1.622115699572767e-07,5.494110931112771e-10,-2.162698884524247e-08,7.795554492708589e-13,4.051945811118381e-07,2.886577940141669e-07,-5.690467878063660e-08,8.065286405827881e-04
6.850000000000000e+01,8.660271367993758e-01,2.886742570925326e-01,2.886768453677643e-01,2.886691022046967e-01,2.185591642215297e-06,1.358696407111082e-07,2.058668602748728e-06,-1.467361553952646e-07,-4.348365815212329e-11,-1.997368244912822e-08,5.724467124067209e-13,3.467559583319624e-07,2.407364755360480e-07,-3.801887144751715e-08,7.522115478905231e-04
6.900000000000000e+01,8.660268403028545e-01,2.886748218430355e-01,2.886768757876351e-01,2.886693965324973e-01,1.808961559665777e-06,1.348519492857976e-07,1.901290778956754e-06,-1.321142832165335e-07,-5.243620791400136e-10,-1.844676490535675e-08,4.142556035719679e-13,2.939533019920872e-07,1.973885291722333e-07,-2.129037049709904e-08,7.074904608257393e-04
6.950000000000000e+01,8.660265806362395e-01,2.886752984553237e-01,2.886768909541536e-01,2.886696837603088e-01,1.470674964612864e-06,1.323374263508940e-07,1.755943925796525e-06,-1.183639725372424e-07,-9.082634391396109e-10,-1.703657445252093e-08,2.953696404166331e-13,2.464408559098181e-07,1.583811478923476e-07,-6.580946398500360e-09,6.702207976822337e-04
7.000000000000000e+01,8.660263543796075e-01,2.886756959062562e-01,2.886768924251978e-01,2.886699636137019e-01,1.168364949805225e-06,1.286389618207155e-07,1.621708320497708e-06,-1.054918549446912e-07,-1.208613805318251e-09,-1.573418788010685e-08,2.076741506552454e-13,2.038742699532250e-07,1.234711736177225e-07,6.248014914591852e-09,6.385096272797638e-04
7.050000000000000e+01,8.660261583269732e-01,2.886760225745094e-01,2.886768817142005e-01,2.886702358189209e-01,8.996602113601789e-07,1.240254449661593e-07,1.497734549091162e-06,-9.349481303233671e-08,-1.437361210508589e-09,-1.453136408873514e-08,1.443938300391211e-13,1.659136243697417e-07,9.240924928113513e-08,1.733403120105743e-08,6.107662778270248e-04
7.100000000000000e+01,8.660259894838312e-01,2.886762862502043e-01,2.886768602768691e-01,2.886705001139365e-01,6.622093506189391e-07,1.187266697641242e-07,1.383238131707045e-06,-8.236147087788365e-08,-1.605103909456444e-09,-1.342049193403094e-08,9.993523255127420e-14,1.322259728499195e-07,6.494339661566273e-08,2.681227791718231e-08,5.857158462395694e-04
7.150000000000000e+01,8.660258450631189e-01,2.886764941486629e-01,2.886768295009079e-01,2.886707562571100e-01,4.537013396323580e-07,1.129378075813954e-07,1.277494558751702e-06,-7.207354374368856e-08,-1.721211440792021e-09,-1.239454210327119e-08,6.973477665301749e-14,1.024874499224101e-07,4.082207086987889e-08,3.481455395547771e-08,5.623826516344882e-04
7.200000000000000e+01,8.660257224798639e-01,2.886766529275588e-01,2.886767906983553e-01,2.886710040337782e-01,2.718825205609487e-07,1.068234725386737e-07,1.179834706516830e-06,-6.260705459864244e-08,-1.793938302835493e-09,-1.144702261727880e-08,5.011552302819452e-14,7.638498585449498e-08,1.979674119060308e-08,4.146843743486840e-08,5.400547666300172e-04
7.250000000000000e+01,8.660256193447583e-01,2.886767687068091e-01,2.886767451001920e-01,2.886712432610532e-01,1.145704882698604e-07,1.005214052322601e-07,1.089640603187937e-06,-5.393342531263288e-08,-1.830530229353291e-09,-1.057193776900999e-08,3.815487715741303e-14,5.361766972377380e-08,1.624042807487863e-09,4.689661128613683e-08,5.182401739585010e-04
7.300000000000000e+01,8.660255334568712e-01,2.886768470906170e-01,2.886766938528987e-01,2.886714737910938e-01,-2.033481569425239e-08,9.414580038939683e-08,1.006341518537292e-06,-4.602045037760472e-08,-1.837323117899431e-09,-9.763750200679867e-09,3.156447545601542e-14,3.389779882378425e-08,-1.393245550425388e-08,5.121633976278601e-08,4.966222399886047e-04
7.350000000000000e+01,8.660254627956969e-01,2.886768931911410e-01,2.886766380166793e-01,2.886716955130806e-01,-1.348424908662997e-07,8.779030378171487e-08,9.294103525550440e-07,-3.883316101035415e-08,-1.819834744872666e-09,-9.017345847455314e-09,2.858280480458526e-14,1.695165003004522e-08,-2.710082789862597e-08,5.453907837813537e-08,4.750190400163974e-04
7.400000000000000e+01,8.660254055127061e-01,2.886769116533330e-01,2.886765785650893e-01,2.886719083541050e-01,-2.308642618313693e-07,8.153070303089328e-08,8.583603001000041e-07,-3.233458747544323e-08,-1.782849474130350e-09,-8.328001589852440e-09,2.788055917833243e-14,2.520006227837166e-09,-3.809967382242806e-08,5.697020109421962e-08,4.533485855877375e-04
7.450000000000000e+01,8.660253599225513e-01,2.886769066805339e-01,2.886765163858415e-01,2.886721122791550e-01,-3.102099935027314e-07,7.542733615242745e-08,7.927417705750823e-07,-2.648642725239674e-08,-1.730496271696254e-09,-7.691355372991378e-09,2.847833078703367e-14,-9.641531526471248e-09,-4.713727087900900e-08,5.860882986364674e-08,4.316004027229309e-04
7.500000000000000e+01,8.660253244940620e-01,2.886768820604769e-01,2.886764522825755e-01,2.886723072903635e-01,-3.745848934090455e-07,6.952724071539185e-08,7.321395430013874e-07,-2.124962642945690e-08,-1.666320182653058e-09,-7.103378601470746e-09,2.967594456575887e-14,-1.976241787689988e-08,-5.441096546448320e-08,5.954775285861230e-08,4.098130397172689e-04
7.550000000000000e+01,8.660252978411409e-01,2.886768411913894e-01,2.886763869774165e-01,2.886724934256633e-01,-4.255881762705193e-07,6.386606551432237e-08,6.761701385874911e-07,-1.658488160718186e-08,-1.593347764198352e-09,-6.560350656248576e-09,3.099255352879682e-14,-2.805719713625502e-08,-6.010677099286719e-08,5.987341890461577e-08,3.880567056392108e-04
7.600000000000000e+01,8.660252787136624e-01,2.886767871079332e-01,2.886763211141518e-01,2.886726707569728e-01,-4.647129853538798e-07,5.846976544633412e-08,6.244793942089060e-07,-1.245306912646397e-08,-1.514146650859036e-09,-6.058835340458241e-09,3.211649972555625e-14,-3.472567367349920e-08,-6.439914603821502e-08,5.966599675922788e-08,3.664201479333374e-04
7.650000000000000e+01,8.660252659884592e-01,2.886767225067567e-01,2.886762552618901e-01,2.886728393880301e-01,-4.933473831712237e-07,5.335609907662382e-08,5.767402212890251e-07,-8.815608235657647e-09,-1.430879702982852e-09,-5.595659147419298e-09,3.286389474980145e-14,-3.995319716959647e-08,-6.745092708924571e-08,5.899948891850095e-08,3.450009296442194e-04
7.700000000000000e+01,8.660252586604673e-01,2.886766497714795e-01,2.886761899190731e-01,2.886729994519626e-01,-5.127762416413149e-07,4.853594733776737e-08,5.326505360376279e-07,-5.634764526126516e-09,-1.345354003904695e-09,-5.167891174343649e-09,3.314487059649270e-14,-4.391104324689112e-08,-6.941339290641522e-08,5.794189067598649e-08,3.238983795561294e-04
7.750000000000000e+01,8.660252558340874e-01,2.886765709969472e-01,2.886761255177367e-01,2.886731511086819e-01,-5.241838781887980e-07,4.401447041149048e-08,4.919313479638572e-07,-2.873899471271477e-09,-1.259065145397174e-09,-4.772824575763574e-09,3.293648373760138e-14,-4.675687188829947e-08,-7.042643964248374e-08,5.655538607292169e-08,3.032086127697819e-04
7.800000000000000e+01,8.660252567148177e-01,2.886764880126388e-01,2.886760624279252e-01,2.886732945421719e-01,-5.286572998290707e-07,3.979211869671869e-08,4.543249944453253e-07,-4.976716771990031e-10,-1.173237066851460e-09,-4.407959439976890e-09,3.226131234405529e-14,-4.863524789303186e-08,-7.061884793583505e-08,5.489657326361177e-08,2.830211380979380e-04
7.850000000000000e+01,8.660252606011893e-01,2.886764024051267e-01,2.886760009621794e-01,2.886734299577282e-01,-5.271899318775022e-07,3.586551271546785e-08,4.195935103130625e-07,1.527804893357526e-09,-1.088857792830293e-09,-4.070986956778807e-09,3.117086013927528e-14,-4.967820931666672e-08,-7.010862511045081e-08,5.301671266661159e-08,2.634166702571165e-04
7.900000000000000e+01,8.660252668770406e-01,2.886763155395137e-01,2.886759413800338e-01,2.886735575792027e-01,-5.206857215871187e-07,3.222820551498609e-08,3.875171220039707e-07,3.234840916025019e-09,-1.006711439074751e-09,-3.759774826896082e-09,2.973296358740650e-14,-5.000587144262077e-08,-6.900340743815562e-08,5.096199201484646e-08,2.444658476262816e-04
7.950000000000000e+01,8.660252750041521e-01,2.886762285797940e-01,2.886758838924630e-01,2.886736776462910e-01,-5.099635196430754e-07,2.887134013062919e-08,3.578928569268261e-07,4.654085383354552e-09,-9.274067165863780e-10,-3.472353756895466e-09,2.802248666934924e-14,-4.972705529679412e-08,-6.740090909352206e-08,4.877380314529576e-08,2.262286242534673e-04
8.000000000000000e+01,8.660252845152558e-01,2.886761425081046e-01,2.886758286662349e-01,2.886737904118996e-01,-4.957616542287297e-07,2.578421364293206e-08,3.305332590205066e-07,5.814468734032302e-09,-8.514022971664045e-10,-3.206905000551994e-09,2.611467527252376e-14,-4.893993110777962e-08,-6.538940599135072e-08,4.648902601015239e-08,2.087541571921333e-04
8.050000000000000e+01,8.660252950074326e-01,2.886760581428439e-01,2.886757758281298e-01,2.886738961396161e-01,-4.787426232852390e-07,2.295475826664712e-08,3.052652026101571e-07,6.743171669049485e-09,-7.790292772120972e-10,-2.961748846942877e-09,2.408062823632867e-14,-4.773266836177184e-08,-6.304824417005830e-08,4.414031600453392e-08,1.920810512096924e-04
8.100000000000000e+01,8.660253061358999e-01,2.886759761556524e-01,2.886757254689974e-01,2.886739951013081e-01,-4.594978403870898e-07,2.036994910760094e-08,2.819287968846683e-07,7.465616078603680e-09,-7.105110254885479e-10,-2.735333995682210e-09,2.198442216829700e-14,-4.618408526265414e-08,-6.044836367454356e-08,4.175639124196785e-08,1.762378552024551e-04
8.150000000000000e+01,8.660253176081896e-01,2.886758970872654e-01,2.886756776476296e-01,2.886740875748619e-01,-4.385523789828548e-07,1.801614717628040e-08,2.603763741110808e-07,8.005474825085238e-09,-6.459806477698628e-10,-2.526227741076398e-09,1.988150097902394e-14,-4.436429147555169e-08,-5.765283015912024e-08,3.936231691566497e-08,1.612437296975980e-04
8.200000000000000e+01,8.660253291787174e-01,2.886758213622464e-01,2.886756323944268e-01,2.886741738420747e-01,-4.163696678919975e-07,1.587938565671011e-08,2.404715552297090e-07,8.384697559595061e-09,-5.854962751485721e-10,-2.333106904460371e-09,1.781800778416677e-14,-4.233531898640958e-08,-5.471736750272350e-08,3.697978435039119e-08,1.471092230488363e-04
8.250000000000000e+01,8.660253406437327e-01,2.886757493026318e-01,2.886755897148547e-01,2.886742541867074e-01,-3.933560985409733e-07,1.394560642263998e-08,2.220883868741173e-07,8.623549807081325e-09,-5.290544512054174e-10,-2.154749450017447e-09,1.583079610288653e-14,-4.015173678192574e-08,-5.169088576983676e-08,3.462738273753555e-08,1.338371099893574e-04
8.300000000000000e+01,8.660253518366400e-01,2.886756811405142e-01,2.886755495926746e-01,2.886743288927013e-01,-3.698655112300469e-07,1.220085325404424e-08,2.051105444155763e-07,8.740663017186062e-09,-4.766017418746816e-10,-1.990026771810912e-09,1.394790912644339e-14,-3.786124584535341e-08,-4.861599975336645e-08,3.232086193659526e-08,1.214232563803615e-04
8.350000000000000e+01,8.660253626236830e-01,2.886756170296023e-01,2.886755119929511e-01,2.886743982425606e-01,-3.462035337905800e-07,1.063142739316370e-08,1.894305957966725e-07,8.753093404848824e-09,-4.280448173190867e-10,-1.837896539968556e-09,1.218936048575476e-14,-3.550525166631328e-08,-4.552953416565649e-08,3.007338502905260e-08,1.098574836141018e-04
8.400000000000000e+01,8.660253728999769e-01,2.886755570557981e-01,2.886754768648319e-01,2.886744625158977e-01,-3.226317514805191e-07,9.224010684465282e-09,1.749493217481513e-07,8.676387702684837e-09,-3.832591137531780e-10,-1.697396108562394e-09,1.056808787222127e-14,-3.311941208690099e-08,-4.246301227550557e-08,2.789576964481852e-08,9.912441216834200e-05
8.450000000000000e+01,8.660253825858745e-01,2.886755012468368e-01,2.886754441441051e-01,2.886745219881400e-01,-2.993716918044269e-07,7.965760759716188e-09,1.615750879845477e-07,8.524654104467347e-09,-3.420962542912288e-10,-1.567636414095708e-09,9.090982578528311e-15,-3.073415886546243e-08,-3.944312546107527e-08,2.579671730463558e-08,8.920426893707264e-05
8.500000000000000e+01,8.660253916236480e-01,2.886754495810337e-01,2.886754137555374e-01,2.886745769293939e-01,-2.766086121917657e-07,6.844382390895561e-09,1.492232653611273e-07,8.310636946097986e-09,-3.043904231143881e-10,-1.447796373126952e-09,7.759924161601717e-15,-2.837519183124851e-08,-3.649218171281687e-08,2.378303026695983e-08,8.007364558255546e-05
8.550000000000000e+01,8.660253999744769e-01,2.886754019951923e-01,2.886753856149987e-01,2.886746276034551e-01,-2.544950823705472e-07,5.848178533922159e-09,1.378156942582351e-07,8.045793787635966e-09,-2.699636727432516e-10,-1.337117663798101e-09,6.572770629092395e-15,-2.606394494424476e-08,-3.362853166534344e-08,2.185981556247799e-08,7.170619791266792e-05
8.600000000000000e+01,8.660254076157166e-01,2.886753583917145e-01,2.886753596313840e-01,2.886746742669646e-01,-2.331543563700481e-07,4.966084332791228e-09,1.272801900996796e-07,7.740373806370247e-09,-2.386304753885109e-10,-1.234899933927064e-09,5.524271425915106e-15,-2.381802391815582e-08,-3.086697115646296e-08,2.003067609206833e-08,6.407327544948909e-05
8.650000000000000e+01,8.660254145384392e-01,2.886753186449716e-01,2.886753357083369e-01,2.886747171686984e-01,-2.126835320332103e-07,4.187686792865198e-09,1.175500865580647e-07,7.403496500248164e-09,-2.102014348789367e-10,-1.140496374056042e-09,4.606883684634016e-15,-2.165161541543037e-08,-2.821911972171773e-08,1.829788877749091e-08,5.714447013206783e-05
8.700000000000000e+01,8.660254207452209e-01,2.886752826069779e-01,2.886753137457901e-01,2.886747565489822e-01,-1.931564983575225e-07,3.503232609113563e-09,1.085638137075412e-07,7.043229861920003e-09,-1.844864140076476e-10,-1.053309622090417e-09,3.811482269553422e-15,-1.957586808443246e-08,-2.569377476929532e-08,1.666256991179901e-08,5.088807053714961e-05
8.750000000000000e+01,8.660254262481684e-01,2.886752501124234e-01,2.886752936413298e-01,2.886747926392261e-01,-1.746266730598189e-07,2.903626216529622e-09,1.002645084151923e-07,6.666667345782473e-09,-1.612970461211472e-10,-9.727879728924080e-10,3.127961602825390e-15,-1.759924594363260e-08,-2.329724147712245e-08,1.512482794557257e-08,4.527140449421274e-05
8.800000000000000e+01,8.660254310671580e-01,2.886752209831068e-01,2.886752752913948e-01,2.886748256615654e-01,-1.571295344445039e-07,2.380420013105824e-09,9.259965455419391e-08,6.280003010370466e-09,-1.404487586321767e-10,-8.984219068018405e-10,2.545732589492106e-15,-1.572785480790612e-08,-2.103363867882372e-08,1.368390404956605e-08,4.026104975502422e-05
8.850000000000000e+01,8.660254352282803e-01,2.886751950318184e-01,2.886752585923229e-01,2.886748558286032e-01,-1.406849531305726e-07,1.925798273094302e-09,8.552075064733083e-08,5.888604421573119e-09,-1.217623708762204e-10,-8.297408522186199e-10,2.054121572916319e-15,-1.396574261223903e-08,-1.890518122931697e-08,1.233830084486179e-08,3.582289189721715e-05
8.900000000000000e+01,8.660254387624678e-01,2.886751720657190e-01,2.886752434412555e-01,2.886748833432424e-01,-1.252993303279386e-07,1.532556215514927e-09,7.898300294366274e-08,5.497082832368741e-09,-1.050653304506359e-10,-7.663102138490827e-10,1.642680510161089e-15,-1.231517460957219e-08,-1.691243949390914e-08,1.108589977257539e-08,3.192201456950900e-05
8.950000000000000e+01,8.660254417042949e-01,2.886751518892543e-01,2.886752297369098e-01,2.886749083985990e-01,-1.109675503563901e-07,1.194075331845545e-09,7.294504205117154e-08,5.109360442315872e-09,-9.019261097378583e-11,-7.077286117176118e-10,1.301418767089067e-15,-1.077688452097896e-08,-1.505457676554664e-08,9.924067607214054e-09,2.852242580002302e-05
9.000000000000000e+01,8.660254440909311e-01,2.886751343066505e-01,2.886752173802328e-01,2.886749311779917e-01,-9.767475567918644e-08,9.042960104095028e-10,6.736866111433077e-08,4.728734421769975e-09,-7.698738769396569e-11,-6.536253568294357e-10,1.020967346823515e-15,-9.350302789994475e-09,-1.332956548990736e-08,8.849752641645725e-09,2.558666196975001e-05
9.050000000000000e+01,8.660254459612408e-01,2.886751191240263e-01,2.886752062749420e-01,2.886749518549941e-01,-8.539795337145310e-08,6.576883229919287e-10,6.221857404108013e-08,4.357937610979856e-09,-6.530143407815604e-11,-6.036580959580648e-10,7.926862137350294e-16,-8.033763143629446e-09,-1.173438328495958e-08,7.859571116054864e-09,2.307536860355140e-05
9.100000000000000e+01,8.660254473550070e-01,2.886751061511594e-01,2.886751963279697e-01,2.886749705935469e-01,-7.410746222331255e-08,4.492216645959991e-10,5.746219223425434e-08,3.999195753280784e-09,-5.499538430806033e-11,-5.575106518762089e-10,6.087248135057809e-16,-6.824688690732007e-09,-1.026518979188325e-08,6.949884461734621e-09,2.094702159442063e-05
9.150000000000000e+01,8.660254483122762e-01,2.886750952029457e-01,2.886751874498145e-01,2.886749875481173e-01,-6.376820989109656e-08,2.743338385647393e-10,5.306941835008607e-08,3.654281198576817e-09,-4.593879196781818e-11,-5.148910107994885e-10,4.620450699805929e-16,-5.719758807194587e-09,-8.917485431421791e-09,6.116867936995074e-09,1.915799155953653e-05
9.200000000000000e+01,8.660254488728057e-01,2.886750861005767e-01,2.886751795548143e-01,2.886750028639056e-01,-5.434088964906028e-08,1.289001138281530e-10,4.901245591823982e-08,3.324563122901602e-09,-3.801009801935186e-11,-4.755294808131662e-10,3.464151683951732e-16,-4.715058058829073e-09,-7.686253169514224e-09,5.356571247436672e-09,1.766312276732604e-05
9.250000000000000e+01,8.660254490756050e-01,2.886750786724738e-01,2.886751725613446e-01,2.886750166770859e-01,-4.578298615883496e-08,9.202598639491698e-12,4.526563339215284e-08,3.011054216026712e-09,-3.109648476234280e-11,-4.391769944723432e-10,2.563813903723598e-16,-3.806208398108679e-09,-6.566084391496030e-09,4.664971706184337e-09,1.641687387668949e-05
9.300000000000000e+01,8.660254489585628e-01,2.886750727550019e-01,2.886751663919553e-01,2.886750291150783e-01,-3.804967971337842e-08,-8.809970665884191e-11,4.180524171264072e-08,2.714453944890730e-09,-2.509363286833097e-11,-4.056035240897889e-10,1.872242216709822e-16,-2.988485855810212e-09,-5.551289997743846e-09,4.038020514767660e-09,1.537488077200211e-05
9.350000000000000e+01,8.660254485581472e-01,2.886750681929895e-01,2.886751609734489e-01,2.886750402968468e-01,-3.109463808414653e-08,-1.659999493788284e-10,3.860938427897495e-08,2.435188490488064e-09,-1.990544071573713e-11,-3.745966232999169e-10,1.349039408165626e-16,-2.256922909371476e-09,-4.635997802217250e-09,3.471682704554237e-09,1.449564015689565e-05
9.400000000000000e+01,8.660254479091727e-01,2.886750648400834e-01,2.886751562369120e-01,2.886750503332162e-01,-2.487070490759076e-08,-2.271713697239173e-10,3.565783841845923e-08,2.173447376575774e-09,-1.544367461419666e-11,-3.459600874339541e-10,9.599995617303736e-17,-1.606397676028033e-09,-3.814237299577062e-09,2.961971270788880e-09,1.374196555577997e-05
9.450000000000000e+01,8.660254470446238e-01,2.886750625589530e-01,2.886751521177016e-01,2.886750593272057e-01,-1.933049324234897e-08,-2.739939642859468e-10,3.293192740156491e-08,1.929217041626928e-09,-1.162759290460673e-11,-3.195127088366324e-10,6.764730355831291e-17,-1.031711043006861e-09,-3.080012828061411e-09,2.504976010730900e-09,1.308195678653447e-05
9.500000000000000e+01,8.660254459955304e-01,2.886750612213727e-01,2.886751485553976e-01,2.886750673743729e-01,-1.442689255492035e-08,-3.085798199357877e-10,3.041440227556520e-08,1.702311354116405e-09,-8.383555688637561e-12,-2.950871336828493e-10,4.747295851785418e-17,-5.276527851039615e-10,-2.427366127199887e-09,2.096887550150072e-09,1.248938836150800e-05
9.550000000000000e+01,8.660254447908849e-01,2.886750607081936e-01,2.886751454937227e-01,2.886750745631649e-01,-1.011349708076215e-08,-3.327970714985692e-10,2.808933272494095e-08,1.492399302596144e-09,-5.644609439535286e-12,-2.725288021005570e-10,3.353395912081590e-17,-8.905768420347669e-11,-1.850429249913791e-09,1.734017020521265e-09,1.194357763645418e-05
9.600000000000000e+01,8.660254434575992e-01,2.886750609092276e-01,2.886751428804378e-01,2.886750809752746e-01,-6.344963030988286e-09,-3.482923773581251e-10,2.594200622730486e-08,1.299029978812328e-09,-3.350066390259214e-12,-2.516949756863328e-10,2.425877501971979e-17,2.891473931202083e-10,-1.343468725293250e-09,1.412811828004107e-09,1.142888185116167e-05
9.650000000000000e+01,8.660254420204923e-01,2.886750617230516e-01,2.886751406672152e-01,2.886750866859956e-01,-3.077301743998129e-09,-3.565119582465580e-10,2.395883497293571e-08,1.121655040682200e-09,-1.445090860587980e-12,-2.324538138377783e-10,1.839289254752434e-17,6.119045648744344e-10,-9.009218411638774e-10,1.129867926024364e-09,1.093399139501203e-05
9.700000000000000e+01,8.660254405023049e-01,2.886750630567536e-01,2.886751388094941e-01,2.886750917645783e-01,-2.681154032959398e-10,-3.587211681176333e-10,2.212726988460589e-08,9.596487517577031e-10,1.197307017683877e-13,-2.146835745669429e-10,1.494920467869083e-17,8.839933047043478e-10,-5.174258465921530e-10,8.819389757788999e-10,1.045115736513161e-05
9.750000000000000e+01,8.660254389237371e-01,2.886750648256262e-01,2.886751372663259e-01,2.886750962745784e-01,2.123218345531272e-09,-3.560226553717743e-10,2.043572122860070e-08,8.123258046253912e-10,1.388767297620192e-12,-1.982718026672728e-10,1.316349176170996e-17,1.110005315760430e-09,-1.878408506378673e-10,6.659427588997803e-10,9.975448325236971e-06
9.800000000000000e+01,8.660254373035040e-01,2.886750669528218e-01,2.886751360002062e-01,2.886751002742027e-01,4.135407153758365e-09,-3.493731768501517e-10,1.887348525899539e-08,6.789570816675445e-10,2.401754027777724e-12,-1.831146520582589e-10,1.245504332423924e-17,1.294325181610968e-09,9.273288192500149e-11,4.789651666323711e-10,9.504087476992783e-06
9.850000000000000e+01,8.660254356584064e-01,2.886750693689788e-01,2.886751349769021e-01,2.886751038166441e-01,5.805144645472817e-09,-3.395990254984729e-10,1.743067650707880e-08,5.587834735518732e-10,3.194157312295855e-12,-1.691162057783625e-10,1.239229497926940e-17,1.441116103273352e-09,3.289425762971250e-10,3.182620901303802e-10,9.035892053737069e-06
9.900000000000000e+01,8.660254340034123e-01,2.886750720118255e-01,2.886751341652728e-01,2.886751069504098e-01,7.167046034876483e-09,-3.274102325175876e-10,1.609816520473551e-08,4.510279418565821e-10,3.797548069297485e-12,-1.561878908526397e-10,1.266322713750249e-17,1.554310095631235e-09,5.251749160432409e-10,1.812594824725522e-10,8.570816042527708e-06
9.950000000000000e+01,8.660254323517487e-01,2.886750748257699e-01,2.886751335370923e-01,2.886751097196379e-01,8.253614131025950e-09,-3.134135403463781e-10,1.486751950440208e-08,3.549059482972573e-10,4.239898035109703e-12,-1.442479002904231e-10,1.305018659963188e-17,1.637602067692914e-09,6.855517797432066e-10,6.555185985546793e-11,8.109587877877409e-06
1.000000000000000e+02,8.660254307149989e-01,2.886750777614835e-01,2.886751330668660e-01,2.886751121644009e-01,9.095231464390190e-09,-2.981242203762657e-10,1.373095215682459e-08,2.696344027980215e-10,4.545966862457046e-12,-1.332206756055141e-10,1.340873943086456e-17,1.694447250368344e-09,8.139292196046858e-10,-3.110051586263631e-11,7.653429793637365e-06
1.005000000000000e+02,8.660254291032040e-01,2.886750807754809e-01,2.886751327316541e-01,2.886751143210011e-01,9.720174763430704e-09,-2.819768474600664e-10,1.268127122090289e-08,1.944392574607086e-10,4.737542471410390e-12,-1.230364443000168e-10,1.365013756351855e-17,1.728061494643671e-09,9.138992147469422e-10,-1.107755687441143e-10,7.203844793200451e-06
1.010000000000000e+02,8.660254275249674e-01,2.886750838297035e-01,2.886751325108947e-01,2.886751162222487e-01,1.015464823518959e-08,-2.653349985147106e-10,1.171183453757068e-08,1.285618672664637e-10,4.833764727674624e-12,-1.136307589252748e-10,1.372697604499479e-17,1.741423990341436e-09,9.887937704028352e-10,-1.753942435714145e-10,6.762458369232454e-06
1.015000000000000e+02,8.660254259875587e-01,2.886750868911099e-01,2.886751323862330e-01,2.886751178977304e-01,1.042283253876792e-08,-2.485000660468153e-10,1.081650772333480e-08,7.126423711935788e-11,4.851356936397014e-12,-1.049441096547015e-10,1.362162779103268e-17,1.737282020984008e-09,1.041690965983317e-09,-2.267260802697659e-10,6.330903329982880e-06
1.020000000000000e+02,8.660254244970200e-01,2.886750899312739e-01,2.886751323413547e-01,2.886751193740617e-01,1.054694659393931e-08,-2.317191861478193e-10,9.989625326470167e-09,2.183330826761670e-11,4.804887026786902e-12,-9.692151656175757e-11,1.333706331135298e-17,1.718157387764176e-09,1.075422606849945e-09,-2.663953661999883e-10,5.910738891976507e-06
1.025000000000000e+02,8.660254230582669e-01,2.886750929259969e-01,2.886751323618243e-01,2.886751206751291e-01,1.054731972358810e-08,-2.151923434247838e-10,9.225955067691025e-09,-2.041566640510052e-11,4.706986236258182e-12,-8.951222347773111e-11,1.288969137342541e-17,1.686354193947209e-09,1.092583166892809e-09,-2.958877212504923e-10,5.503395495403661e-06
1.030000000000000e+02,8.660254216751898e-01,2.886750958549343e-01,2.886751324349326e-01,2.886751218223151e-01,1.044247181849893e-08,-1.990787270314945e-10,8.520664594158553e-09,-5.613654661942783e-11,4.568547951630168e-12,-8.266933970093279e-11,1.230388878020891e-17,1.643967684956506e-09,1.095539741325040e-09,-3.165570035342623e-10,5.110139811080292e-06
1.035000000000000e+02,8.660254203507506e-01,2.886750987012386e-01,2.886751325495488e-01,2.886751228347130e-01,1.024919954086472e-08,-1.835024321427768e-10,7.869290999936574e-09,-8.595040678850474e-11,4.398929687440792e-12,-7.634957130943337e-11,1.160792300057139e-17,1.592893914316604e-09,1.086442750841889e-09,-3.296324121309008e-10,4.732054804128026e-06
1.040000000000000e+02,8.660254190870761e-01,2.886751014512181e-01,2.886751326959799e-01,2.886751237293262e-01,9.982666805507970e-09,-1.685574535616354e-10,7.267712542185958e-09,-1.104442313886113e-10,4.206129467619236e-12,-7.051292523418372e-11,1.083100620781986e-17,1.534839992495379e-09,1.067237196675551e-09,-3.362256963698745e-10,4.370031336273072e-06
1.045000000000000e+02,8.660254178855461e-01,2.886751040940160e-01,2.886751328658413e-01,2.886751245212568e-01,9.656498000513911e-09,-1.543122299685428e-10,6.712122550383541e-09,-1.301702012421976e-10,3.996907712156524e-12,-6.512247163888873e-11,1.000125416267603e-17,1.471334741219798e-09,1.039674252059832e-09,-3.373384017206430e-10,4.024767656559205e-06
1.050000000000000e+02,8.660254167468792e-01,2.886751066213072e-01,2.886751330519292e-01,2.886751252238794e-01,9.282872605222384e-09,-1.408135537894395e-10,6.199005370474765e-09,-1.456453562972279e-10,3.776984303647278e-12,-6.014409694549608e-11,9.144355962128764e-18,1.403739572435377e-09,1.005323045561236e-09,-3.338690581967926e-10,3.696775499010876e-06
1.055000000000000e+02,8.660254156712094e-01,2.886751090270140e-01,2.886751332481059e-01,2.886751258490048e-01,8.872620057830504e-09,-1.280900732823195e-10,5.725114112916074e-09,-1.573517321273258e-10,3.551117706167965e-12,-5.554630247649323e-11,8.282790991677165e-18,1.333259451834857e-09,9.655824776649034e-10,-3.266202716460568e-10,3.386389841888815e-06
1.060000000000000e+02,8.660254146581633e-01,2.886751113070425e-01,2.886751334491901e-01,2.886751264070312e-01,8.435313873621998e-09,-1.161553397848956e-10,5.287450097995148e-09,-1.657367767648647e-10,3.323257602070515e-12,-5.129999302339314e-11,7.435456962519297e-18,1.260953817153882e-09,9.216929540924371e-10,-3.163056561404397e-10,3.093781858197960e-06
1.065000000000000e+02,8.660254137069265e-01,2.886751134590362e-01,2.886751336508552e-01,2.886751269070826e-01,7.979364184659810e-09,-1.050104818674344e-10,4.883243904897008e-09,-1.712140820500627e-10,3.096632066432833e-12,-4.737829280614491e-11,6.617597508259950e-18,1.187747349090378e-09,8.747479276422815e-10,-3.035565679859905e-10,2.818973487030753e-06
1.070000000000000e+02,8.660254128163095e-01,2.886751154821495e-01,2.886751338495351e-01,2.886751273571408e-01,7.512108043192964e-09,-9.464650980300756e-11,4.509937806389327e-09,-1.741643116493928e-10,2.873851640404672e-12,-4.375639838441915e-11,5.840939384150539e-18,1.114440505018628e-09,8.257051715377923e-10,-2.889286099892657e-10,2.561852945578613e-06
1.075000000000000e+02,8.660254119848050e-01,2.886751173768384e-01,2.886751340423381e-01,2.886751277641619e-01,7.039896895574381e-09,-8.504635960107756e-11,4.165169570286316e-09,-1.749363458843088e-10,2.656974019580938e-12,-4.041138212520118e-11,5.113967930627450e-18,1.041719746814011e-09,7.753977010165468e-10,-2.729078806535720e-10,2.322190728001942e-06
1.080000000000000e+02,8.660254112106440e-01,2.886751191446697e-01,2.886751342269657e-01,2.886751281341867e-01,6.568180818718342e-09,-7.618661298941409e-11,3.846757607481405e-09,-1.738485529447593e-10,2.447610139496509e-12,-3.732207957313713e-11,4.442285443799362e-18,9.701674085966172e-10,7.245442993623052e-10,-2.559169378616936e-10,2.099655267435063e-06
1.085000000000000e+02,8.660254104918426e-01,2.886751207881466e-01,2.886751344016391e-01,2.886751284724405e-01,6.101589088681656e-09,-6.803897854589063e-11,3.552687066879776e-09,-1.711901886401524e-10,2.246969966880681e-12,-3.446894392885021e-11,3.829010184498656e-18,9.002711391456262e-10,6.737595952421057e-10,-2.383204749354760e-10,1.893828108258464e-06
1.090000000000000e+02,8.660254098262482e-01,2.886751223105510e-01,2.886751345650339e-01,2.886751287834251e-01,5.644006899836236e-09,-6.057156482660893e-11,3.281097135256566e-09,-1.672228727175848e-10,2.055922233999270e-12,-3.183392175253812e-11,3.275185197776090e-18,8.324329085692072e-10,6.235636607516443e-10,-2.204306903460753e-10,1.704218312868002e-06
1.095000000000000e+02,8.660254092115790e-01,2.886751237158001e-01,2.886751347162163e-01,2.886751290710010e-01,5.198648008030151e-09,-5.374996684407166e-11,3.030269234148248e-09,-1.621821030601150e-10,1.875056518720498e-12,-2.940033763655139e-11,2.780174779805965e-18,7.669775397862863e-10,5.743911064316666e-10,-2.025123516720153e-10,1.530275806318035e-06
1.100000000000000e+02,8.660254086454604e-01,2.886751250083193e-01,2.886751348545901e-01,2.886751293384640e-01,4.768123211963357e-09,-4.753815081644567e-11,2.798616202051287e-09,-1.562788392560159e-10,1.704726337463575e-12,-2.715278959068366e-11,2.342033820983988e-18,7.041607571074815e-10,5.265996623292261e-10,-1.847875434783628e-10,1.371403320456022e-06
1.105000000000000e+02,8.660254081254565e-01,2.886751261929260e-01,2.886751349798456e-01,2.886751295886135e-01,4.354504566886992e-09,-4.189923358114370e-11,2.584672209044962e-09,-1.497010474891087e-10,1.545077480311383e-12,-2.507705506622180e-11,1.957840754487332e-18,6.441767331982842e-10,4.804782279320375e-10,-1.674401121247812e-10,1.226966977987101e-06
1.110000000000000e+02,8.660254076490983e-01,2.886751272747303e-01,2.886751350919141e-01,2.886751298238155e-01,3.959385390786457e-09,-3.679609174688768e-11,2.387083459719867e-09,-1.426152902958498e-10,1.396106764594770e-12,-2.316000564257517e-11,1.623989363833887e-18,5.871651410003532e-10,4.362544034922668e-10,-1.506198027069960e-10,1.096304868559588e-06
1.115000000000000e+02,8.660254072139085e-01,2.886751282590432e-01,2.886751351909292e-01,2.886751300460565e-01,3.583936014431428e-09,-3.219187296710554e-11,2.204599643332035e-09,-1.351682672338727e-10,1.257664511631538e-12,-2.138950970402328e-11,1.336437787603735e-18,5.332177064186444e-10,3.941014906301734e-10,-1.344460937530281e-10,9.787338730390531e-07
1.120000000000000e+02,8.660254068174240e-01,2.886751291512985e-01,2.886751352771890e-01,2.886751302569951e-01,3.228955455887143e-09,-2.805041382174453e-11,2.036066034108593e-09,-1.274883028647436e-10,1.129509373612295e-12,-1.975436080287960e-11,1.090915564346227e-18,4.823842803153997e-10,3.541449860339585e-10,-1.190117451893061e-10,8.735541502976085e-07
1.125000000000000e+02,8.660254064572129e-01,2.886751299569842e-01,2.886751353511254e-01,2.886751304580062e-01,2.894919049937298e-09,-2.433654012263122e-11,1.880416200343302e-09,-1.196868385009258e-10,1.011312141067343e-12,-1.824421190789236e-11,8.830910366523060e-19,4.346784307236322e-10,3.164685751740945e-10,-1.043860608147600e-10,7.800508774450592e-07
1.130000000000000e+02,8.660254061308909e-01,2.886751306815847e-01,2.886751354132761e-01,2.886751306502215e-01,2.582022136047980e-09,-2.101634702021668e-11,1.736665227867168e-09,-1.118598566631953e-10,9.026807649217730e-13,-1.684950898481588e-11,7.087025316913227e-19,3.900825688956856e-10,2.811196313845759e-10,-9.061788486120757e-11,6.974934548917717e-07
1.135000000000000e+02,8.660254058361343e-01,2.886751313305281e-01,2.886751354642592e-01,2.886751308345647e-01,2.290220037088072e-09,-1.805736832266129e-11,1.603903512255306e-09,-1.040892119913599e-10,8.031738463096241e-13,-1.556142184175293e-11,5.636573976635841e-19,3.485526356891933e-10,2.481142565421741e-10,-7.773833605276384e-11,6.251325423940512e-07
1.140000000000000e+02,8.660254055706911e-01,2.886751319091457e-01,2.886751355047519e-01,2.886751310117834e-01,2.019264434680458e-09,-1.542872826548816e-11,1.481290963815974e-09,-9.644395667315657e-11,7.123243976970144e-13,-1.437180640276518e-11,4.441031076192496e-19,3.100223594815810e-10,2.174418706217174e-10,-6.576330098621346e-11,5.621950391318740e-07
1.145000000000000e+02,8.660254053323899e-01,2.886751324226355e-01,2.886751355354725e-01,2.886751311824773e-01,1.768736311444535e-09,-1.310122731671730e-11,1.368051700951211e-09,-8.898154914855825e-11,6.296367755398107e-13,-1.327313366720135e-11,3.464747075543953e-19,2.744071073619589e-10,1.890693742370381e-10,-5.469568960993804e-11,5.078795946307158e-07
1.150000000000000e+02,8.660254051191461e-01,2.886751328760324e-01,2.886751355571630e-01,2.886751313471215e-01,1.538075709515121e-09,-1.104738081538683e-11,1.263469141314736e-09,-8.174902056054971e-11,5.546151998582805e-13,-1.225845497135888e-11,2.675227046385537e-19,2.416073575768492e-10,1.629449149621523e-10,-4.452747366810644e-11,4.613540314443610e-07
1.155000000000000e+02,8.660254049289678e-01,2.886751332741864e-01,2.886751355705767e-01,2.886751315060884e-01,1.326608389665449e-09,-9.241446081667527e-12,1.166881517616109e-09,-7.478408025326138e-11,4.867549447475347e-13,-1.132134343501914e-11,2.043251379407430e-19,2.115118064326587e-10,1.390012638658829e-10,-3.524151563975925e-11,4.217581959719544e-07
1.160000000000000e+02,8.660254047599598e-01,2.886751336217430e-01,2.886751355764657e-01,2.886751316596669e-01,1.133569679672016e-09,-7.659414624220747e-12,1.077677667184560e-09,-6.811610857985495e-11,4.255636311902847e-13,-1.045586826486332e-11,1.542872634322904e-19,1.840001379955343e-10,1.171588431705426e-10,-2.681320986423375e-11,3.882139874288370e-07
1.165000000000000e+02,8.660254046103246e-01,2.886751339231305e-01,2.886751355755720e-01,2.886751318080784e-01,9.581256244522451e-10,-6.278985342093354e-12,9.952931078551608e-10,-6.176713858506384e-11,3.705525137431800e-13,-9.656556039162702e-12,1.151318298303506e-19,1.589454717413738e-10,9.732841713190499e-11,-1.921194380760524e-11,3.598434499601072e-07
1.170000000000000e+02,8.660254044783651e-01,2.886751341825500e-01,2.886751355686196e-01,2.886751319514899e-01,7.993916868774753e-10,-5.079534558440655e-12,9.192065501009472e-10,-5.575271826178522e-11,3.212433422997781e-13,-8.918346636892212e-12,8.488255240068002e-20,1.362165257110566e-10,7.941347226961734e-11,-1.240239024262279e-11,3.357933543582837e-07
1.175000000000000e+02,8.660254043624835e-01,2.886751344039699e-01,2.886751355563074e-01,2.886751320900270e-01,6.564491242951113e-10,-4.042055153665767e-12,8.489365556939102e-10,-5.008273815527466e-11,2.771842500041385e-13,-8.236568172627558e-12,6.184292563958341e-20,1.156794974787473e-10,6.331231092211085e-11,-6.345647172077202e-12,3.152617822419655e-07
1.180000000000000e+02,8.660254042611815e-01,2.886751345911224e-01,2.886751355393043e-01,2.886751322237834e-01,5.283592670235862e-10,-3.149076143210791e-12,7.840384447415739e-10,-4.476217327578308e-11,2.379378224909359e-13,-7.606913511301651e-12,4.457218576949735e-20,9.719969552546514e-11,4.891988287183447e-11,-1.000236395906421e-12,2.975221960982641e-07
1.185000000000000e+02,8.660254041730587e-01,2.886751347475032e-01,2.886751355182459e-01,2.886751323528297e-01,4.141758699381845e-10,-2.384609412224212e-12,7.241015559987266e-10,-3.979176424166287e-11,2.030954434892936e-13,-7.025395790995078e-12,3.185986559137302e-20,8.064294863057874e-11,3.612936952803730e-11,3.677028507223672e-12,2.819408154934229e-07
1.190000000000000e+02,8.660254040968098e-01,2.886751348763739e-01,2.886751354937315e-01,2.886751324772198e-01,3.129556756087750e-10,-1.734057574600844e-12,6.687465993981011e-10,-3.516865550852392e-11,1.722593318673040e-13,-6.488331683324069e-12,2.270005401196378e-20,6.587679657224640e-11,2.483354939122472e-11,7.730291968265317e-12,2.679852362879731e-07
1.195000000000000e+02,8.660254040312234e-01,2.886751349807652e-01,2.886751354663215e-01,2.886751325969978e-01,2.237673899273995e-10,-1.184139322238223e-12,6.176233234661926e-10,-3.088694523116382e-11,1.450707031443363e-13,-5.992323562922308e-12,1.626623297644493e-20,5.277149867979861e-11,1.492595964296772e-11,1.120401523885816e-11,2.552243498827471e-07
1.200000000000000e+02,8.660254039751770e-01,2.886751350634839e-01,2.886751354365377e-01,2.886751327122022e-01,1.456991534533727e-10,-7.228137313250148e-13,5.704082260285930e-10,-2.693822946754318e-11,1.211750298020713e-13,-5.534230951617365e-12,1.188729922571606e-20,4.120085856832754e-11,6.301871427439035e-12,1.414242982704635e-11,2.433218173283831e-07
1.205000000000000e+02,8.660254039276353e-01,2.886751351271178e-01,2.886751354048610e-01,2.886751328228702e-01,7.786473480364813e-11,-3.391996227050555e-13,5.268025608679707e-10,-2.331202685086814e-11,1.002556166229955e-13,-5.111158387498301e-12,9.025216712898661e-21,3.104290305686417e-11,-1.140898024367733e-12,1.658908225041638e-11,2.320249240222629e-07
1.210000000000000e+02,8.660254038876456e-01,2.886751351740454e-01,2.886751353717328e-01,2.886751329290401e-01,1.940853005535118e-11,-2.348317472044740e-14,4.865303993732094e-10,-1.999621466708519e-11,8.201828749837080e-14,-4.720428385795172e-12,7.254554760988975e-21,2.218041550048465e-11,-7.501320519314140e-12,1.858645578254927e-11,2.211517767688037e-07
1.215000000000000e+02,8.660254038543340e-01,2.886751352064432e-01,2.886751353375551e-01,2.886751330307543e-01,-3.049049842915608e-11,2.331495716768115e-13,4.493368963086879e-10,-1.697739286003291e-11,6.618134053059849e-14,-4.359569755591441e-12,6.244059649287336e-21,1.450134781357870e-11,-1.287462937145246e-11,2.017566351297360e-11,2.105780791734883e-07
1.220000000000000e+02,8.660254038269023e-01,2.886751352262960e-01,2.886751353026915e-01,2.886751331280604e-01,-7.261580030558855e-11,4.385977699113383e-13,4.149866932202187e-10,-1.424119878205065e-11,5.249620178820046e-14,-4.026295967078366e-12,5.740297031763707e-21,7.899124134863485e-12,-1.735190609651610e-11,2.139620524655020e-11,2.002249062975406e-07
1.225000000000000e+02,8.660254038046223e-01,2.886751352354059e-01,2.886751352674685e-01,2.886751332210128e-01,-1.077110460645995e-10,5.999120752077440e-13,3.832624445575291e-10,-1.177260497637600e-11,4.072279671215830e-14,-3.718500207675304e-12,5.553328428954904e-21,2.272847952846855e-12,-2.101977383161252e-11,2.228577880836952e-11,1.900479135691850e-07
1.230000000000000e+02,8.660254037868335e-01,2.886751352354041e-01,2.886751352321767e-01,2.886751333096734e-01,-1.364786862270878e-10,7.233702546090728e-13,3.539633927359299e-10,-9.556172825013830e-12,3.065543362568163e-14,-3.434233834576039e-12,5.544330159628437e-21,-2.472581771713536e-12,-2.396018340364252e-11,2.288014050522584e-11,1.800283770706640e-07
1.235000000000000e+02,8.660254037729372e-01,2.886751352277586e-01,2.886751351970729e-01,2.886751333941118e-01,-1.595791092238052e-10,8.145423038658498e-13,3.269041468023552e-10,-7.576250513577535e-12,2.209602612655798e-14,-3.171700152181910e-12,5.615028586306767e-21,-6.426419537498606e-12,-2.625027838274911e-11,2.321300977852392e-11,1.701656834401983e-07
1.240000000000000e+02,8.660254037623939e-01,2.886751352137863e-01,2.886751351623816e-01,2.886751334744054e-01,-1.776303505647334e-10,8.783576796690019e-13,3.019134768946997e-10,-5.817175000193092e-12,1.486959907841094e-14,-2.929236702634789e-12,5.698793931925965e-21,-9.672089685995440e-12,-2.796232824623183e-11,2.331600869871892e-11,1.604716049254211e-07
1.245000000000000e+02,8.660254037547184e-01,2.886751351946628e-01,2.886751351282975e-01,2.886751335506396e-01,-1.912082752463742e-10,9.191612313274377e-13,2.788332544999884e-10,-4.263430047006008e-12,8.815159550317358e-15,-2.705307192458544e-12,5.753230254438887e-21,-1.228725467929351e-11,-2.916372395790254e-11,2.321863548705746e-11,1.509657090466627e-07
1.250000000000000e+02,8.660254037494766e-01,2.886751351714316e-01,2.886751350949862e-01,2.886751336229072e-01,-2.008471439612696e-10,9.407748053343337e-13,2.575174308816364e-10,-2.899760129317003e-12,3.792214594656648e-15,-2.498495709345839e-12,5.754088863420566e-21,-1.434392943357738e-11,-2.991702111455969e-11,2.294826380192735e-11,1.416717602274922e-07
1.255000000000000e+02,8.660254037462811e-01,2.886751351450154e-01,2.886751350625881e-01,2.886751336913082e-01,-2.070404988311580e-10,9.465430305992836e-13,2.378311167666570e-10,-1.711314023112577e-12,-3.333001416692984e-16,-2.307496800490031e-12,5.690339085526090e-21,-1.590863018330045e-11,-3.028002607798816e-11,2.253016432841123e-11,1.326153285743739e-07
1.260000000000000e+02,8.660254037447879e-01,2.886751351162242e-01,2.886751350312191e-01,2.886751337559479e-01,-2.102423744804261e-10,9.393705834387474e-13,2.196497655996505e-10,-6.837095862683724e-13,-3.676601372738036e-15,-2.131093113177087e-12,5.560238812147147e-21,-1.704255884997397e-11,-3.030592515606522e-11,2.198754982426243e-11,1.238218291298100e-07
1.265000000000000e+02,8.660254037446926e-01,2.886751350857655e-01,2.886751350009730e-01,2.886751338169386e-01,-2.108686595719158e-10,9.217853908560366e-13,2.028583231420671e-10,1.968794017441248e-13,-6.346510109997714e-15,-1.968176757282561e-12,5.368249127275663e-21,-1.780180858164205e-11,-3.004342916650363e-11,2.134163056584124e-11,1.153151399068794e-07
1.270000000000000e+02,8.660254037457275e-01,2.886751350542522e-01,2.886751349719234e-01,2.886751338743969e-01,-2.092986692507418e-10,8.959662853575051e-13,1.873505375283575e-10,9.436850258574833e-13,-8.435120542572612e-15,-1.817715014067992e-12,5.122663425610254e-21,-1.823758707277121e-11,-2.953695068785982e-11,2.061168591263793e-11,1.071167284555835e-07
1.275000000000000e+02,8.660254037476584e-01,2.886751350222112e-01,2.886751349441253e-01,2.886751339284435e-01,-2.058768278057571e-10,8.637810963678574e-13,1.730282790181799e-10,1.569290541828228e-12,-1.002608072651460e-14,-1.678756150680361e-12,4.833823984381052e-21,-1.839645358429950e-11,-2.882679409929318e-11,1.981514406476935e-11,9.924511753850382e-08
1.280000000000000e+02,8.660254037502809e-01,2.886751349900922e-01,2.886751349176176e-01,2.886751339792024e-01,-2.009144694450821e-10,8.268290536882676e-13,1.598009196835635e-10,2.085594759909161e-12,-1.119247385558683e-14,-1.550420623091307e-12,4.512820130446579e-21,-1.832056830070934e-11,-2.794936099244883e-11,1.896767195548580e-11,9.171561185426696e-08
1.285000000000000e+02,8.660254037534186e-01,2.886751349582739e-01,2.886751348924246e-01,2.886751340268005e-01,-1.946916875453296e-10,7.864654945406773e-13,1.475847522446807e-10,2.503815530214121e-12,-1.200118726378570e-14,-1.431895960220565e-12,4.170571857345875e-21,-1.804794522405129e-11,-2.693736405664140e-11,1.808326802607614e-11,8.454006672152274e-08
1.290000000000000e+02,8.660254037569197e-01,2.886751349270721e-01,2.886751348685569e-01,2.886751340713665e-01,-1.874592054469473e-10,7.438332091646241e-13,1.363024542292175e-10,2.834463656649629e-12,-1.250835386760764e-14,-1.322435699742839e-12,3.817218004985468e-21,-1.761270620081259e-11,-2.582004390567285e-11,1.717435880990966e-11,7.772699447069741e-08
1.295000000000000e+02,8.660254037606552e-01,2.886751348967457e-01,2.886751348460144e-01,2.886751341130295e-01,-1.794402973266030e-10,6.998880240274510e-13,1.258826206855879e-10,3.087350679669236e-12,-1.276466191694549e-14,-1.221340676754079e-12,3.461742389710230e-21,-1.704533806050321e-11,-2.462339402793696e-11,1.625190083922920e-11,7.128170349330080e-08
1.300000000000000e+02,8.660254037645156e-01,2.886751348675026e-01,2.886751348247858e-01,2.886751341519197e-01,-1.708326329554975e-10,6.554344847308155e-13,1.162593492693659e-10,3.271602750324555e-12,-1.280972440830662e-14,-1.127973652897111e-12,3.111776572348518e-21,-1.637293872178044e-11,-2.337037644447334e-11,1.532548095765712e-11,6.520637340584635e-08
1.305000000000000e+02,8.660254037684096e-01,2.886751348395066e-01,2.886751348048524e-01,2.886751341881668e-01,-1.618101765007463e-10,6.111299844996828e-13,1.073717361809527e-10,3.395650213369386e-12,-1.268587151505296e-14,-1.041746836190005e-12,2.773536250106640e-21,-1.561947207465619e-11,-2.208114524886641e-11,1.440341331074972e-11,5.950045986256271e-08
1.310000000000000e+02,8.660254037722619e-01,2.886751348128819e-01,2.886751347861874e-01,2.886751342218993e-01,-1.525249854078902e-10,5.675037533339001e-13,9.916353571688641e-11,3.467268704784281e-12,-1.242441294796550e-14,-9.621098917997068e-13,2.451850179806019e-21,-1.480600459906697e-11,-2.077325972400438e-11,1.349283825513256e-11,5.416086257725532e-08
1.315000000000000e+02,8.660254037760113e-01,2.886751347877174e-01,2.886751347687582e-01,2.886751342532449e-01,-1.431089695370723e-10,5.249780370125958e-13,9.158282680192560e-11,3.493595882105196e-12,-1.205690070272985e-14,-8.885587997656435e-13,2.150252362854642e-21,-1.395093690262403e-11,-1.946189248850753e-11,1.259981931072214e-11,4.918218810971774e-08
1.320000000000000e+02,8.660254037796090e-01,2.886751347640724e-01,2.886751347525267e-01,2.886751342823289e-01,-1.336755971627063e-10,4.838737483279333e-13,8.458165161456022e-11,3.481148963364498e-12,-1.160814066199894e-14,-8.206297156527469e-13,1.871113347328806e-21,-1.307022909439487e-11,-1.816003201288610e-11,1.172943421066259e-11,4.455710780181285e-08
1.325000000000000e+02,8.660254037830165e-01,2.886751347419800e-01,2.886751347374506e-01,2.886751343092747e-01,-1.243215239406530e-10,4.444338879233246e-13,7.811568379429074e-11,3.435854519472466e-12,-1.110070647015478e-14,-7.578972706458031e-13,1.615792374844115e-21,-1.217761630795972e-11,-1.687867453063868e-11,1.088586410979915e-11,4.027657430531841e-08
1.330000000000000e+02,8.660254037862057e-01,2.886751347214509e-01,2.886751347234845e-01,2.886751343342021e-01,-1.151281472102898e-10,4.068359435865132e-13,7.214401528373776e-11,3.363083556654934e-12,-1.055013237577034e-14,-6.999582293623433e-13,1.384797415730215e-21,-1.128480966225419e-11,-1.562701021096389e-11,1.007248195521783e-11,3.633016217746502e-08
1.335000000000000e+02,8.660254037891563e-01,2.886751347024771e-01,2.886751347105803e-01,2.886751343572287e-01,-1.061630739813009e-10,3.712074320640532e-13,6.662885205332887e-11,3.267673204323880e-12,-9.969842543366908e-15,-6.464514250059106e-13,1.177942081615475e-21,-1.040169043314351e-11,-1.441259653151843e-11,9.291932130249677e-12,3.270624174344955e-08
1.340000000000000e+02,8.660254037918549e-01,2.886751346850342e-01,2.886751346986881e-01,2.886751343784679e-01,-9.748151347181193e-11,3.376238413790824e-13,6.153529136797991e-11,3.153967190712115e-12,-9.371915770900206e-15,-5.970350694935237e-13,9.944939716837740e-22,-9.536490758845671e-12,-1.324152569341305e-11,8.546207072297067e-12,2.939225339543400e-08
1.345000000000000e+02,8.660254037942943e-01,2.886751346690852e-01,2.886751346877574e-01,2.886751343980295e-01,-8.912758941021801e-11,3.061277076418659e-13,5.683111326595555e-11,3.025831964404380e-12,-8.771338722861952e-15,-5.513924498449165e-13,8.333096636415112e-22,-8.695964886036899e-12,-1.211858040046738e-11,7.836721549627667e-12,2.637496054793415e-08
1.350000000000000e+02,8.660254037964720e-01,2.886751346545821e-01,2.886751346777365e-01,2.886751344160201e-01,-8.113555114748103e-11,2.767061940197442e-13,5.248653844065114e-11,2.886708932971543e-12,-8.176445018094490e-15,-5.092427141744118e-13,6.929534662085914e-22,-7.885547310299986e-12,-1.104738045907468e-11,7.164375348073315e-12,2.364042106938292e-08
1.355000000000000e+02,8.660254037983905e-01,2.886751346414687e-01,2.886751346685734e-01,2.886751344325414e-01,-7.353091458122557e-11,2.493520624554385e-13,4.847407166807967e-11,2.739628739532741e-12,-7.581471302642893e-15,-4.703128255933238e-13,5.717999876604932e-22,-7.109502784020899e-12,-1.003051445524741e-11,6.529623114018922e-12,2.117435380624781e-08
1.360000000000000e+02,8.660254038000550e-01,2.886751346296813e-01,2.886751346602175e-01,2.886751344476914e-01,-6.633150949888103e-11,2.240233556567578e-13,4.476835904605019e-11,2.587252120928026e-12,-7.010323446961786e-15,-4.343569741808857e-13,4.681197921585327e-22,-6.371059359051919e-12,-9.069669894663563e-12,5.932529264427360e-12,1.896210998653091e-08
1.365000000000000e+02,8.660254038014734e-01,2.886751346191526e-01,2.886751346526180e-01,2.886751344615639e-01,-5.954845922376695e-11,2.006454873894442e-13,4.134592697820781e-11,2.431884943696314e-12,-6.457860143180915e-15,-4.011537946137326e-13,3.801489689125271e-22,-5.672539924712045e-12,-8.165748517691068e-12,5.372817984367180e-12,1.698868699025559e-08
1.370000000000000e+02,8.660254038026569e-01,2.886751346098110e-01,2.886751346457251e-01,2.886751344742479e-01,-5.318706743104939e-11,1.791563188516711e-13,3.818513315881755e-11,2.275530302809738e-12,-5.925682133708888e-15,-3.704843294169109e-13,3.061444281380482e-22,-5.015475738706405e-12,-7.318970349380996e-12,4.849930248043243e-12,1.523887588132995e-08
1.375000000000000e+02,8.660254038036173e-01,2.886751346015828e-01,2.886751346394912e-01,2.886751344858289e-01,-4.724763185809618e-11,1.594628536822022e-13,3.526600641271049e-11,2.119896043998452e-12,-5.422642536191649e-15,-3.421614992111149e-13,2.444257439464456e-22,-4.400711219272650e-12,-6.528974957769473e-12,4.363063327147206e-12,1.369707361112827e-08
1.380000000000000e+02,8.660254038043679e-01,2.886751345943945e-01,2.886751346338692e-01,2.886751344963874e-01,-4.172621703714726e-11,1.414712606439993e-13,3.257002406788566e-11,1.966417590982730e-12,-4.944665788641382e-15,-3.160043105709225e-13,1.934056781952157e-22,-3.828509743480005e-12,-5.794909348638917e-12,3.911212271369009e-12,1.234737001707212e-08
1.385000000000000e+02,8.660254038049232e-01,2.886751345881711e-01,2.886751346288143e-01,2.886751345059999e-01,-3.661530586325232e-11,1.250863985961332e-13,3.008015526881522e-11,1.816307919734859e-12,-4.496035429823965e-15,-2.918440075367838e-13,1.516109643260968e-22,-3.298632223065822e-12,-5.115509251870242e-12,3.493211804224757e-12,1.117345143450802e-08
1.390000000000000e+02,8.660254038052979e-01,2.886751345828392e-01,2.886751346242828e-01,2.886751345147390e-01,-3.190440484124430e-11,1.102130895480469e-13,2.778062397589006e-11,1.670559678428400e-12,-4.075037583194630e-15,-2.695364969343526e-13,1.176945701328927e-22,-2.810421450691440e-12,-4.489168827345135e-12,3.107764130810729e-12,1.015851579772718e-08
1.395000000000000e+02,8.660254038055075e-01,2.886751345783264e-01,2.886751346202337e-01,2.886751345226723e-01,-2.758059958167854e-11,9.676042803958770e-14,2.565687910397383e-11,1.529975408570059e-12,-3.679770634823012e-15,-2.489308027106637e-13,9.044185146799913e-23,-2.362872032323738e-12,-3.914008155228658e-12,2.753472392721306e-12,9.285572450349646e-09
1.400000000000000e+02,8.660254038055666e-01,2.886751345745630e-01,2.886751346166278e-01,2.886751345298643e-01,-2.362905602024281e-11,8.462505100635142e-14,2.369548473181772e-11,1.395175857793013e-12,-3.312914585041861e-15,-2.299002260818591e-13,6.877127019707766e-23,-1.954695866066340e-12,-3.387934426714213e-12,2.428865505669161e-12,8.537388055512223e-09
1.405000000000000e+02,8.660254038054905e-01,2.886751345714808e-01,2.886751346134276e-01,2.886751345363750e-01,-2.003345179105929e-11,7.371212191995308e-14,2.188403721979038e-11,1.266649621027752e-12,-2.975884669505680e-15,-2.123244940098971e-13,5.173105444045623e-23,-1.584379722651258e-12,-2.908691446980523e-12,2.132423404770683e-12,7.896899703705694e-09
1.410000000000000e+02,8.660254038052936e-01,2.886751345690151e-01,2.886751346105980e-01,2.886751345422608e-01,-1.677634496012467e-11,6.392906833446940e-14,2.021107164762109e-11,1.144734186256576e-12,-2.663792675273849e-15,-1.960930272513392e-13,3.849289237703864e-23,-1.250234226830480e-12,-2.473903811078917e-12,1.862595377047431e-12,7.347583396624292e-09
1.415000000000000e+02,8.660254038049900e-01,2.886751345671044e-01,2.886751346081060e-01,2.886751345475744e-01,-1.383954227152935e-11,5.518278703681403e-14,1.866599674858562e-11,1.029652240141458e-12,-2.378823970733560e-15,-1.811041450329721e-13,2.834380805733823e-23,-9.504417862666478e-13,-2.081121266267739e-12,1.617819855627618e-12,6.873864076565765e-09
1.420000000000000e+02,8.660254038045934e-01,2.886751345656897e-01,2.886751346059203e-01,2.886751345523648e-01,-1.120438073290777e-11,4.738515682651495e-14,1.723903482824301e-11,9.215330040431701e-13,-2.116801506881119e-15,-1.672579074623334e-13,2.067656213434407e-23,-6.830940283233956e-13,-1.727851690005372e-12,1.396539870104344e-12,6.461556458161058e-09
1.425000000000000e+02,8.660254038041161e-01,2.886751345647163e-01,2.886751346040118e-01,2.886751345566779e-01,-8.851980109854916e-12,4.045753819425357e-14,1.592116469553146e-11,8.204082878502425e-13,-1.878335983675612e-15,-1.544731194971199e-13,1.497943769852801e-23,-4.462254778300373e-13,-1.411590638558116e-12,1.197216728191623e-12,6.098052044702909e-09
1.430000000000000e+02,8.660254038035708e-01,2.886751345641325e-01,2.886751346023537e-01,2.886751345605560e-01,-6.763471282594953e-12,3.431905213232004e-14,1.470404052679621e-11,7.262401801891950e-13,-1.661239195913546e-15,-1.426624787724162e-13,1.082582374034523e-23,-2.378444579831152e-13,-1.129848986458769e-12,1.018339672955193e-12,5.772635398306385e-09
1.435000000000000e+02,8.660254038029686e-01,2.886751345638898e-01,2.886751346009204e-01,2.886751345640388e-01,-4.920175438943069e-12,2.889759212940693e-14,1.357996291796641e-11,6.389304677346193e-13,-1.464293377385428e-15,-1.317565959054792e-13,7.863981294499803e-24,-5.595689659891325e-14,-8.801733812147130e-13,8.584368129851690e-13,5.476400853545601e-09
1.440000000000000e+02,8.660254038023198e-01,2.886751345639439e-01,2.886751345996887e-01,2.886751345671628e-01,-3.303763278853069e-12,2.412308713599158e-14,1.254178843149631e-11,5.583177529841567e-13,-1.285736755774072e-15,-1.216883532603813e-13,5.807207630572185e-24,1.014106836122937e-13,-6.601646860785997e-13,7.160806148300660e-13,5.202170027197821e-09
1.445000000000000e+02,8.660254038016344e-01,2.886751345642532e-01,2.886751345986371e-01,2.886751345699612e-01,-1.896387961981324e-12,1.993729615556865e-14,1.158296693487781e-11,4.842058592159890e-13,-1.126515763387659e-15,-1.123875957421981e-13,4.424721447104592e-24,2.361958164724902e-13,-4.674941958502538e-13,5.898985601434987e-13,4.944482258484247e-09
1.450000000000000e+02,8.660254038009213e-01,2.886751345647799e-01,2.886751345977458e-01,2.886751345724654e-01,-6.807873170217241e-13,1.627759605873741e-14,1.069743112528079e-11,4.163613033093440e-13,-9.842052800916957e-16,-1.037975949143379e-13,3.533158675692588e-24,3.502837720382522e-13,-2.999155527322074e-13,4.785733995586715e-13,4.699188563143771e-09
1.455000000000000e+02,8.660254038001886e-01,2.886751345654894e-01,2.886751345969965e-01,2.886751345747036e-01,3.596215588706449e-13,1.308281592310935e-14,9.879582688032878e-12,3.545194157991252e-13,-8.560232289625708e-16,-9.586222809866475e-14,2.988962832328848e-24,4.454950464016964e-13,-1.552755720510929e-13,3.808489835276320e-13,4.463302181855622e-09
1.460000000000000e+02,8.660254037994433e-01,2.886751345663502e-01,2.886751345963725e-01,2.886751345767021e-01,1.240688082357517e-12,1.031701700574669e-14,9.124261351188512e-12,2.983980300356627e-13,-7.411455530535686e-16,-8.853522387988559e-14,2.681583982374258e-24,5.235762749519070e-13,-3.151801700891930e-14,2.955346301772730e-13,4.234759587406909e-09
1.465000000000000e+02,8.660254037986930e-01,2.886751345673332e-01,2.886751345958583e-01,2.886751345784846e-01,1.977486257659132e-12,7.936802155263246e-15,8.426685218028561e-12,2.477130983919026e-13,-6.314173081583916e-16,-8.176059484397452e-14,2.527496560956592e-24,5.861942041396231e-13,7.330930535445629e-14,2.215021459871292e-13,4.012382808918287e-09
1.470000000000000e+02,8.660254037979425e-01,2.886751345684133e-01,2.886751345954404e-01,2.886751345800735e-01,2.584278711722150e-12,5.918688313874149e-15,7.782474248677385e-12,2.021411041690507e-13,-5.351994734266494e-16,-7.550957361198417e-14,2.465054060415277e-24,6.349308968536140e-13,1.610522587993438e-13,1.576916262999655e-13,3.795269132849532e-09
1.475000000000000e+02,8.660254037971972e-01,2.886751345695677e-01,2.886751345951066e-01,2.886751345814889e-01,3.074459915178311e-12,4.202612631367540e-15,7.187504013880265e-12,1.613704299737164e-13,-4.548834821786060e-16,-6.973941955437239e-14,2.449975895850267e-24,6.712734940323984e-13,2.334409253979109e-13,1.031035859365405e-13,3.583091610555830e-09
1.480000000000000e+02,8.660254037964618e-01,2.886751345707756e-01,2.886751345948454e-01,2.886751345827487e-01,3.460597794538063e-12,2.746037869096086e-15,6.638000304435031e-12,1.250946421388018e-13,-3.850305202313962e-16,-6.440842123030654e-14,2.451679189542810e-24,6.966205972256239e-13,2.920980080983935e-13,5.680543467932702e-14,3.375862298441369e-09
1.485000000000000e+02,8.660254037957400e-01,2.886751345720188e-01,2.886751345946463e-01,2.886751345838696e-01,3.754415485898029e-12,1.523136173571888e-15,6.130511699081564e-12,9.300203918159712e-14,-3.225366041412708e-16,-5.948624086969984e-14,2.450133261428981e-24,7.122789418243671e-13,3.385370597775215e-13,1.793140853031362e-14,3.173731332211706e-09
1.490000000000000e+02,8.660254037950353e-01,2.886751345732813e-01,2.886751345945004e-01,2.886751345848667e-01,3.966807371747388e-12,5.011485729915001e-16,5.661803782997843e-12,6.478912249471849e-14,-2.667684632295734e-16,-5.494001796640659e-14,2.433248058457259e-24,7.194622078969289e-13,3.741643425155453e-13,-1.432499049489022e-14,2.977000356684420e-09
1.495000000000000e+02,8.660254037943507e-01,2.886751345745499e-01,2.886751345943995e-01,2.886751345857535e-01,4.107844217923721e-12,-3.392925399589300e-16,5.228913002344909e-12,4.014851976469579e-14,-2.183403978968729e-16,-5.074159735380864e-14,2.394797240446859e-24,7.192928683523797e-13,4.002803170700520e-13,-4.070717010282597e-14,2.785963599709392e-09
1.500000000000000e+02,8.660254037936882e-01,2.886751345758117e-01,2.886751345943364e-01,2.886751345865423e-01,4.186800072734907e-12,-1.024446357861876e-15,4.829107494003562e-12,1.880178793842249e-14,-1.774532134276212e-16,-4.686207036454851e-14,2.332728364354271e-24,7.128048871564761e-13,4.180818097331711e-13,-6.190064658859186e-14,2.601067784862683e-09
1.505000000000000e+02,8.660254037930497e-01,2.886751345770571e-01,2.886751345943045e-01,2.886751345872440e-01,4.212186165320166e-12,-1.575572700920852e-15,4.459873905444727e-12,4.620742293096702e-16,-1.412770083751321e-16,-4.327986580694802e-14,2.247842060881750e-24,7.009467933716205e-13,4.286676026573361e-13,-7.853452969478368e-14,2.422640300829857e-09
1.510000000000000e+02,8.660254037924370e-01,2.886751345782772e-01,2.886751345942985e-01,2.886751345878685e-01,4.191766093253416e-12,-2.012593902290561e-15,4.118868796587098e-12,-1.513704116185494e-14,-1.097266657747488e-16,-3.996673184622088e-14,2.142743762325962e-24,6.845817537406499e-13,4.330409436142630e-13,-9.118478704581979e-14,2.251048008801457e-09
1.515000000000000e+02,8.660254037918504e-01,2.886751345794650e-01,2.886751345943130e-01,2.886751345884251e-01,4.132598806757437e-12,-2.351293829005693e-15,3.803944146497213e-12,-2.825189566092963e-14,-8.385355504871519e-17,-3.691324722380910e-14,2.021084618712101e-24,6.644937768987241e-13,4.321145976391179e-13,-1.003755886746885e-13,2.086516577806595e-09
1.520000000000000e+02,8.660254037912914e-01,2.886751345806146e-01,2.886751345943437e-01,2.886751345889217e-01,4.041076157977584e-12,-2.603379861183881e-15,3.513095916022403e-12,-3.911989504659506e-14,-6.117887655057279e-17,-3.409154014620123e-14,1.886979124497203e-24,6.413902556391628e-13,4.267165180507313e-13,-1.065837202977632e-13,1.929350160953304e-09
1.525000000000000e+02,8.660254037907603e-01,2.886751345817213e-01,2.886751345943872e-01,2.886751345893653e-01,3.922955187697374e-12,-2.783019332806305e-15,3.244481886844280e-12,-4.797255288353569e-14,-4.240690247592628e-17,-3.148655669441188e-14,1.744599680366065e-24,6.159069881456989e-13,4.175928382541159e-13,-1.102404763724037e-13,1.779702219296684e-09
1.530000000000000e+02,8.660254037902572e-01,2.886751345827813e-01,2.886751345944398e-01,2.886751345897623e-01,3.783394851532079e-12,-2.901493724839043e-15,2.996389867015636e-12,-5.501859825803187e-14,-2.552847633726061e-17,-2.907905412306030e-14,1.597892435056585e-24,5.886111579827953e-13,4.054135609892173e-13,-1.117347046562688e-13,1.637741935214758e-09
1.535000000000000e+02,8.660254037897819e-01,2.886751345837920e-01,2.886751345944989e-01,2.886751345901185e-01,3.626996343369596e-12,-2.970135561382384e-15,2.767262654280423e-12,-6.046415875280607e-14,-1.341636036735896e-17,-2.685553635455662e-14,1.450408763315439e-24,5.600074634660455e-13,3.907767420257508e-13,-1.114145595865231e-13,1.503486534935626e-09
1.540000000000000e+02,8.660254037893342e-01,2.886751345847515e-01,2.886751345945622e-01,2.886751345904386e-01,3.457838650806988e-12,-2.999348317215175e-15,2.555649163219294e-12,-6.449024682206850e-14,-3.225900030240321e-18,-2.480265707257520e-14,1.305196550893999e-24,5.305404682921633e-13,3.742139631706224e-13,-1.095915882722970e-13,1.376975294573668e-09
1.545000000000000e+02,8.660254037889138e-01,2.886751345856586e-01,2.886751345946277e-01,2.886751345907272e-01,3.279522455776681e-12,-2.985879347487370e-15,2.360218544166596e-12,-6.727226921906351e-14,3.515478353542403e-18,-2.290451414339521e-14,1.164767152248960e-24,5.005999792194627e-13,3.561966813925964e-13,-1.065416417319305e-13,1.258178741485130e-09
1.550000000000000e+02,8.660254037885198e-01,2.886751345865128e-01,2.886751345946943e-01,2.886751345909883e-01,3.095183209832866e-12,-2.979449080675842e-15,2.179756287726960e-12,-6.896948723840223e-14,-4.230513339497471e-19,-2.115129767109325e-14,1.031081149080804e-24,4.705256984714516e-13,3.371315242465893e-13,-1.025122360211499e-13,1.146996986438768e-09
1.555000000000000e+02,8.660254037881522e-01,2.886751345873141e-01,2.886751345947588e-01,2.886751345912253e-01,2.907571724255120e-12,-2.958165377924591e-15,2.013093443202508e-12,-6.971786171361423e-14,1.362100424080234e-17,-1.953770763843470e-14,9.055957921720634e-25,4.406083046215683e-13,3.173836287665996e-13,-9.771844018524719e-14,1.043314697031932e-09
1.560000000000000e+02,8.660254037878095e-01,2.886751345880633e-01,2.886751345948217e-01,2.886751345914411e-01,2.719048461860643e-12,-2.904835579204133e-15,1.859156900807124e-12,-6.966412743964473e-14,1.930300051457613e-17,-1.804421046844751e-14,7.892960409465659e-25,4.110944563716173e-13,2.972675890944278e-13,-9.234780540055867e-14,9.469375274117285e-10
1.565000000000000e+02,8.660254037874914e-01,2.886751345887609e-01,2.886751345948816e-01,2.886751345916383e-01,2.531631198996936e-12,-2.827771685639014e-15,1.716995806594534e-12,-6.891913694551718e-14,2.666957556662069e-17,-1.666216064822886e-14,6.827638298443594e-25,3.821947437200292e-13,2.770508003910654e-13,-8.656422722110286e-14,8.577354461777318e-10
1.570000000000000e+02,8.660254037871962e-01,2.886751345894085e-01,2.886751345949383e-01,2.886751345918197e-01,2.347023303522432e-12,-2.735937661050226e-15,1.585701213145610e-12,-6.760352200494637e-14,2.604451539964408e-17,-1.539031203781309e-14,5.862291640585359e-25,3.540827151112287e-13,2.569609660827160e-13,-8.051057106705332e-14,7.753903006182481e-10
1.575000000000000e+02,8.660254037869233e-01,2.886751345900073e-01,2.886751345949905e-01,2.886751345919868e-01,2.166638826856416e-12,-2.640571985865267e-15,1.464431908793956e-12,-6.580812090742244e-14,2.942640369047283e-17,-1.421460725242419e-14,4.996345589600956e-25,3.268991003928879e-13,2.371885115875219e-13,-7.430932494448497e-14,6.997223076963846e-10
1.580000000000000e+02,8.660254037866718e-01,2.886751345905593e-01,2.886751345950387e-01,2.886751345921416e-01,1.991648597903467e-12,-2.536584943043896e-15,1.352432158489414e-12,-6.362716420455192e-14,3.007056387386651e-17,-1.312744977188982e-14,4.227036146596998e-25,3.007573242647787e-13,2.178936943625727e-13,-6.806293458171568e-14,6.304237035670299e-10
1.585000000000000e+02,8.660254037864404e-01,2.886751345910663e-01,2.886751345950819e-01,2.886751345922853e-01,1.822990494676284e-12,-2.427021805093205e-15,1.248997349093453e-12,-6.113602041312041e-14,3.237855979382633e-17,-1.212297812310594e-14,3.549849794320118e-25,2.757445502539133e-13,1.992062208170933e-13,-6.185818240331975e-14,5.672624668384242e-10
1.590000000000000e+02,8.660254037862281e-01,2.886751345915304e-01,2.886751345951206e-01,2.886751345924196e-01,1.661393736856997e-12,-2.317298057352097e-15,1.153464748202704e-12,-5.841086122637467e-14,3.267851768203580e-17,-1.119917594470768e-14,2.959012511239818e-25,2.519240242799785e-13,1.812289837174915e-13,-5.576750796068885e-14,5.098884669725478e-10
1.595000000000000e+02,8.660254037860338e-01,2.886751345919536e-01,2.886751345951546e-01,2.886751345925453e-01,1.507413713942392e-12,-2.206484998743393e-15,1.065232049490741e-12,-5.551032309908342e-14,3.202493849848944e-17,-1.034166522839199e-14,2.447966794857717e-25,2.293397060126505e-13,1.640428171523146e-13,-4.984956490809357e-14,4.580536965801463e-10
1.600000000000000e+02,8.660254037858565e-01,2.886751345923382e-01,2.886751345951839e-01,2.886751345926635e-01,1.361447076736622e-12,-2.095672667452290e-15,9.837491050807879e-13,-5.248995745800003e-14,3.003913532444891e-17,-9.550743792291194e-15,2.009693446208632e-25,2.080181953592839e-13,1.477077230839061e-13,-4.415129070244172e-14,4.114368913588823e-10
1.605000000000000e+02,8.660254037856949e-01,2.886751345926863e-01,2.886751345952084e-01,2.886751345927749e-01,1.223750936856861e-12,-1.989312064290022e-15,9.084966918439270e-13,-4.939672133405431e-14,3.187314951693899e-17,-8.819683155211924e-15,1.636988431022548e-25,1.879703013267922e-13,1.322655421859300e-13,-3.871008293011031e-14,3.697239792519236e-10
1.610000000000000e+02,8.660254037855482e-01,2.886751345930005e-01,2.886751345952290e-01,2.886751345928805e-01,1.094458210358552e-12,-1.888970761498462e-15,8.389879471831607e-13,-4.627766954103966e-14,2.674084976914551e-17,-8.145916913925341e-15,1.322693171799415e-25,1.691926930598682e-13,1.177424164910972e-13,-3.355408764706262e-14,3.325666325896958e-10
1.615000000000000e+02,8.660254037854155e-01,2.886751345932827e-01,2.886751345952449e-01,2.886751345929805e-01,9.735998878332275e-13,-1.793851339963150e-15,7.747939719745761e-13,-4.316041868861938e-14,2.924933485925294e-17,-7.522362867810363e-15,1.059900041057084e-25,1.516717125576434e-13,1.041509656734537e-13,-2.870258128524475e-14,2.996921169234500e-10
1.620000000000000e+02,8.660254037852955e-01,2.886751345935353e-01,2.886751345952573e-01,2.886751345930758e-01,8.611191996683541e-13,-1.703146218971337e-15,7.155100411206735e-13,-4.008441720879192e-14,2.358498299481912e-17,-6.950050595978483e-15,8.420600526218027e-26,1.353838606500649e-13,9.149249508551983e-14,-2.416844434476514e-14,2.707155544627921e-10
1.625000000000000e+02,8.660254037851876e-01,2.886751345937603e-01,2.886751345952658e-01,2.886751345931663e-01,7.568785992214163e-13,-1.617634269808846e-15,6.607595579119324e-13,-3.706716947717767e-14,2.200697972387020e-17,-6.417486526104708e-15,6.630661809441260e-26,1.202968957041895e-13,7.975762333617067e-14,-1.995858448716395e-14,2.453673252797441e-10
1.630000000000000e+02,8.660254037850904e-01,2.886751345939597e-01,2.886751345952708e-01,2.886751345932528e-01,6.606907012897986e-13,-1.535946984991666e-15,6.101925631229281e-13,-3.413029498314864e-14,2.243481315304015e-17,-5.929430278834860e-15,5.173376501864680e-26,1.063734095148339e-13,6.893048679805427e-14,-1.607554659006023e-14,2.232618184425365e-10
1.635000000000000e+02,8.660254037850038e-01,2.886751345941356e-01,2.886751345952726e-01,2.886751345933352e-01,5.723053218352926e-13,-1.457668742840259e-15,5.634923310051971e-13,-3.129253346436090e-14,2.462150137663169e-17,-5.472207379779331e-15,3.998146078166106e-26,9.356964592034027e-14,5.898670942969305e-14,-1.251674291851935e-14,2.041237961425386e-10
1.640000000000000e+02,8.660254037849262e-01,2.886751345942900e-01,2.886751345952717e-01,2.886751345934142e-01,4.914362368888912e-13,-1.383711112265040e-15,5.203663918636556e-13,-2.856824181657339e-14,2.196040038151878e-17,-5.054470910614241e-15,3.059859958038550e-26,8.183845395223783e-14,4.989684964809558e-14,-9.276504272666519e-15,1.875204262293165e-10
1.645000000000000e+02,8.660254037848573e-01,2.886751345944246e-01,2.886751345952683e-01,2.886751345934899e-01,4.177662044826907e-13,-1.315277160317051e-15,4.805361528442159e-13,-2.596591905272260e-14,1.940867549911466e-17,-4.669719351920894e-15,2.318692752822164e-26,7.112943540563680e-14,4.162733017081783e-14,-6.346712334983015e-15,1.731681396319745e-10
1.650000000000000e+02,8.660254037847962e-01,2.886751345945412e-01,2.886751345952628e-01,2.886751345935623e-01,3.509530740452789e-13,-1.249681498935250e-15,4.437485596364883e-13,-2.349678851702805e-14,1.436271279158144e-17,-4.312983496902448e-15,1.739899792696995e-26,6.138997193614636e-14,3.414135566228510e-14,-3.716300898265957e-15,1.607535642564151e-10
1.655000000000000e+02,8.660254037847424e-01,2.886751345946416e-01,2.886751345952546e-01,2.886751345936315e-01,2.906380131075859e-13,-1.185283288712920e-15,4.097753317924318e-13,-2.116019245420853e-14,1.738220293091760e-17,-3.983001016552253e-15,1.293505079652598e-26,5.256644537406894e-14,2.739946934100627e-14,-1.372267844558950e-15,1.499506344432410e-10
1.660000000000000e+02,8.660254037846949e-01,2.886751345947272e-01,2.886751345952450e-01,2.886751345936977e-01,2.364458292234561e-13,-1.132708066269418e-15,3.784051304238845e-13,-1.896181898232016e-14,1.955676010250827e-17,-3.676417450987439e-15,9.538764170821651e-27,4.460449756201735e-14,2.135867464450014e-14,6.989091940176113e-16,1.405032760518774e-10
1.665000000000000e+02,8.660254037846534e-01,2.886751345947995e-01,2.886751345952340e-01,2.886751345937613e-01,1.880049084842385e-13,-1.070822935288400e-15,3.494260651791865e-13,-1.690535048562013e-14,1.495547382394705e-17,-3.395174323033465e-15,6.993579817268645e-27,3.744866486460029e-14,1.597947638589732e-14,2.513558292243461e-15,1.321336130273186e-10
1.670000000000000e+02,8.660254037846171e-01,2.886751345948598e-01,2.886751345952216e-01,2.886751345938220e-01,1.449303014102298e-13,-1.034437620453001e-15,3.226744289654991e-13,-1.498722992055963e-14,1.543689019292347e-17,-3.136110545267760e-15,5.118643335890713e-27,3.104648362433003e-14,1.121438444001977e-14,4.085418846022615e-15,1.246323280772290e-10
1.675000000000000e+02,8.660254037845857e-01,2.886751345949096e-01,2.886751345952080e-01,2.886751345938804e-01,1.068595105469508e-13,-9.763796558404859e-16,2.979557902145657e-13,-1.320613554352301e-14,1.617225980974817e-17,-2.899994721470727e-15,3.764040389949393e-27,2.534307465968050e-14,7.027172786098738e-15,5.433466538001292e-15,1.177926378713369e-10
1.680000000000000e+02,8.660254037845582e-01,2.886751345949500e-01,2.886751345951943e-01,2.886751345939361e-01,7.341757117760243e-14,-9.282929963341853e-16,2.751353119613182e-13,-1.156488255646378e-14,4.405276042368877e-18,-2.679180722948141e-15,2.807482888573144e-27,2.028822786216789e-14,3.371299641017069e-15,6.572303002800946e-15,1.115304003072787e-10
1.685000000000000e+02,8.660254037845349e-01,2.886751345949816e-01,2.886751345951798e-01,2.886751345939888e-01,4.423648719698995e-14,-9.196645034576740e-16,2.540884741781152e-13,-1.004982888805742e-14,-1.092364188723590e-19,-2.467085526461208e-15,2.150180132977960e-27,1.583290860038036e-14,2.010799869902058e-16,7.516726780412017e-15,1.057352573595097e-10
1.690000000000000e+02,8.660254037845150e-01,2.886751345950064e-01,2.886751345951635e-01,2.886751345940395e-01,1.897660929758113e-14,-8.992020929617427e-16,2.346156285228794e-13,-8.660579594295227e-15,1.309591827149880e-17,-2.283704654594502e-15,1.712225589916309e-27,1.192464574043363e-14,-2.516392700866991e-15,8.284487918976128e-15,1.001866316602243e-10
1.695000000000000e+02,8.660254037844984e-01,2.886751345950248e-01,2.886751345951470e-01,2.886751345940878e-01,-2.679789407130399e-15,-8.319793234551882e-16,2.166192775809874e-13,-7.391615782887266e-15,2.238522839660741e-17,-2.109865586175109e-15,1.431893403544094e-27,8.518611602277036e-15,-4.814969352752434e-15,8.894567620006931e-15,9.489887687685843e-11
1.700000000000000e+02,8.660254037844841e-01,2.886751345950374e-01,2.886751345951306e-01,2.886751345941340e-01,-2.107608854573143e-14,-7.586427725749927e-16,1.999569044012373e-13,-6.240320289117248e-15,2.531250730632171e-17,-1.950339980426421e-15,1.260604368664133e-27,5.568611378095752e-15,-6.738004349636969e-15,9.358443199798833e-15,8.981310317816116e-11
1.705000000000000e+02,8.660254037844726e-01,2.886751345950450e-01,2.886751345951141e-01,2.886751345941779e-01,-3.650209689794021e-14,-6.659297733750343e-16,1.845862895201611e-13,-5.194633656720279e-15,2.796537773655037e-17,-1.801262401910806e-15,1.162478211511435e-27,3.036548452196665e-15,-8.319109095901650e-15,9.693542490947129e-15,8.490497209566604e-11
1.710000000000000e+02,8.660254037844625e-01,2.886751345950492e-01,2.886751345950979e-01,2.886751345942200e-01,-4.926065831815587e-14,-5.708571119733541e-16,1.703801531969770e-13,-4.263918785443117e-15,2.448146410169987e-17,-1.672759634575363e-15,1.109881711968392e-27,8.807128454790140e-16,-9.594679923660319e-15,9.911731210214125e-15,8.014789853207025e-11
1.715000000000000e+02,8.660254037844551e-01,2.886751345950493e-01,2.886751345950813e-01,2.886751345942591e-01,-5.962481427849429e-14,-4.748649043203179e-16,1.572339382235303e-13,-3.419358689083004e-15,3.626345543159517e-17,-1.536353785438305e-15,1.082901290495245e-27,-9.367534245176142e-16,-1.059640420237253e-14,1.002545667078427e-14,7.556553325157926e-11
1.720000000000000e+02,8.660254037844491e-01,2.886751345950465e-01,2.886751345950646e-01,2.886751345942963e-01,-6.782274516685800e-14,-3.426391106256056e-16,1.451177543326634e-13,-2.668578826438595e-15,4.564938699406488e-17,-1.417784969480874e-15,1.067805953382356e-27,-2.446903217075574e-15,-1.134842626329407e-14,1.005096460686712e-14,7.109051723022116e-11
1.725000000000000e+02,8.660254037844439e-01,2.886751345950412e-01,2.886751345950496e-01,2.886751345943321e-01,-7.410940656590364e-14,-1.975013657671630e-16,1.339307720397702e-13,-2.006940003586892e-15,3.005773954988235e-17,-1.311891596046413e-15,1.055123968406906e-27,-3.684162014622348e-15,-1.188237930571381e-14,9.997638003404332e-15,6.674851721404777e-11
1.730000000000000e+02,8.660254037844395e-01,2.886751345950342e-01,2.886751345950363e-01,2.886751345943660e-01,-7.874961079021491e-14,-1.358525921334685e-16,1.236134674594154e-13,-1.435206827022250e-15,2.377995799957292e-18,-1.211993607539849e-15,1.039689014579553e-27,-4.678983396356380e-15,-1.223896768464244e-14,9.870131826571662e-15,6.261797055414506e-11
1.735000000000000e+02,8.660254037844363e-01,2.886751345950261e-01,2.886751345950226e-01,2.886751345943975e-01,-8.193899646816901e-14,-1.534566754230367e-16,1.140558495017431e-13,-9.360898639189093e-16,-4.559364979969741e-18,-1.115044252248627e-15,1.017813088748681e-27,-5.460172430918236e-15,-1.243967701177973e-14,9.676444154437877e-15,5.865152939074491e-11
1.740000000000000e+02,8.660254037844346e-01,2.886751345950151e-01,2.886751345950084e-01,2.886751345944272e-01,-8.383701046959736e-14,-1.660340404370341e-16,1.052899363247183e-13,-4.762635293600103e-16,-2.916544659429772e-18,-1.023408708860500e-15,9.882736909436568e-28,-6.050137580106102e-15,-1.249673259773101e-14,9.435800454952326e-15,5.470505319607786e-11
1.745000000000000e+02,8.660254037844338e-01,2.886751345950040e-01,2.886751345949944e-01,2.886751345944549e-01,-8.458539159583570e-14,-1.580577052217713e-16,9.726290129629310e-14,-8.830174717653661e-17,7.263016264055966e-18,-9.419109852298955e-16,9.503426773690395e-28,-6.469253540921770e-15,-1.242505082954183e-14,9.156283594761655e-15,5.095121078116773e-11
1.750000000000000e+02,8.660254037844334e-01,2.886751345949929e-01,2.886751345949806e-01,2.886751345944812e-01,-8.436857704135595e-14,-1.132390353784276e-16,8.980431313912262e-14,2.361971790407261e-16,2.255950907238288e-17,-8.732037918017703e-16,9.043980236010274e-28,-6.747980293746623e-15,-1.224234981632205e-14,8.843900037815256e-15,4.732727077032947e-11
1.755000000000000e+02,8.660254037844326e-01,2.886751345949817e-01,2.886751345949689e-01,2.886751345945061e-01,-8.336456323900158e-14,-4.769068146033960e-17,8.291584778916157e-14,4.963667158062841e-16,1.018891285014641e-17,-8.111704357955071e-16,8.525314794747671e-28,-6.907429170009275e-15,-1.197216334327322e-14,8.508147571080918e-15,4.393647491924026e-11
1.760000000000000e+02,8.660254037844325e-01,2.886751345949706e-01,2.886751345949577e-01,2.886751345945289e-01,-8.172489278679990e-14,-2.649021177567812e-17,7.652968060143897e-14,7.090709801741522e-16,5.808260200116282e-18,-7.455241895749463e-16,7.964358312636715e-28,-6.965924902416521e-15,-1.163805000959516e-14,8.149365672650592e-15,4.075626185824288e-11
1.765000000000000e+02,8.660254037844325e-01,2.886751345949595e-01,2.886751345949466e-01,2.886751345945511e-01,-7.956260296976926e-14,-1.085406298656922e-17,7.062515126818792e-14,8.868653689734823e-16,4.203957457994654e-18,-6.990062520059764e-16,7.376755449254043e-28,-6.940110553010022e-15,-1.124980776543513e-14,7.777408011331642e-15,3.764778405923753e-11
1.770000000000000e+02,8.660254037844330e-01,2.886751345949486e-01,2.886751345949358e-01,2.886751345945713e-01,-7.696874573819304e-14,1.542433616117583e-17,6.511592752116963e-14,1.026997348839051e-15,1.217517152090630e-17,-6.451204049214674e-16,6.773099530434994e-28,-6.845504623320006e-15,-1.081535509770010e-14,7.395934442656942e-15,3.474549465651888e-11
1.775000000000000e+02,8.660254037844336e-01,2.886751345949378e-01,2.886751345949253e-01,2.886751345945910e-01,-7.403100364961306e-14,7.210368773561809e-17,5.999562744345098e-14,1.143165568210518e-15,1.654597159881586e-17,-6.070204614274869e-16,6.167389002266108e-28,-6.694129244431144e-15,-1.034347958744408e-14,7.011989361784824e-15,3.189945325042882e-11
1.780000000000000e+02,8.660254037844340e-01,2.886751345949269e-01,2.886751345949172e-01,2.886751345946085e-01,-7.082943424366458e-14,9.433962735216961e-17,5.524983048421972e-14,1.221743777257223e-15,-7.753963327794877e-19,-5.496463193168426e-16,5.571580356009972e-28,-6.493332085807684e-15,-9.849986839003119e-15,6.623698155612227e-15,2.936938065132987e-11
1.785000000000000e+02,8.660254037844346e-01,2.886751345949162e-01,2.886751345949092e-01,2.886751345946255e-01,-6.743885815930515e-14,6.589843999422590e-17,5.092099142919094e-14,1.284984782710620e-15,-1.550022585575518e-17,-5.101842241007478e-16,4.997751694548906e-28,-6.249835313314543e-15,-9.346526415133141e-15,6.235842821518970e-15,2.689563058184749e-11
1.790000000000000e+02,8.660254037844355e-01,2.886751345949056e-01,2.886751345949014e-01,2.886751345946413e-01,-6.389304113734816e-14,-1.699282354135648e-19,4.688024682022289e-14,1.333804305994887e-15,-1.975177414420297e-17,-4.702442272542927e-16,4.446462703153370e-28,-5.973670213029406e-15,-8.833389738726366e-15,5.846517927716665e-15,2.453415998262215e-11
1.795000000000000e+02,8.660254037844367e-01,2.886751345948951e-01,2.886751345948937e-01,2.886751345946559e-01,-6.024288677291403e-14,-7.131036699639009e-17,4.319315068239331e-14,1.366371581508900e-15,-2.014628452197004e-17,-4.324273026525940e-16,3.926041383641297e-28,-5.670011676626974e-15,-8.315062561098210e-15,5.464653683516904e-15,2.232537124110512e-11
1.800000000000000e+02,8.660254037844376e-01,2.886751345948862e-01,2.886751345948858e-01,2.886751345946702e-01,-5.652617091343996e-14,-1.298105620484700e-16,3.974220679717829e-14,1.374739108272338e-15,-9.974934671094308e-18,-4.145526729358195e-16,3.437309646176776e-28,-5.349147095927992e-15,-7.792114431488904e-15,5.089501802125383e-15,2.019212870217271e-11
1.805000000000000e+02,8.660254037844380e-01,2.886751345948781e-01,2.886751345948803e-01,2.886751345946820e-01,-5.284321409387916e-14,-1.822098641566462e-16,3.651404350091039e-14,1.347828683803167e-15,-2.037569744503065e-17,-3.714091172989166e-16,2.989647773101437e-28,-5.023679229062438e-15,-7.277274103054842e-15,4.726077157868365e-15,1.844868522166217e-11
1.810000000000000e+02,8.660254037844387e-01,2.886751345948701e-01,2.886751345948750e-01,2.886751345946935e-01,-4.923522871874873e-14,-2.698159653511631e-16,3.361221029763188e-14,1.322307921530869e-15,-2.933018608856164e-17,-3.389635830443758e-16,2.586935190168281e-28,-4.692497156872257e-15,-6.781695484036921e-15,4.377166657087179e-15,1.676539747804948e-11
1.815000000000000e+02,8.660254037844394e-01,2.886751345948621e-01,2.886751345948698e-01,2.886751345947049e-01,-4.569203866378613e-14,-3.850609246405968e-16,3.091505126465228e-14,1.301341012283415e-15,-3.707043245624768e-17,-3.192425882176200e-16,2.222787793620554e-28,-4.359656426055404e-15,-6.300923326346211e-15,4.037921953598064e-15,1.508208776281721e-11
1.820000000000000e+02,8.660254037844404e-01,2.886751345948543e-01,2.886751345948648e-01,2.886751345947146e-01,-4.221186154801994e-14,-5.142396499865561e-16,2.840901425796603e-14,1.273274693746419e-15,-3.531491326846596e-17,-2.861199192168619e-16,1.894550547527041e-28,-4.026146174566153e-15,-5.833146553899086e-15,3.708997702220582e-15,1.359582963819944e-11
1.825000000000000e+02,8.660254037844412e-01,2.886751345948486e-01,2.886751345948596e-01,2.886751345947233e-01,-3.884076161074059e-14,-6.148746581075476e-16,2.615886706423185e-14,1.217558136760178e-15,-2.017298397928019e-17,-2.656861037341272e-16,1.604438945778900e-28,-3.697052687790374e-15,-5.381285529475094e-15,3.399946259430100e-15,1.228154346329163e-11
1.830000000000000e+02,8.660254037844417e-01,2.886751345948433e-01,2.886751345948543e-01,2.886751345947319e-01,-3.562450672446444e-14,-6.612290269504756e-16,2.403082402492269e-14,1.164248900081454e-15,-6.289491602452950e-18,-2.543548943562940e-16,1.350368923075710e-28,-3.384696659043722e-15,-4.945793904444101e-15,3.110620105102138e-15,1.100357618411732e-11
1.835000000000000e+02,8.660254037844423e-01,2.886751345948380e-01,2.886751345948497e-01,2.886751345947405e-01,-3.254221594177931e-14,-6.664169646898041e-16,2.197705629308699e-14,1.116757063568941e-15,-3.535724683917897e-18,-2.448156681677679e-16,1.127203148361688e-28,-3.087818329262344e-15,-4.524382806055340e-15,2.836527577052170e-15,9.750438579595805e-12
1.840000000000000e+02,8.660254037844427e-01,2.886751345948327e-01,2.886751345948472e-01,2.886751345947468e-01,-2.960546712266318e-14,-7.059097463459353e-16,2.012176362664424e-14,1.056681462797764e-15,-1.693132473422725e-17,-2.054405601769130e-16,9.345962277463446e-29,-2.799172223153829e-15,-4.128250807852398e-15,2.576188191065626e-15,8.842362741503471e-12
1.845000000000000e+02,8.660254037844434e-01,2.886751345948275e-01,2.886751345948447e-01,2.886751345947526e-01,-2.682367945161470e-14,-7.835609090955998e-16,1.855911329700799e-14,1.003016951046622e-15,-2.759333270907454e-17,-1.782949218762474e-16,7.710430119597125e-29,-2.515905601317708e-15,-3.760844283344505e-15,2.333642326321744e-15,8.003544191912434e-12
1.850000000000000e+02,8.660254037844437e-01,2.886751345948234e-01,2.886751345948421e-01,2.886751345947584e-01,-2.418545083924598e-14,-8.864384246308180e-16,1.716817527181922e-14,9.408685482370366e-16,-2.852610913456245e-17,-1.650047355212314e-16,6.315291903533328e-29,-2.242150764737526e-15,-3.417056589464957e-15,2.104510507376562e-15,7.214099780610709e-12
1.855000000000000e+02,8.660254037844437e-01,2.886751345948206e-01,2.886751345948393e-01,2.886751345947639e-01,-2.173797966081827e-14,-9.757826815346774e-16,1.582864229642852e-14,8.715138446502103e-16,-2.360954293018094e-17,-1.614601903018497e-16,5.142013317492546e-29,-1.990481802732591e-15,-3.096541688955414e-15,1.890531728378144e-15,6.463819337765320e-12
1.860000000000000e+02,8.660254037844437e-01,2.886751345948179e-01,2.886751345948366e-01,2.886751345947695e-01,-1.946521847908319e-14,-1.048634025010013e-15,1.451185414985162e-14,8.117535624452410e-16,-1.946050692658586e-17,-1.601685132309971e-16,4.155005044591153e-29,-1.760227110459222e-15,-2.796453513201363e-15,1.689835008570010e-15,5.728383832923821e-12
1.865000000000000e+02,8.660254037844438e-01,2.886751345948151e-01,2.886751345948338e-01,2.886751345947742e-01,-1.734257010094804e-14,-1.106902092926177e-15,1.322197328051297e-14,7.572252901725424e-16,-1.085739693834027e-17,-1.476126857087870e-16,3.324098257098507e-29,-1.548092098582337e-15,-2.514026370074793e-15,1.500889468711916e-15,5.077646972643691e-12
1.870000000000000e+02,8.660254037844445e-01,2.886751345948127e-01,2.886751345948314e-01,2.886751345947773e-01,-1.537365054957724e-14,-1.126105118215923e-15,1.212272004866567e-14,7.017066956791533e-16,2.867918006709115e-19,-1.225136991041549e-16,2.643588916702016e-29,-1.349039906794481e-15,-2.250684966786005e-15,1.332926307854417e-15,4.642200155980280e-12
1.875000000000000e+02,8.660254037844450e-01,2.886751345948102e-01,2.886751345948289e-01,2.886751345947804e-01,-1.354327761881798e-14,-1.106388863565416e-15,1.119182937193922e-14,6.547229430273816e-16,1.153831439744221e-17,-1.057401089673731e-16,2.087485889900247e-29,-1.162096513077599e-15,-2.004118101119161e-15,1.184089850050478e-15,4.222369921340970e-12
1.880000000000000e+02,8.660254037844457e-01,2.886751345948078e-01,2.886751345948265e-01,2.886751345947835e-01,-1.183043260863443e-14,-1.054310945979627e-15,1.036429956172978e-14,6.139026871904522e-16,1.929382498362139e-17,-9.650043845116254e-17,1.630252372089757e-29,-9.869982474809228e-16,-1.771041296967380e-15,1.049811008895523e-15,3.841384620154145e-12
1.885000000000000e+02,8.660254037844463e-01,2.886751345948053e-01,2.886751345948240e-01,2.886751345947866e-01,-1.021767440701684e-14,-9.762729876212470e-16,9.600654745562929e-15,5.799758182871805e-16,2.615786693822025e-17,-9.020568915780719e-17,1.253696777783673e-29,-8.228921138067345e-16,-1.549115363503427e-15,9.267943412740394e-16,3.492459767361907e-12
1.890000000000000e+02,8.660254037844465e-01,2.886751345948048e-01,2.886751345948213e-01,2.886751345947894e-01,-8.719967271949115e-15,-8.639298614546038e-16,8.850503628035874e-15,5.238641701317221e-16,4.117765065087473e-17,-9.449052439954091e-17,9.476346330535549e-30,-6.740735159838098e-16,-1.338360137343375e-15,8.147145292774080e-16,3.127459812193259e-12
1.895000000000000e+02,8.660254037844459e-01,2.886751345948046e-01,2.886751345948202e-01,2.886751345947921e-01,-7.387212238910382e-15,-7.192514877061918e-16,8.079275391316776e-15,4.609963027286254e-16,3.382921585552019e-17,-9.173757276170109e-17,7.075933986771767e-30,-5.480082388088586e-16,-1.144416251908807e-15,7.150538111599430e-16,2.821749413751480e-12
1.900000000000000e+02,8.660254037844449e-01,2.886751345948046e-01,2.886751345948201e-01,2.886751345947948e-01,-6.226480440932141e-15,-6.412954307719066e-16,7.337741668560221e-15,3.997900898370821e-16,1.138828404546058e-17,-8.987811354191386e-17,5.257943445980315e-30,-4.387489125164801e-16,-9.786976963297599e-16,6.208034270248661e-16,2.524185461558792e-12
1.905000000000000e+02,8.660254037844441e-01,2.886751345948046e-01,2.886751345948202e-01,2.886751345947977e-01,-5.218276174392396e-15,-6.317363747499908e-16,6.607277379711627e-15,3.475134842269236e-16,-6.060649290156753e-18,-8.957099877630433e-17,3.879058605838215e-30,-3.445681020787999e-16,-8.385820602051747e-16,5.298429522198351e-16,2.237425274464432e-12
1.910000000000000e+02,8.660254037844433e-01,2.886751345948046e-01,2.886751345948202e-01,2.886751345948004e-01,-4.339748929381188e-15,-6.775902401437761e-16,5.883844985908293e-15,3.041277229331025e-16,-1.929662892113190e-17,-8.790944087401019e-17,2.831047446100815e-30,-2.634350070031800e-16,-7.199225457242679e-16,4.418455503516651e-16,1.976236186075702e-12
1.915000000000000e+02,8.660254037844426e-01,2.886751345948046e-01,2.886751345948202e-01,2.886751345948023e-01,-3.572597182406021e-15,-7.653267116798899e-16,5.181451688902554e-15,2.632056440278682e-16,-2.646693850476681e-17,-7.507573090376994e-17,2.041638350244652e-30,-1.931722683207403e-16,-6.194478678256854e-16,3.575511639424913e-16,1.802342772763031e-12
1.920000000000000e+02,8.660254037844426e-01,2.886751345948046e-01,2.886751345948202e-01,2.886751345948023e-01,-2.915913604666158e-15,-8.482845310365774e-16,4.695364676846677e-15,2.238046293634764e-16,-2.148946934336557e-17,-4.591051018041732e-17,1.510713020528223e-30,-1.279668568939751e-16,-5.365370746508775e-16,2.893241875000157e-16,1.802342772763031e-12
1.925000000000000e+02,8.660254037844426e-01,2.886751345948046e-01,2.886751345948202e-01,2.886751345948023e-01,-2.357533387296691e-15,-9.156409997697069e-16,4.398111457372001e-15,1.903018163213083e-16,-1.744808121937780e-17,-2.807531701193680e-17,1.164449551333028e-30,-6.795515051118715e-17,-4.680922533777073e-16,2.363362221718788e-16,1.802342772763031e-12
1.930000000000000e+02,8.660254037844426e-01,2.886751345948046e-01,2.886751345948202e-01,2.886751345948023e-01,-1.882740842274215e-15,-9.703301648825239e-16,4.216334379818855e-15,1.618142636199598e-16,-1.416673131260877e-17,-1.716869235874803e-17,9.378898909769093e-31,-1.416459118682768e-17,-4.110885320988535e-16,1.944149208908323e-16,1.802342772763031e-12
1.935000000000000e+02,8.660254037844426e-01,2.886751345948046e-01,2.886751345948202e-01,2.886751345948023e-01,-1.479023171417409e-15,-1.014734285778278e-15,4.105173578996718e-15,1.375912033685514e-16,-1.150248405886355e-17,-1.049904430941977e-17,7.904817293575115e-31,3.323811345507447e-17,-3.632992120157911e-16,1.607356630152348e-16,1.802342772763031e-12
1.940000000000000e+02,8.660254037844426e-01,2.886751345948046e-01,2.886751345948202e-01,2.886751345948023e-01,-1.135740701061163e-15,-1.050787605452427e-15,4.037196231105832e-15,1.169942551471766e-16,-9.339284878414595e-18,-6.420403435966642e-18,6.959336015198359e-31,7.454243199580811e-17,-3.230399532867922e-16,1.333410465069837e-16,1.802342772763031e-12
1.945000000000000e+02,8.660254037844426e-01,2.886751345948046e-01,2.886751345948202e-01,2.886751345948023e-01,-8.438464815096871e-16,-1.080060606095272e-15,3.995626542941454e-15,9.948060197408811e-17,-7.582904839843917e-18,-3.926222146103968e-18,6.367907973824329e-31,1.102573224526621e-16,-2.890046239444820e-16,1.108401942542435e-16,1.802342772763031e-12
1.950000000000000e+02,8.660254037844426e-01,2.886751345948046e-01,2.886751345948202e-01,2.886751345948023e-01,-5.956478615243858e-16,-1.103828419278101e-15,3.970205736927411e-15,8.458868477497003e-17,-6.156836048874144e-18,-2.400973785261414e-18,6.013034161873550e-31,1.409755611723875e-16,-2.601582811562285e-16,9.221912317835947e-17,1.802342772763031e-12
1.955000000000000e+02,8.660254037844426e-01,2.886751345948046e-01,2.886751345948202e-01,2.886751345948023e-01,-3.846037543225841e-16,-1.123126370669769e-15,3.954660338178006e-15,7.192603834286193e-17,-4.998958965374075e-18,-1.468249860297094e-18,5.815041501345915e-31,1.672984565116006e-16,-2.356660214937026e-16,7.671995368483812e-17,1.802342772763031e-12
1.960000000000000e+02,8.660254037844426e-01,2.886751345948046e-01,2.886751345948202e-01,2.886751345948023e-01,-2.051522521859353e-16,-1.138795078810922e-15,3.945153974684084e-15,6.115894821466300e-17,-4.058836476904917e-18,-8.978680506617558e-19,5.719759099390465e-31,1.897963143171432e-16,-2.148445694873574e-16,6.376298962277377e-17,1.802342772763031e-12
1.965000000000000e+02,8.660254037844426e-01,2.886751345948046e-01,2.886751345948202e-01,2.886751345948023e-01,-5.256404659198762e-17,-1.151517072447956e-15,3.939340618054551e-15,5.200365587902614e-17,-3.295516858682837e-18,-5.490666528898021e-19,5.690383058671321e-31,2.089897721987069e-16,-1.971284639351258e-16,5.289566238572334e-17,1.802342772763031e-12
1.970000000000000e+02,8.660254037844426e-01,2.886751345948046e-01,2.886751345948202e-01,2.886751345948023e-01,7.718220913258791e-17,-1.161846521477368e-15,3.935785618782354e-15,4.421888053555162e-17,-2.675749916918158e-18,-3.357666965579322e-19,5.702003769108084e-31,2.253430539877470e-16,-1.820457678507174e-16,4.375844620548106e-17,1.802342772763031e-12
1.975000000000000e+02,8.660254037844426e-01,2.886751345948046e-01,2.886751345948202e-01,2.886751345948023e-01,1.875058793600506e-16,-1.170233376580062e-15,3.933611656194004e-15,3.759946032190386e-17,-2.172538610756515e-18,-2.053289412569701e-19,5.737879504593940e-31,2.392638012154705e-16,-1.692001160398929e-16,3.606160730633548e-17,1.802342772763031e-12
1.980000000000000e+02,8.660254037844426e-01,2.886751345948046e-01,2.886751345948202e-01,2.886751345948023e-01,2.813144609217036e-16,-1.177042969067842e-15,3.932282228823230e-15,3.197094542820467e-17,-1.763963061489713e-18,-1.255632990105123e-19,5.786879473493754e-31,2.511063233344097e-16,-1.582570801695772e-16,2.956896051812807e-17,1.802342772763031e-12
1.985000000000000e+02,8.660254037844426e-01,2.886751345948046e-01,2.886751345948202e-01,2.886751345948023e-01,3.610802079863683e-16,-1.182571924711147e-15,3.931469253869736e-15,2.718500060432479e-17,-1.432225722891413e-18,-7.678480180089683e-20,5.841720875684870e-31,2.611764276951551e-16,-1.489335539493050e-16,2.408623205927405e-17,1.802342772763031e-12
1.990000000000000e+02,8.660254037844426e-01,2.886751345948046e-01,2.886751345948202e-01,2.886751345948023e-01,4.289052864478999e-16,-1.187061084754204e-15,3.930972101268896e-15,2.311549589663290e-17,-1.162876120307979e-18,-4.695564575047008e-20,5.897750064113561e-31,2.697367828483765e-16,-1.409893115336327e-16,1.945250865091159e-17,1.802342772763031e-12
1.995000000000000e+02,8.660254037844426e-01,2.886751345948046e-01,2.886751345948202e-01,2.886751345948023e-01,4.865771749163121e-16,-1.190705996956851e-15,3.930668081191206e-15,1.965518258852816e-17,-9.441813881491384e-19,-2.871444108909744e-20,5.952098928540494e-31,2.770122413953818e-16,-1.342201751190699e-16,1.553380047407906e-17,1.802342772763031e-12
2.000000000000000e+02,8.660254037844426e-01,2.886751345948046e-01,2.886751345948202e-01,2.886751345948023e-01,5.356157723637059e-16,-1.193665433652710e-15,3.930482166026560e-15,1.671286674168453e-17,-7.666151863976297e-19,-1.755953121032909e-20,6.003101164555591e-31,2.831948274919326e-16,-1.284524070816794e-16,1.221808715865821e-17,1.802342772763031e-12
2.005000000000000e+02,8.660254037844426e-01,2.886751345948046e-01,2.886751345948202e-01,2.886751345948023e-01,5.773134539113580e-16,-1.196068307870211e-15,3.930368474691740e-15,1.421100584882541e-17,-6.224427333475355e-19,-1.073805112114431e-20,6.049889063957376e-31,2.884482560643005e-16,-1.235380572252079e-16,9.411430757389968e-18,1.802342772763031e-12
2.010000000000000e+02,8.660254037844426e-01,2.886751345948046e-01,2.886751345948202e-01,2.886751345948023e-01,6.127691303979172e-16,-1.198019288782630e-15,3.930298949864982e-15,1.208366525963186e-17,-5.053838786024223e-19,-6.566561515650541e-21,6.092115912133027e-31,2.929119425718174e-16,-1.193510709546472e-16,7.034875863504980e-18,1.802342772763031e-12
2.015000000000000e+02,8.660254037844426e-01,2.886751345948046e-01,2.886751345948202e-01,2.886751345948023e-01,6.429172093428562e-16,-1.199603361096070e-15,3.930256433858435e-15,1.027478052293552e-17,-4.103395397960174e-19,-4.015601122824004e-21,6.129765837905280e-31,2.967045121284721e-16,-1.157840143347286e-16,5.021944402210426e-18,1.802342772763031e-12
2.020000000000000e+02,8.660254037844426e-01,2.886751345948046e-01,2.886751345948202e-01,2.886751345948023e-01,6.685522205494492e-16,-1.200889526982283e-15,3.930230434357291e-15,8.736679850539937e-18,-3.331695866232469e-19,-2.455631054213245e-21,6.163024525043037e-31,2.999268421601103e-16,-1.127453062211354e-16,3.316589473014089e-18,1.802342772763031e-12
2.025000000000000e+02,8.660254037844426e-01,2.886751345948046e-01,2.886751345948202e-01,2.886751345948023e-01,6.903497553364033e-16,-1.201933811812480e-15,3.930214535073361e-15,7.428827763322688e-18,-2.705124968114206e-19,-1.501674018432030e-21,6.192192214154355e-31,3.026646838848043e-16,-1.101568716556701e-16,1.871510246573137e-18,1.802342772763031e-12
2.030000000000000e+02,8.660254037844426e-01,2.886751345948046e-01,2.886751345948202e-01,2.886751345948023e-01,7.088842712357477e-16,-1.202781704621851e-15,3.930204812301060e-15,6.316756809362029e-18,-2.196389282491835e-19,-9.183076803481300e-22,6.217626007939118e-31,3.049909109744996e-16,-1.079521480414138e-16,6.467553303402995e-19,1.802342772763031e-12
2.035000000000000e+02,8.660254037844426e-01,2.886751345948046e-01,2.886751345948202e-01,2.886751345948023e-01,7.246442313863176e-16,-1.203470139611419e-15,3.930198866605545e-15,5.371159200327832e-18,-1.783328288750902e-19,-5.615659494397227e-22,6.239702393795103e-31,3.069674424809516e-16,-1.060743884860333e-16,-3.914404295610832e-19,1.802342772763031e-12
2.040000000000000e+02,8.660254037844426e-01,2.886751345948046e-01,2.886751345948202e-01,2.886751345948023e-01,7.380449776100876e-16,-1.204029105001411e-15,3.930195230678047e-15,4.567114426901638e-18,-1.447949054755559e-19,-3.434102995704208e-22,6.258793629629035e-31,3.086468836595512e-16,-1.044752165320152e-16,-1.271628318517820e-18,1.802342772763031e-12
2.045000000000000e+02,8.660254037844426e-01,2.886751345948046e-01,2.886751345948202e-01,2.886751345948023e-01,7.494396764315432e-16,-1.204482949317786e-15,3.930193007226015e-15,3.883432497614299e-18,-1.175642464930520e-19,-2.100031776418290e-22,6.275253555190838e-31,3.100739239543342e-16,-1.031133941882164e-16,-2.017960887262235e-18,1.802342772763031e-12
2.050000000000000e+02,8.660254037844426e-01,2.886751345948046e-01,2.886751345948202e-01,2.886751345948023e-01,7.591286265141423e-16,-1.204851442013745e-15,3.930191647534730e-15,3.302095492658351e-18,-9.545468473550751e-20,-1.284217005227548e-22,6.289409737133312e-31,3.112865268198151e-16,-1.019537713297852e-16,-2.650876735280229e-18,1.802342772763031e-12
2.055000000000000e+02,8.660254037844426e-01,2.886751345948046e-01,2.886751345948202e-01,2.886751345948023e-01,7.673671728043115e-16,-1.205150634626885e-15,3.930190816052705e-15,2.807782715248200e-18,-7.750312794710960e-20,-7.853277900044106e-23,6.301559801525729e-31,3.123169416274311e-16,-1.009663895380579e-16,-3.187676727637882e-18,1.802342772763031e-12
2.060000000000000e+02,8.660254037844426e-01,2.886751345948046e-01,2.886751345948202e-01,2.886751345948023e-01,7.743724359542528e-16,-1.205393559983994e-15,3.930190307582611e-15,2.387466926251720e-18,-6.292760652058861e-20,-4.802457336354306e-23,6.311970471566903e-31,3.131925638219479e-16,-1.001257175782890e-16,-3.643009467283830e-18,1.802342772763031e-12
2.065000000000000e+02,8.660254037844426e-01,2.886751345948046e-01,2.886751345948202e-01,2.886751345948023e-01,7.803290343724098e-16,-1.205590799910831e-15,3.930189996641630e-15,2.030071021162303e-18,-5.109321091032618e-20,-2.936811452090768e-23,6.320878294019664e-31,3.139366658317422e-16,-9.940999915055948e-17,-4.029280714313199e-18,1.802342772763031e-12
2.070000000000000e+02,8.660254037844426e-01,2.886751345948046e-01,2.886751345948202e-01,2.886751345948023e-01,7.853939497018906e-16,-1.205750946176344e-15,3.930189806494175e-15,1.726176101393456e-18,-4.148443497958509e-20,-1.795926722308274e-23,6.328491363935487e-31,3.145690180104596e-16,-9.880069643508119e-17,-4.356998933783559e-18,1.802342772763031e-12
2.075000000000000e+02,8.660254037844426e-01,2.886751345948046e-01,2.886751345948202e-01,2.886751345948023e-01,7.897006639528658e-16,-1.205880974750014e-15,3.930189690214700e-15,1.467773246334939e-18,-3.368272055938323e-20,-1.098249874412829e-23,6.334991584765465e-31,3.151064160775841e-16,-9.828201538951720e-17,-4.635067117697989e-18,1.802342772763031e-12
2.080000000000000e+02,8.660254037844426e-01,2.886751345948046e-01,2.886751345948202e-01,2.886751345948023e-01,7.933626773199185e-16,-1.205986549675014e-15,3.930189619107171e-15,1.248052444311783e-18,-2.734822505934568e-20,-6.716046942246705e-24,6.340537159041805e-31,3.155631290975477e-16,-9.784050082119435e-17,-4.871029359839196e-18,1.802342772763031e-12
2.085000000000000e+02,8.660254037844426e-01,2.886751345948046e-01,2.886751345948202e-01,2.886751345948023e-01,7.964764993937742e-16,-1.206072269793864e-15,3.930189575623298e-15,1.061223119880435e-18,-2.220501792835130e-20,-4.107014631289299e-24,6.345265114008491e-31,3.159512799506839e-16,-9.746469101265633e-17,-5.071279287480732e-18,1.802342772763031e-12
2.090000000000000e+02,8.660254037844426e-01,2.886751345948046e-01,2.886751345948202e-01,2.886751345948023e-01,7.991241925985191e-16,-1.206141869073955e-15,3.930189549031930e-15,9.023615275957460e-19,-1.802906112290345e-20,-2.511532505034743e-24,6.349293741408972e-31,3.162811684633312e-16,-9.714482317426873e-17,-5.241236314044374e-18,1.802342772763031e-12
2.095000000000000e+02,8.660254037844426e-01,2.886751345948046e-01,2.886751345948202e-01,2.886751345948023e-01,8.013755348846799e-16,-1.206198379259127e-15,3.930189532770703e-15,7.672809904260965e-19,-1.463845001260576e-20,-1.535858885050401e-24,6.352724881377637e-31,3.165615458395560e-16,-9.687258227277371e-17,-5.385494727424001e-18,1.802342772763031e-12
2.100000000000000e+02,8.660254037844426e-01,2.886751345948046e-01,2.886751345948202e-01,2.886751345948023e-01,8.032898586742989e-16,-1.206244261932395e-15,3.930189522826595e-15,6.524215630489521e-19,-1.188548961649745e-20,-9.392124689450264e-25,6.355646014298042e-31,3.167998477375322e-16,-9.664088687315766e-17,-5.507949835478018e-18,1.802342772763031e-12
2.105000000000000e+02,8.660254037844426e-01,2.886751345948046e-01,2.886751345948202e-01,2.886751345948023e-01,8.049176145220117e-16,-1.206281515742481e-15,3.930189516745551e-15,5.547562121861849e-19,-9.650261011345044e-21,-5.743497556573684e-25,6.358132146713714e-31,3.170023922276718e-16,-9.644370656072673e-17,-5.611904725817719e-18,1.802342772763031e-12
2.110000000000000e+02,8.660254037844426e-01,2.886751345948046e-01,2.886751345948202e-01,2.886751345948023e-01,8.063017007012314e-16,-1.206311763464922e-15,3.930189513026852e-15,4.717110414330081e-19,-7.835397664875465e-21,-3.512278934903983e-25,6.360247491530749e-31,3.171745479292256e-16,-9.627590630436381e-17,-5.700160639450940e-18,1.802342772763031e-12
2.115000000000000e+02,8.660254037844426e-01,2.886751345948046e-01,2.886751345948202e-01,2.886751345948023e-01,8.074785937556774e-16,-1.206336322690160e-15,3.930189510752783e-15,4.010974581662415e-19,-6.361844150596813e-21,-2.147837503102038e-25,6.362046951380105e-31,3.173208768229399e-16,-9.613311380036559e-17,-5.775093489243470e-18,1.802342772763031e-12
2.120000000000000e+02,8.660254037844426e-01,2.886751345948046e-01,2.886751345948202e-01,2.886751345948023e-01,8.084793098110779e-16,-1.206356263217765e-15,3.930189509362140e-15,3.410544948422182e-19,-5.165412494314167e-21,-1.313451435040722e-25,6.363577418900123e-31,3.174452555585448e-16,-9.601160641590648e-17,-5.838718659862740e-18,1.802342772763031e-12
2.125000000000000e+02,8.660254037844426e-01,2.886751345948046e-01,2.886751345948202e-01,2.886751345948023e-01,8.093302219816893e-16,-1.206372453656888e-15,3.930189508511730e-15,2.899997646055275e-19,-4.193986146901645e-21,-8.032048616682586e-26,6.364878910104082e-31,3.175509784994149e-16,-9.590821484639526e-17,-5.892745893789655e-18,1.802342772763031e-12
2.130000000000000e+02,8.660254037844426e-01,2.886751345948046e-01,2.886751345948202e-01,2.886751345948023e-01,8.100537554137631e-16,-1.206385599262873e-15,3.930189507991683e-15,2.465877586811008e-19,-3.405249787853863e-21,-4.911768470648766e-26,6.365985547780821e-31,3.176408452573093e-16,-9.582024102403970e-17,-5.938625788090587e-18,1.802342772763031e-12
2.135000000000000e+02,8.660254037844426e-01,2.886751345948046e-01,2.886751345948202e-01,2.886751345948023e-01,8.106689782833008e-16,-1.206396272658163e-15,3.930189507673664e-15,2.096743865088378e-19,-2.764846070429605e-21,-3.003651991577552e-26,6.366926411636287e-31,3.177172350545934e-16,-9.574538817627820e-17,-5.977589190592759e-18,1.802342772763031e-12
2.140000000000000e+02,8.660254037844426e-01,2.886751345948046e-01,2.886751345948202e-01,2.886751345948023e-01,8.111921043234026e-16,-1.206404938775737e-15,3.930189507479189e-15,1.782868241027353e-19,-2.244879016004708e-21,-1.836808383619892e-26,6.367726271029026e-31,3.177821698986075e-16,-9.568170124133175e-17,-6.010680584928059e-18,1.802342772763031e-12
2.145000000000000e+02,8.660254037844426e-01,2.886751345948046e-01,2.886751345948202e-01,2.886751345948023e-01,8.116369201249323e-16,-1.206411975111574e-15,3.930189507360262e-15,1.515978760109531e-19,-1.822698865762188e-21,-1.123244251802226e-26,6.368406214958556e-31,3.178373682534134e-16,-9.562751611163196e-17,-6.038786385765814e-18,1.802342772763031e-12
2.150000000000000e+02,8.660254037844426e-01,2.886751345948046e-01,2.886751345948202e-01,2.886751345948023e-01,8.120151484716838e-16,-1.206417688168384e-15,3.930189507287536e-15,1.289041752058658e-19,-1.479915457152874e-21,-6.868858420792231e-27,6.368984192614702e-31,3.178842906399487e-16,-9.558141640084091e-17,-6.062658923560143e-18,1.802342772763031e-12
2.155000000000000e+02,8.660254037844426e-01,2.886751345948046e-01,2.886751345948202e-01,2.886751345948023e-01,8.123367572854771e-16,-1.206422326806857e-15,3.930189507243062e-15,1.096076463782685e-19,-1.201597148785624e-21,-4.200487105075583e-27,6.369475476406571e-31,3.179241783798214e-16,-9.554219662219554e-17,-6.082936778179385e-18,1.802342772763031e-12
2.160000000000000e+02,8.660254037844426e-01,2.886751345948046e-01,2.886751345948202e-01,2.886751345948023e-01,8.126102223231928e-16,-1.206426093086030e-15,3.930189507215864e-15,9.319974411532273e-20,-9.756203984356650e-22,-2.568580411206191e-27,6.369893058036140e-31,3.179580865147672e-16,-9.550883082979146e-17,-6.100162019411785e-18,1.802342772763031e-12
2.165000000000000e+02,8.660254037844426e-01,2.886751345948046e-01,2.886751345948202e-01,2.886751345948023e-01,8.128427505489298e-16,-1.206429151064979e-15,3.930189507199234e-15,7.924805057110237e-20,-7.921416614674501e-22,-1.570769973714763e-27,6.370247986906479e-31,3.179869117782547e-16,-9.548044591425823e-17,-6.114794826654351e-18,1.802342772763031e-12
2.170000000000000e+02,8.660254037844426e-01,2.886751345948046e-01,2.886751345948202e-01,2.886751345948023e-01,8.130404700680907e-16,-1.206431633949235e-15,3.930189507189062e-15,6.738487942144865e-20,-6.431686061428993e-22,-9.604381521065819e-28,6.370549658981957e-31,3.180114163636484e-16,-9.545629886357672e-17,-6.127225887638155e-18,1.802342772763031e-12
2.175000000000000e+02,8.660254037844426e-01,2.886751345948046e-01,2.886751345948202e-01,2.886751345948023e-01,8.132085916289612e-16,-1.206433649893204e-15,3.930189507182843e-15,5.729758576921714e-20,-5.222119679553781e-22,-5.873069439370433e-28,6.370806063157748e-31,3.180322481212135e-16,-9.543575740156402e-17,-6.137786914765841e-18,1.802342772763031e-12
2.180000000000000e+02,8.660254037844426e-01,2.886751345948046e-01,2.886751345948202e-01,2.886751345948023e-01,8.133515459480354e-16,-1.206435286711385e-15,3.930189507179040e-15,4.872032662476846e-20,-4.240028771015295e-22,-3.591289271018656e-28,6.371023991248738e-31,3.180499577210173e-16,-9.541828350334626e-17,-6.146759565808754e-18,1.802342772763031e-12
2.185000000000000e+02,8.660254037844426e-01,2.886751345948046e-01,2.886751345948202e-01,2.886751345948023e-01,8.134731004781998e-16,-1.206436615703558e-15,3.930189507176714e-15,4.142705481490089e-20,-3.442633467225148e-22,-2.195498506843228e-28,6.371209216871069e-31,3.180650132379339e-16,-9.540341936116060e-17,-6.154383011845445e-18,1.802342772763031e-12
2.190000000000000e+02,8.660254037844426e-01,2.886751345948046e-01,2.886751345948202e-01,2.886751345948023e-01,8.135764586970983e-16,-1.206437694760607e-15,3.930189507175292e-15,3.522556168098823e-20,-2.795199237929445e-22,-1.342542653073009e-28,6.371366647754222e-31,3.180778125462787e-16,-9.539077543694423e-17,-6.160860358211978e-18,1.802342772763031e-12
2.195000000000000e+02,8.660254037844426e-01,2.886751345948046e-01,2.886751345948202e-01,2.886751345948023e-01,8.136643445323652e-16,-1.206438570886244e-15,3.930189507174423e-15,2.995241156497617e-20,-2.269523855746038e-22,-8.214014175613785e-29,6.371500455380609e-31,3.180886938532902e-16,-9.538002029197150e-17,-6.166364092816601e-18,1.802342772763031e-12
2.200000000000000e+02,8.660254037844426e-01,2.886751345948046e-01,2.886751345948202e-01,2.886751345948023e-01,8.137390741486728e-16,-1.206439282244493e-15,3.930189507173891e-15,2.546863458651860e-20,-1.842708906281581e-22,-5.019127509468688e-29,6.371614185292715e-31,3.180979446511424e-16,-9.537087192967467e-17,-6.171040709569138e-18,1.802342772763031e-12
2.205000000000000e+02,8.660254037844426e-01,2.886751345948046e-01,2.886751345948202e-01,2.886751345948023e-01,8.138026169885006e-16,-1.206439859822111e-15,3.930189507173566e-15,2.165606419685678e-20,-1.496162335393153e-22,-3.066696769046683e-29,6.371710850926346e-31,3.181058093251003e-16,-9.536309042687396e-17,-6.175014632156410e-18,1.802342772763031e-12
2.210000000000000e+02,8.660254037844426e-01,2.886751345948046e-01,2.886751345948202e-01,2.886751345948023e-01,8.138566476752996e-16,-1.206440328778372e-15,3.930189507173369e-15,1.841422298891362e-20,-1.214788578944979e-22,-1.883405411215166e-29,6.371793013413117e-31,3.181124956196980e-16,-9.535647166196575e-17,-6.178391544318041e-18,1.802342772763031e-12
2.215000000000000e+02,8.660254037844426e-01,2.886751345948046e-01,2.886751345948202e-01,2.886751345948023e-01,8.139025901469290e-16,-1.206440709541004e-15,3.930189507173246e-15,1.565767469114953e-20,-9.863309996657520e-23,-1.148778693228098e-29,6.371862849438383e-31,3.181181801344669e-16,-9.535084197700833e-17,-6.181261216619552e-18,1.802342772763031e-12
2.220000000000000e+02,8.660254037844426e-01,2.886751345948046e-01,2.886751345948202e-01,2.886751345948023e-01,8.139416551824565e-16,-1.206441018696025e-15,3.930189507173171e-15,1.331377255949941e-20,-8.008379873205797e-23,-6.951836727260167e-30,6.371922208934225e-31,3.181230129949533e-16,-9.534605363484039e-17,-6.183699906028777e-18,1.802342772763031e-12
2.225000000000000e+02,8.660254037844426e-01,2.886751345948046e-01,2.886751345948202e-01,2.886751345948023e-01,8.139748723113277e-16,-1.206441269710223e-15,3.930189507173131e-15,1.132074482722755e-20,-6.502294684269455e-23,-4.585254011597131e-30,6.371972664124488e-31,3.181271218228607e-16,-9.534198095297513e-17,-6.185772393007158e-18,1.802342772763031e-12
2.230000000000000e+02,8.660254037844426e-01,2.886751345948046e-01,2.886751345948202e-01,2.886751345948023e-01,8.140031169458340e-16,-1.206441473517774e-15,3.930189507173094e-15,9.626066756848692e-21,-5.279449379659564e-23,-2.366582715663035e-30,6.372015551214323e-31,3.181306151105440e-16,-9.533851701357681e-17,-6.187533710994719e-18,1.802342772763031e-12
2.235000000000000e+02,8.660254037844426e-01,2.886751345948046e-01,2.886751345948202e-01,2.886751345948023e-01,8.140271334519412e-16,-1.206441638996532e-15,3.930189507173094e-15,8.185076390417428e-21,-4.286576830562915e-23,-2.366582715663035e-30,6.372052005825138e-31,3.181335850892776e-16,-9.533557086378437e-17,-6.189030614832135e-18,1.802342772763031e-12
2.240000000000000e+02,8.660254037844426e-01,2.886751345948046e-01,2.886751345948202e-01,2.886751345948023e-01,8.140475547664908e-16,-1.206441773354750e-15,3.930189507173094e-15,6.959797517442657e-21,-3.480427522146611e-23,-2.366582715663035e-30,6.372082993110875e-31,3.181361101672665e-16,-9.533306513337888e-17,-6.190302827618300e-18,1.802342772763031e-12
2.245000000000000e+02,8.660254037844426e-01,2.886751345948046e-01,2.886751345948202e-01,2.886751345948023e-01,8.140649190777718e-16,-1.206441882445071e-15,3.930189507173094e-15,5.917938840586014e-21,-2.825885593479031e-23,-2.366582715663035e-30,6.372109333353808e-31,3.181382570019933e-16,-9.533093400765838e-17,-6.191384099484800e-18,1.802342772763031e-12
2.250000000000000e+02,8.660254037844426e-01,2.886751345948046e-01,2.886751345948202e-01,2.886751345948023e-01,8.140796840090665e-16,-1.206441971019467e-15,3.930189507173094e-15,5.032042962895771e-21,-2.294439217745680e-23,-2.366582715663035e-30,6.372131723716976e-31,3.181400822617573e-16,-9.532912150260741e-17,-6.192303106723338e-18,1.802342772763031e-12
2.255000000000000e+02,8.660254037844426e-01,2.886751345948046e-01,2.886751345948202e-01,2.886751345948023e-01,8.140922386789640e-16,-1.206442042936239e-15,3.930189507173094e-15,4.278762769044974e-21,-1.862938587592530e-23,-2.366582715663035e-30,6.372150756730241e-31,3.181416341230497e-16,-9.532757999733010e-17,-6.193084215377109e-18,1.802342772763031e-12
2.260000000000000e+02,8.660254037844426e-01,2.886751345948046e-01,2.886751345948202e-01,2.886751345948023e-01,8.141029139562878e-16,-1.206442101328079e-15,3.930189507173094e-15,3.638246129621074e-21,-1.512587547510949e-23,-2.366582715663035e-30,6.372166936000200e-31,3.181429535433947e-16,-9.532626898541016e-17,-6.193748129762056e-18,1.802342772763031e-12
2.265000000000000e+02,8.660254037844426e-01,2.886751345948046e-01,2.886751345948202e-01,2.886751345948023e-01,8.141119911798927e-16,-1.206442148738537e-15,3.930189507173094e-15,3.093612713326386e-21,-1.228124798126318e-23,-2.366582715663035e-30,6.372180689560745e-31,3.181440753433413e-16,-9.532515401256956e-17,-6.194312443288341e-18,1.802342772763031e-12
2.270000000000000e+02,8.660254037844426e-01,2.886751345948046e-01,2.886751345948202e-01,2.886751345948023e-01,8.141197095731357e-16,-1.206442187232811e-15,3.930189507173094e-15,2.630509118749838e-21,-9.971591563932672e-24,-2.366582715663035e-30,6.372192381218566e-31,3.181450291262330e-16,-9.532420577285316e-17,-6.194792106321907e-18,1.802342772763031e-12
2.275000000000000e+02,8.660254037844426e-01,2.886751345948046e-01,2.886751345948202e-01,2.886751345948023e-01,8.141262725484302e-16,-1.206442218487711e-15,3.930189507173094e-15,2.236730601079923e-21,-8.096297577997586e-24,-2.366582715663035e-30,6.372202320194770e-31,3.181458400600878e-16,-9.532339933970392e-17,-6.195199823602119e-18,1.802342772763031e-12
2.280000000000000e+02,8.660254037844426e-01,2.886751345948046e-01,2.886751345948202e-01,2.886751345948023e-01,8.141318530680225e-16,-1.206442243864700e-15,3.930189507173094e-15,1.901899425539897e-21,-6.573678194823316e-24,-2.366582715663035e-30,6.372210769318519e-31,3.181465295422664e-16,-9.532271351181187e-17,-6.195546391834635e-18,1.802342772763031e-12
2.285000000000000e+02,8.660254037844426e-01,2.886751345948046e-01,2.886751345948202e-01,2.886751345948023e-01,8.141365982022828e-16,-1.206442264469201e-15,3.930189507173094e-15,1.617191369922070e-21,-5.337408171192319e-24,-2.366582715663035e-30,6.372217951990223e-31,3.181471157645078e-16,-9.532213025661850e-17,-6.195840986479416e-18,1.802342772763031e-12
2.290000000000000e+02,8.660254037844426e-01,2.886751345948046e-01,2.886751345948202e-01,2.886751345948023e-01,8.141406330056334e-16,-1.206442281198744e-15,3.930189507173094e-15,1.375103168879825e-21,-4.333635584608990e-24,-2.366582715663035e-30,6.372224058099117e-31,3.181476141932724e-16,-9.532163423690802e-17,-6.196091405388843e-18,1.802342772763031e-12
2.295000000000000e+02,8.660254037844426e-01,2.886751345948046e-01,2.886751345948202e-01,2.886751345948023e-01,8.141440638122627e-16,-1.206442294782068e-15,3.930189507173094e-15,1.169254771125925e-21,-3.518636143072029e-24,-2.366582715663035e-30,6.372229249052299e-31,3.181480379780897e-16,-9.532121240808951e-17,-6.196304275796767e-18,1.802342772763031e-12
2.300000000000000e+02,8.660254037844426e-01,2.886751345948046e-01,2.886751345948202e-01,2.886751345948023e-01,8.141469810384833e-16,-1.206442305810862e-15,3.930189507173094e-15,9.942211978905816e-22,-2.856908517396647e-24,-2.366582715663035e-30,6.372233662048699e-31,3.181483982987056e-16,-9.532085367561984e-17,-6.196485230177901e-18,1.802342772763031e-12
2.305000000000000e+02,8.660254037844426e-01,2.886751345948046e-01,2.886751345948202e-01,2.886751345948023e-01,8.141494615655839e-16,-1.206442314765540e-15,3.930189507173094e-15,8.453895718540718e-22,-2.319627804061776e-24,-2.366582715663035e-30,6.372237413711401e-31,3.181487046602059e-16,-9.532054860359327e-17,-6.196639055664911e-18,1.802342772763031e-12
2.310000000000000e+02,8.660254037844426e-01,2.886751345948046e-01,2.886751345948202e-01,2.886751345948023e-01,8.141515707659790e-16,-1.206442322036169e-15,3.930189507173094e-15,7.188375481468948e-22,-1.883390040753466e-24,-2.366582715663035e-30,6.372240603174690e-31,3.181489651439115e-16,-9.532028916685827e-17,-6.196769821003020e-18,1.802342772763031e-12
2.315000000000000e+02,8.660254037844426e-01,2.886751345948046e-01,2.886751345948202e-01,2.886751345948023e-01,8.141533642260488e-16,-1.206442327939457e-15,3.930189507173094e-15,6.112299439642512e-22,-1.529192788534154e-24,-2.366582715663035e-30,6.372243314707726e-31,3.181491866206780e-16,-9.532006854016527e-17,-6.196880984422915e-18,1.802342772763031e-12
2.320000000000000e+02,8.660254037844426e-01,2.886751345948046e-01,2.886751345948202e-01,2.886751345948023e-01,8.141548892110757e-16,-1.206442332732551e-15,3.930189507173094e-15,5.197308423466172e-22,-1.241607123715027e-24,-2.366582715663035e-30,6.372245619944436e-31,3.181493749322331e-16,-9.531988091881567e-17,-6.196975485303319e-18,1.802342772763031e-12
2.325000000000000e+02,8.660254037844426e-01,2.886751345948046e-01,2.886751345948202e-01,2.886751345948023e-01,8.141561859108862e-16,-1.206442336624239e-15,3.930189507173094e-15,4.419288537164845e-22,-1.008105873491418e-24,-2.366582715663035e-30,6.372247579778737e-31,3.181495350453441e-16,-9.531972136610772e-17,-6.197055822060309e-18,1.802342772763031e-12
2.330000000000000e+02,8.660254037844426e-01,2.886751345948046e-01,2.886751345948202e-01,2.886751345948023e-01,8.141572884990225e-16,-1.206442339784042e-15,3.930189507173094e-15,3.757735655396585e-22,-8.185177241963915e-25,-2.366582715663035e-30,6.372249245975376e-31,3.181496711828848e-16,-9.531958568357861e-17,-6.197124118336420e-18,1.802342772763031e-12
2.335000000000000e+02,8.660254037844426e-01,2.886751345948046e-01,2.886751345948202e-01,2.886751345948023e-01,8.141582260333603e-16,-1.206442342349600e-15,3.930189507173094e-15,3.195215052731315e-22,-6.645842265986561e-25,-2.366582715663035e-30,6.372250662539041e-31,3.181497869352665e-16,-9.531947030063722e-17,-6.197182179247526e-18,1.802342772763031e-12
2.340000000000000e+02,8.660254037844426e-01,2.886751345948046e-01,2.886751345948202e-01,2.886751345948023e-01,8.141590232219078e-16,-1.206442344432669e-15,3.930189507173094e-15,2.716901924221014e-22,-5.396000506778819e-25,-2.366582715663035e-30,6.372251866878082e-31,3.181498853551748e-16,-9.531937218069102e-17,-6.197231539182615e-18,1.802342772763031e-12
2.345000000000000e+02,8.660254037844426e-01,2.886751345948046e-01,2.886751345948202e-01,2.886751345948023e-01,8.141597010739652e-16,-1.206442346123990e-15,3.930189507173094e-15,2.310190689833714e-22,-4.381208359188312e-25,-2.366582715663035e-30,6.372252890793631e-31,3.181499690381119e-16,-9.531928874130406e-17,-6.197273502426228e-18,1.802342772763031e-12
2.350000000000000e+02,8.660254037844426e-01,2.886751345948046e-01,2.886751345948202e-01,2.886751345948023e-01,8.141602774538109e-16,-1.206442347497234e-15,3.930189507173094e-15,1.964362782384929e-22,-3.557261509352915e-25,-2.366582715663035e-30,6.372253761320344e-31,3.181500401908752e-16,-9.531921778628791e-17,-6.197309177681530e-18,1.802342772763031e-12
2.355000000000000e+02,8.660254037844426e-01,2.886751345948046e-01,2.886751345948202e-01,2.886751345948023e-01,8.141607675514996e-16,-1.206442348612221e-15,3.930189507173094e-15,1.670304169143226e-22,-2.888269251275400e-25,-2.366582715663035e-30,6.372254501441038e-31,3.181501006897763e-16,-9.531915744794506e-17,-6.197339507411085e-18,1.802342772763031e-12
2.360000000000000e+02,8.660254037844426e-01,2.886751345948046e-01,2.886751345948202e-01,2.886751345948023e-01,8.141611842831841e-16,-1.206442349517521e-15,3.930189507173094e-15,1.420265158475730e-22,-2.345089707262223e-25,-2.366582715663035e-30,6.372255130694143e-31,3.181501521301384e-16,-9.531910613794603e-17,-6.197365292773720e-18,1.802342772763031e-12
2.365000000000000e+02,8.660254037844426e-01,2.886751345948046e-01,2.886751345948202e-01,2.886751345948023e-01,8.141615386315137e-16,-1.206442350252566e-15,3.930189507173094e-15,1.207656160678268e-22,-1.904062720094509e-25,-2.366582715663035e-30,6.372255665690048e-31,3.181501958683812e-16,-9.531906250554967e-17,-6.197387214818386e-18,1.802342772763031e-12
2.370000000000000e+02,8.660254037844426e-01,2.886751345948046e-01,2.886751345948202e-01,2.886751345948023e-01,8.141618399350703e-16,-1.206442350849375e-15,3.930189507173094e-15,1.026874026718216e-22,-1.545977308058831e-25,-2.366582715663035e-30,6.372256120550024e-31,3.181502330578000e-16,-9.531902540207138e-17,-6.197405852498025e-18,1.802342772763031e-12
2.375000000000000e+02,8.660254037844426e-01,2.886751345948046e-01,2.886751345948202e-01,2.886751345948023e-01,8.141620961344804e-16,-1.206442351333946e-15,3.930189507173094e-15,8.731543806220898e-23,-1.255234363052026e-25,-2.366582715663035e-30,6.372256507279318e-31,3.181502646789867e-16,-9.531899385066301e-17,-6.197421697980503e-18,1.802342772763031e-12
2.380000000000000e+02,8.660254037844426e-01,2.886751345948046e-01,2.886751345948202e-01,2.886751345948023e-01,8.141623139816858e-16,-1.206442351727388e-15,3.930189507173094e-15,7.424460574097089e-23,-1.019169586057385e-25,-2.366582715663035e-30,6.372256836084312e-31,3.181502915656939e-16,-9.531896702061137e-17,-6.197435169661893e-18,1.802342772763031e-12
2.385000000000000e+02,8.660254037844426e-01,2.886751345948046e-01,2.886751345948202e-01,2.886751345948023e-01,8.141624992178848e-16,-1.206442352046837e-15,3.930189507173094e-15,6.313043380429850e-23,-8.275001751753520e-26,-2.366582715663035e-30,6.372257115642131e-31,3.181503144268253e-16,-9.531894420548060e-17,-6.197446623227916e-18,1.802342772763031e-12
2.390000000000000e+02,8.660254037844426e-01,2.886751345948046e-01,2.886751345948202e-01,2.886751345948023e-01,8.141626567248372e-16,-1.206442352306209e-15,3.930189507173094e-15,5.368001665733929e-23,-6.718766540217454e-26,-2.366582715663035e-30,6.372257353329825e-31,3.181503338651326e-16,-9.531892480452292e-17,-6.197456361056390e-18,1.802342772763031e-12
2.395000000000000e+02,8.660254037844426e-01,2.886751345948046e-01,2.886751345948202e-01,2.886751345948023e-01,8.141627906535197e-16,-1.206442352516803e-15,3.930189507173094e-15,4.564429570825362e-23,-5.455204887494205e-26,-2.366582715663035e-30,6.372257555419206e-31,3.181503503931119e-16,-9.531890830686906e-17,-6.197464640208795e-18,1.802342772763031e-12
2.400000000000000e+02,8.660254037844426e-01,2.886751345948046e-01,2.886751345948202e-01,2.886751345948023e-01,8.141629045335212e-16,-1.206442352687791e-15,3.930189507173094e-15,3.881149562023800e-23,-4.429274023921978e-26,-2.366582715663035e-30,6.372257727242463e-31,3.181503644465196e-16,-9.531889427808374e-17,-6.197471679223810e-18,1.802342772763031e-12
2.405000000000000e+02,8.660254037844426e-01,2.886751345948046e-01,2.886751345948202e-01,2.886751345948023e-01,8.141630013660630e-16,-1.206442352826623e-15,3.930189507173094e-15,3.300154310829465e-23,-3.596283746624837e-26,-2.366582715663035e-30,6.372257873332968e-31,3.181503763958636e-16,-9.531888234873145e-17,-6.197477663891701e-18,1.802342772763031e-12
2.410000000000000e+02,8.660254037844426e-01,2.886751345948046e-01,2.886751345948202e-01,2.886751345948023e-01,8.141630837030935e-16,-1.206442352939346e-15,3.930189507173094e-15,2.806132128144820e-23,-2.919947686557780e-26,-2.366582715663035e-30,6.372257997544967e-31,3.181503865561748e-16,-9.531887220465237e-17,-6.197482752163312e-18,1.802342772763031e-12
2.415000000000000e+02,8.660254037844426e-01,2.886751345948046e-01,2.886751345948202e-01,2.886751345948023e-01,8.141631537145426e-16,-1.206442353030869e-15,3.930189507173094e-15,2.386063433571861e-23,-2.370804354101132e-26,-2.366582715663035e-30,6.372258103155339e-31,3.181503951953133e-16,-9.531886357869328e-17,-6.197487078322332e-18,1.802342772763031e-12
2.420000000000000e+02,8.660254037844426e-01,2.886751345948046e-01,2.886751345948202e-01,2.886751345948023e-01,8.141632132455095e-16,-1.206442353105181e-15,3.930189507173094e-15,2.028877632349522e-23,-1.924936472684723e-26,-2.366582715663035e-30,6.372258192950093e-31,3.181504025410328e-16,-9.531885624367462e-17,-6.197490756532488e-18,1.802342772763031e-12
2.425000000000000e+02,8.660254037844426e-01,2.886751345948046e-01,2.886751345948202e-01,2.886751345948023e-01,8.141632638648874e-16,-1.206442353165517e-15,3.930189507173094e-15,1.725161364392339e-23,-1.562920807707814e-26,-2.366582715663035e-30,6.372258269297921e-31,3.181504087869856e-16,-9.531885000641026e-17,-6.197493883853058e-18,1.802342772763031e-12
2.430000000000000e+02,8.660254037844426e-01,2.886751345948046e-01,2.886751345948202e-01,2.886751345948023e-01,8.141633069067116e-16,-1.206442353214506e-15,3.930189507173094e-15,1.466910419245420e-23,-1.268985071446643e-26,-2.366582715663035e-30,6.372258334212714e-31,3.181504140978288e-16,-9.531884470262158e-17,-6.197496542801824e-18,1.802342772763031e-12
2.435000000000000e+02,8.660254037844426e-01,2.886751345948046e-01,2.886751345948202e-01,2.886751345948023e-01,8.141633435053170e-16,-1.206442353254282e-15,3.930189507173094e-15,1.247318786666511e-23,-1.030329995713999e-26,-2.366582715663035e-30,6.372258389406714e-31,3.181504186135659e-16,-9.531884019261205e-17,-6.197498803534309e-18,1.802342772763031e-12
2.440000000000000e+02,8.660254037844426e-01,2.886751345948046e-01,2.886751345948202e-01,2.886751345948023e-01,8.141633746252323e-16,-1.206442353286578e-15,3.930189507173094e-15,1.060599295540656e-23,-8.365549425126084e-27,-2.366582715663035e-30,6.372258436335707e-31,3.181504224532391e-16,-9.531883635758956e-17,-6.197500725696160e-18,1.802342772763031e-12
2.445000000000000e+02,8.660254037844426e-01,2.886751345948046e-01,2.886751345948202e-01,2.886751345948023e-01,8.141634010865991e-16,-1.206442353312800e-15,3.930189507173094e-15,9.018310944034386e-24,-6.792227979420997e-27,-2.366582715663035e-30,6.372258476237432e-31,3.181504257180662e-16,-9.531883309653829e-17,-6.197502359997762e-18,1.802342772763031e-12
2.450000000000000e+02,8.660254037844426e-01,2.886751345948046e-01,2.886751345948202e-01,2.886751345948023e-01,8.141634235867869e-16,-1.206442353334090e-15,3.930189507173094e-15,7.668299676385487e-24,-5.514791002932009e-27,-2.366582715663035e-30,6.372258510164255e-31,3.181504284941113e-16,-9.531883032355904e-17,-6.197503749553234e-18,1.802342772763031e-12
2.455000000000000e+02,8.660254037844426e-01,2.886751345948046e-01,2.886751345948202e-01,2.886751345948023e-01,8.141634427187709e-16,-1.206442353351377e-15,3.930189507173094e-15,6.520380632002902e-24,-4.477611475889395e-27,-2.366582715663035e-30,6.372258539010925e-31,3.181504308545525e-16,-9.531882796560718e-17,-6.197504931018403e-18,1.802342772763031e-12
2.460000000000000e+02,8.660254037844426e-01,2.886751345948046e-01,2.886751345948202e-01,2.886751345948023e-01,8.141634589867604e-16,-1.206442353365413e-15,3.930189507173094e-15,5.544301266342340e-24,-3.635440829807745e-27,-2.366582715663035e-30,6.372258563538195e-31,3.181504328616116e-16,-9.531882596056928e-17,-6.197505935558576e-18,1.802342772763031e-12
2.465000000000000e+02,8.660254037844426e-01,2.886751345948046e-01,2.886751345948202e-01,2.886751345948023e-01,8.141634728194853e-16,-1.206442353376809e-15,3.930189507173094e-15,4.714337774382822e-24,-2.951695640207433e-27,-2.366582715663035e-30,6.372258584392875e-31,3.181504345681947e-16,-9.531882425562718e-17,-6.197506789670580e-18,1.802342772763031e-12
2.470000000000000e+02,8.660254037844426e-01,2.886751345948046e-01,2.886751345948202e-01,2.886751345948023e-01,8.141634845814973e-16,-1.206442353386061e-15,3.930189507173094e-15,4.008617052352688e-24,-2.396547104109790e-27,-2.366582715663035e-30,6.372258602124920e-31,3.181504360192869e-16,-9.531882280586729e-17,-6.197507515882888e-18,1.802342772763031e-12
2.475000000000000e+02,8.660254037844426e-01,2.886751345948046e-01,2.886751345948202e-01,2.886751345948023e-01,8.141634945827750e-16,-1.206442353393574e-15,3.930189507173094e-15,3.408540391697500e-24,-1.945787052485846e-27,-2.366582715663035e-30,6.372258617201921e-31,3.181504372531385e-16,-9.531882157309756e-17,-6.197508133349587e-18,1.802342772763031e-12
2.480000000000000e+02,8.660254037844426e-01,2.886751345948046e-01,2.886751345948202e-01,2.886751345948023e-01,8.141635030868945e-16,-1.206442353399674e-15,3.930189507173094e-15,2.898293220516382e-24,-1.579755592463297e-27,-2.366582715663035e-30,6.372258630021445e-31,3.181504383022727e-16,-9.531882052484181e-17,-6.197508658355945e-18,1.802342772763031e-12
2.485000000000000e+02,8.660254037844426e-01,2.886751345948046e-01,2.886751345948202e-01,2.886751345948023e-01,8.141635103179755e-16,-1.206442353404627e-15,3.930189507173094e-15,2.464428363136928e-24,-1.282589224276213e-27,-2.366582715663035e-30,6.372258640921522e-31,3.181504391943438e-16,-9.531881963348396e-17,-6.197509104748074e-18,1.802342772763031e-12
2.490000000000000e+02,8.660254037844426e-01,2.886751345948046e-01,2.886751345948202e-01,2.886751345948023e-01,8.141635164665874e-16,-1.206442353408649e-15,3.930189507173094e-15,2.095511644353533e-24,-1.041271742988447e-27,-2.366582715663035e-30,6.372258650189564e-31,3.181504399528656e-16,-9.531881887554128e-17,-6.197509484298551e-18,1.802342772763031e-12
2.495000000000000e+02,8.660254037844426e-01,2.886751345948046e-01,2.886751345948202e-01,2.886751345948023e-01,8.141635216947725e-16,-1.206442353411914e-15,3.930189507173094e-15,1.781820544561598e-24,-8.453753935091109e-28,-2.366582715663035e-30,6.372258658069941e-31,3.181504405978318e-16,-9.531881823104522e-17,-6.197509807016728e-18,1.802342772763031e-12
2.500000000000000e+02,8.660254037844426e-01,2.886751345948046e-01,2.886751345948202e-01,2.886751345948023e-01,8.141635261403154e-16,-1.206442353414565e-15,3.930189507173094e-15,1.515087967874754e-24,-6.863336394455684e-28,-2.366582715663035e-30,6.372258664770434e-31,3.181504411462427e-16,-9.531881768301606e-17,-6.197510081413058e-18,1.802342772763031e-12
2.505000000000000e+02,8.660254037844426e-01,2.886751345948046e-01,2.886751345948202e-01,2.886751345948023e-01,8.141635299203750e-16,-1.206442353416717e-15,3.930189507173094e-15,1.288284387092528e-24,-5.572069700222041e-28,-2.366582715663035e-30,6.372258670467709e-31,3.181504416125533e-16,-9.531881721701531e-17,-6.197510314723305e-18,1.802342772763031e-12
2.510000000000000e+02,8.660254037844426e-01,2.886751345948046e-01,2.886751345948202e-01,2.886751345948023e-01,8.141635331345722e-16,-1.206442353418465e-15,3.930189507173094e-15,1.095432559995231e-24,-4.523254474827417e-28,-2.366582715663035e-30,6.372258675311978e-31,3.181504420090549e-16,-9.531881682076547e-17,-6.197510513099944e-18,1.802342772763031e-12
2.515000000000000e+02,8.660254037844426e-01,2.886751345948046e-01,2.886751345948202e-01,2.886751345948023e-01,8.141635358676151e-16,-1.206442353419884e-15,3.930189507173094e-15,9.314499851930143e-25,-3.671900994770928e-28,-2.366582715663035e-30,6.372258679430959e-31,3.181504423461983e-16,-9.531881648382636e-17,-6.197510681773789e-18,1.802342772763031e-12
2.520000000000000e+02,8.660254037844426e-01,2.886751345948046e-01,2.886751345948202e-01,2.886751345948023e-01,8.141635381915304e-16,-1.206442353421036e-15,3.930189507173094e-15,7.920150669429249e-25,-2.980784886087458e-28,-2.366582715663035e-30,6.372258682933247e-31,3.181504426328698e-16,-9.531881619732076e-17,-6.197510825192497e-18,1.802342772763031e-12
2.525000000000000e+02,8.660254037844426e-01,2.886751345948046e-01,2.886751345948202e-01,2.886751345948023e-01,8.141635401675636e-16,-1.206442353421971e-15,3.930189507173094e-15,6.734530754442890e-25,-2.419214529183250e-28,-2.366582715663035e-30,6.372258685911179e-31,3.181504428766254e-16,-9.531881595369983e-17,-6.197510947137722e-18,1.802342772763031e-12
2.530000000000000e+02,8.660254037844426e-01,2.886751345948046e-01,2.886751345948202e-01,2.886751345948023e-01,8.141635418477908e-16,-1.206442353422731e-15,3.930189507173094e-15,5.726394435850911e-25,-1.963647356418115e-28,-2.366582715663035e-30,6.372258688443261e-31,3.181504430838899e-16,-9.531881574654471e-17,-6.197511050824626e-18,1.802342772763031e-12
2.535000000000000e+02,8.660254037844426e-01,2.886751345948046e-01,2.886751345948202e-01,2.886751345948023e-01,8.141635432764935e-16,-1.206442353423348e-15,3.930189507173094e-15,4.869172816735709e-25,-1.593499028546444e-28,-2.366582715663035e-30,6.372258690596248e-31,3.181504432601262e-16,-9.531881557039727e-17,-6.197511138987203e-18,1.802342772763031e-12
2.540000000000000e+02,8.660254037844426e-01,2.886751345948046e-01,2.886751345948202e-01,2.886751345948023e-01,8.141635444913242e-16,-1.206442353423849e-15,3.930189507173094e-15,4.140274399885953e-25,-1.292745808430933e-28,-2.366582715663035e-30,6.372258692426900e-31,3.181504434099794e-16,-9.531881542061625e-17,-6.197511213949882e-18,1.802342772763031e-12
2.545000000000000e+02,8.660254037844426e-01,2.886751345948046e-01,2.886751345948202e-01,2.886751345948023e-01,8.141635455242992e-16,-1.206442353424255e-15,3.930189507173094e-15,3.520489374553620e-25,-1.048938484911064e-28,-2.366582715663035e-30,6.372258693983476e-31,3.181504435373992e-16,-9.531881529325503e-17,-6.197511277689017e-18,1.802342772763031e-12
2.550000000000000e+02,8.660254037844426e-01,2.886751345948046e-01,2.886751345948202e-01,2.886751345948023e-01,8.141635464026410e-16,-1.206442353424585e-15,3.930189507173094e-15,2.993484314066351e-25,-8.509837015071665e-29,-2.366582715663035e-30,6.372258695307010e-31,3.181504436457438e-16,-9.531881518495789e-17,-6.197511331885105e-18,1.802342772763031e-12
2.555000000000000e+02,8.660254037844426e-01,2.886751345948046e-01,2.886751345948202e-01,2.886751345948023e-01,8.141635471494980e-16,-1.206442353424854e-15,3.930189507173094e-15,2.545370089592567e-25,-6.900067730355038e-29,-2.366582715663035e-30,6.372258696432394e-31,3.181504437378691e-16,-9.531881509287129e-17,-6.197511377967018e-18,1.802342772763031e-12
2.560000000000000e+02,8.660254037844426e-01,2.886751345948046e-01,2.886751345948202e-01,2.886751345948023e-01,8.141635477845527e-16,-1.206442353425071e-15,3.930189507173094e-15,2.164337268491834e-25,-5.595982046411552e-29,-2.366582715663035e-30,6.372258697389292e-31,3.181504438162029e-16,-9.531881501456874e-17,-6.197511417149592e-18,1.802342772763031e-12
2.565000000000000e+02,8.660254037844426e-01,2.886751345948046e-01,2.886751345948202e-01,2.886751345948023e-01,8.141635483245420e-16,-1.206442353425247e-15,3.930189507173094e-15,1.840343713070447e-25,-4.537182800185226e-29,-2.366582715663035e-30,6.372258698202931e-31,3.181504438828100e-16,-9.531881494798698e-17,-6.197511450465862e-18,1.802342772763031e-12
2.570000000000000e+02,8.660254037844426e-01,2.886751345948046e-01,2.886751345948202e-01,2.886751345948023e-01,8.141635487836966e-16,-1.206442353425391e-15,3.930189507173094e-15,1.564850928475761e-25,-3.678063970592968e-29,-2.366582715663035e-30,6.372258698894760e-31,3.181504439394460e-16,-9.531881489137164e-17,-6.197511478794153e-18,1.802342772763031e-12
2.575000000000000e+02,8.660254037844426e-01,2.886751345948046e-01,2.886751345948202e-01,2.886751345948023e-01,8.141635491741169e-16,-1.206442353425507e-15,3.930189507173094e-15,1.330598744300139e-25,-2.977949917209320e-29,-2.366582715663035e-30,6.372258699483015e-31,3.181504439876034e-16,-9.531881484323101e-17,-6.197511502881269e-18,1.802342772763031e-12
2.580000000000000e+02,8.660254037844426e-01,2.886751345948046e-01,2.886751345948202e-01,2.886751345948023e-01,8.141635495060932e-16,-1.206442353425602e-15,3.930189507173094e-15,1.131413029735306e-25,-2.409723546417309e-29,-2.366582715663035e-30,6.372258699983203e-31,3.181504440285517e-16,-9.531881480229635e-17,-6.197511523362231e-18,1.802342772763031e-12
2.585000000000000e+02,8.660254037844426e-01,2.886751345948046e-01,2.886751345948202e-01,2.886751345948023e-01,8.141635497883734e-16,-1.206442353425678e-15,3.930189507173094e-15,9.620448399033875e-26,-1.952430740422004e-29,-2.366582715663035e-30,6.372258700408507e-31,3.181504440633700e-16,-9.531881476748910e-17,-6.197511540776853e-18,1.802342772763031e-12
2.590000000000000e+02,8.660254037844426e-01,2.886751345948046e-01,2.886751345948202e-01,2.886751345948023e-01,8.141635500283972e-16,-1.206442353425741e-15,3.930189507173094e-15,8.180305779355142e-26,-1.576489215277616e-29,-2.366582715663035e-30,6.372258700770140e-31,3.181504440929758e-16,-9.531881473789222e-17,-6.197511555584314e-18,1.802342772763031e-12
2.595000000000000e+02,8.660254037844426e-01,2.886751345948046e-01,2.886751345948202e-01,2.886751345948023e-01,8.141635502324903e-16,-1.206442353425792e-15,3.930189507173094e-15,6.955747135419250e-26,-1.270805614504474e-29,-2.366582715663035e-30,6.372258701077634e-31,3.181504441181498e-16,-9.531881471272563e-17,-6.197511568174929e-18,1.802342772763031e-12
2.600000000000000e+02,8.660254037844426e-01,2.886751345948046e-01,2.886751345948202e-01,2.886751345948023e-01,8.141635504060316e-16,-1.206442353425832e-15,3.930189507173094e-15,5.914499428036509e-26,-1.026751771951723e-29,-2.366582715663035e-30,6.372258701339093e-31,3.181504441395552e-16,-9.531881469132610e-17,-6.197511578880560e-18,1.802342772763031e-12
2.605000000000000e+02,8.660254037844426e-01,2.886751345948046e-01,2.886751345948202e-01,2.886751345948023e-01,8.141635505535943e-16,-1.206442353425865e-15,3.930189507173094e-15,5.029123239954453e-26,-8.320017359752859e-30,-2.366582715663035e-30,6.372258701561409e-31,3.181504441577562e-16,-9.531881467312979e-17,-6.197511587983399e-18,1.802342772763031e-12
2.610000000000000e+02,8.660254037844426e-01,2.886751345948046e-01,2.886751345948202e-01,2.886751345948023e-01,8.141635506790674e-16,-1.206442353425894e-15,3.930189507173094e-15,4.276284312115678e-26,-6.594384129581896e-30,-2.366582715663035e-30,6.372258701750446e-31,3.181504441732325e-16,-9.531881465765754e-17,-6.197511595723653e-18,1.802342772763031e-12
2.615000000000000e+02,8.660254037844426e-01,2.886751345948046e-01,2.886751345948202e-01,2.886751345948023e-01,8.141635507857575e-16,-1.206442353425913e-15,3.930189507173094e-15,3.636144025349039e-26,-5.411092771750378e-30,-2.366582715663035e-30,6.372258701911178e-31,3.181504441863919e-16,-9.531881464450100e-17,-6.197511602304762e-18,1.802342772763031e-12
2.620000000000000e+02,8.660254037844426e-01,2.886751345948046e-01,2.886751345948202e-01,2.886751345948023e-01,8.141635508764759e-16,-1.206442353425933e-15,3.930189507173094e-15,3.091833698532034e-26,-4.227801413918860e-30,-2.366582715663035e-30,6.372258702047853e-31,3.181504441975815e-16,-9.531881463331431e-17,-6.197511607900978e-18,1.802342772763031e-12
2.625000000000000e+02,8.660254037844426e-01,2.886751345948046e-01,2.886751345948202e-01,2.886751345948023e-01,8.141635509536145e-16,-1.206442353425946e-15,3.930189507173094e-15,2.629002226165463e-26,-3.451266460341927e-30,-2.366582715663035e-30,6.372258702164061e-31,3.181504442070958e-16,-9.531881462380178e-17,-6.197511612659091e-18,1.802342772763031e-12
2.630000000000000e+02,8.660254037844426e-01,2.886751345948046e-01,2.886751345948202e-01,2.886751345948023e-01,8.141635510192057e-16,-1.206442353425956e-15,3.930189507173094e-15,2.235454927990255e-26,-2.859620781426168e-30,-2.366582715663035e-30,6.372258702262871e-31,3.181504442151859e-16,-9.531881461571315e-17,-6.197511616704814e-18,1.802342772763031e-12
2.635000000000000e+02,8.660254037844426e-01,2.886751345948046e-01,2.886751345948202e-01,2.886751345948023e-01,8.141635510749780e-16,-1.206442353425966e-15,3.930189507173094e-15,1.900820748293084e-26,-2.267975102510409e-30,-2.366582715663035e-30,6.372258702346893e-31,3.181504442220650e-16,-9.531881460883549e-17,-6.197511620145061e-18,1.802342772763031e-12
2.640000000000000e+02,8.660254037844426e-01,2.886751345948046e-01,2.886751345948202e-01,2.886751345948023e-01,8.141635511224015e-16,-1.206442353425975e-15,3.930189507173094e-15,1.616279852375029e-26,-1.676329423594650e-30,-2.366582715663035e-30,6.372258702418340e-31,3.181504442279143e-16,-9.531881460298754e-17,-6.197511623070428e-18,1.802342772763031e-12
2.645000000000000e+02,8.660254037844426e-01,2.886751345948046e-01,2.886751345948202e-01,2.886751345948023e-01,8.141635511627256e-16,-1.206442353425985e-15,3.930189507173094e-15,1.374335596446163e-26,-1.084683744678891e-30,-2.366582715663035e-30,6.372258702479094e-31,3.181504442328881e-16,-9.531881459801520e-17,-6.197511625558052e-18,1.802342772763031e-12
2.650000000000000e+02,8.660254037844426e-01,2.886751345948046e-01,2.886751345948202e-01,2.886751345948023e-01,8.141635511970133e-16,-1.206442353425987e-15,3.930189507173094e-15,1.168608684233092e-26,-1.023053986458500e-30,-2.366582715663035e-30,6.372258702530740e-31,3.181504442371170e-16,-9.531881459378649e-17,-6.197511627672581e-18,1.802342772763031e-12
2.655000000000000e+02,8.660254037844426e-01,2.886751345948046e-01,2.886751345948202e-01,2.886751345948023e-01,8.141635512261683e-16,-1.206442353425987e-15,3.930189507173094e-15,9.936793947979145e-27,-1.023053986458500e-30,-2.366582715663035e-30,6.372258702574653e-31,3.181504442407128e-16,-9.531881459019068e-17,-6.197511629470457e-18,1.802342772763031e-12
2.660000000000000e+02,8.660254037844426e-01,2.886751345948046e-01,2.886751345948202e-01,2.886751345948023e-01,8.141635512509591e-16,-1.206442353425987e-15,3.930189507173094e-15,8.449341244402529e-27,-1.023053986458500e-30,-2.366582715663035e-30,6.372258702611993e-31,3.181504442437703e-16,-9.531881458713318e-17,-6.197511630999244e-18,1.802342772763031e-12
2.665000000000000e+02,8.660254037844426e-01,2.886751345948046e-01,2.886751345948202e-01,2.886751345948023e-01,8.141635512720389e-16,-1.206442353425987e-15,3.930189507173094e-15,7.184556857276187e-27,-1.023053986458500e-30,-2.366582715663035e-30,6.372258702643743e-31,3.181504442463701e-16,-9.531881458453334e-17,-6.197511632299151e-18,1.802342772763031e-12
2.670000000000000e+02,8.660254037844426e-01,2.886751345948046e-01,2.886751345948202e-01,2.886751345948023e-01,8.141635512899631e-16,-1.206442353425987e-15,3.930189507173094e-15,6.109105250378710e-27,-1.023053986458500e-30,-2.366582715663035e-30,6.372258702670740e-31,3.181504442485808e-16,-9.531881458232271e-17,-6.197511633404457e-18,1.802342772763031e-12
2.675000000000000e+02,8.660254037844426e-01,2.886751345948046e-01,2.886751345948202e-01,2.886751345948023e-01,8.141635513052039e-16,-1.206442353425987e-15,3.930189507173094e-15,5.194655223856185e-27,-1.023053986458500e-30,-2.366582715663035e-30,6.372258702693697e-31,3.181504442504605e-16,-9.531881458044298e-17,-6.197511634344335e-18,1.802342772763031e-12
2.680000000000000e+02,8.660254037844426e-01,2.886751345948046e-01,2.886751345948202e-01,2.886751345948023e-01,8.141635513181635e-16,-1.206442353425987e-15,3.930189507173094e-15,4.417078727365327e-27,-1.023053986458500e-30,-2.366582715663035e-30,6.372258702713216e-31,3.181504442520589e-16,-9.531881457884462e-17,-6.197511635143500e-18,1.802342772763031e-12
2.685000000000000e+02,8.660254037844426e-01,2.886751345948046e-01,2.886751345948202e-01,2.886751345948023e-01,8.141635513291830e-16,-1.206442353425987e-15,3.930189507173094e-15,3.755914681176966e-27,-1.023053986458500e-30,-2.366582715663035e-30,6.372258702729814e-31,3.181504442534179e-16,-9.531881457748556e-17,-6.197511635823042e-18,1.802342772763031e-12
2.690000000000000e+02,8.660254037844426e-01,2.886751345948046e-01,2.886751345948202e-01,2.886751345948023e-01,8.141635513385527e-16,-1.206442353425987e-15,3.930189507173094e-15,3.193728026690554e-27,-1.023053986458500e-30,-2.366582715663035e-30,6.372258702743927e-31,3.181504442545736e-16,-9.531881457632995e-17,-6.197511636400821e-18,1.802342772763031e-12
2.695000000000000e+02,8.660254037844426e-01,2.886751345948046e-01,2.886751345948202e-01,2.886751345948023e-01,8.141635513465198e-16,-1.206442353425987e-15,3.930189507173094e-15,2.715696807054087e-27,-1.023053986458500e-30,-2.366582715663035e-30,6.372258702755927e-31,3.181504442555561e-16,-9.531881457534735e-17,-6.197511636892146e-18,1.802342772763031e-12
2.700000000000000e+02,8.660254037844426e-01,2.886751345948046e-01,2.886751345948202e-01,2.886751345948023e-01,8.141635513532943e-16,-1.206442353425987e-15,3.930189507173094e-15,2.309230062663139e-27,-1.023053986458500e-30,-2.366582715663035e-30,6.372258702766130e-31,3.181504442563917e-16,-9.531881457451183e-17,-6.197511637309910e-18,1.802342772763031e-12
2.705000000000000e+02,8.660254037844426e-01,2.886751345948046e-01,2.886751345948202e-01,2.886751345948023e-01,8.141635513590544e-16,-1.206442353425987e-15,3.930189507173094e-15,1.963628867490649e-27,-1.023053986458500e-30,-2.366582715663035e-30,6.372258702774806e-31,3.181504442571021e-16,-9.531881457380143e-17,-6.197511637665094e-18,1.802342772763031e-12
2.710000000000000e+02,8.660254037844426e-01,2.886751345948046e-01,2.886751345948202e-01,2.886751345948023e-01,8.141635513639530e-16,-1.206442353425987e-15,3.930189507173094e-15,1.669710387561780e-27,-1.023053986458500e-30,-2.366582715663035e-30,6.372258702782184e-31,3.181504442577063e-16,-9.531881457319726e-17,-6.197511637967179e-18,1.802342772763031e-12
2.715000000000000e+02,8.660254037844426e-01,2.886751345948046e-01,2.886751345948202e-01,2.886751345948023e-01,8.141635513681180e-16,-1.206442353425987e-15,3.930189507173094e-15,1.419814043929736e-27,-1.023053986458500e-30,-2.366582715663035e-30,6.372258702788458e-31,3.181504442582200e-16,-9.531881457268357e-17,-6.197511638224027e-18,1.802342772763031e-12
2.720000000000000e+02,8.660254037844426e-01,2.886751345948046e-01,2.886751345948202e-01,2.886751345948023e-01,8.141635513716594e-16,-1.206442353425987e-15,3.930189507173094e-15,1.207326963537470e-27,-1.023053986458500e-30,-2.366582715663035e-30,6.372258702793792e-31,3.181504442586567e-16,-9.531881457224681e-17,-6.197511638442418e-18,1.802342772763031e-12
2.725000000000000e+02,8.660254037844426e-01,2.886751345948046e-01,2.886751345948202e-01,2.886751345948023e-01,8.141635513746703e-16,-1.206442353425987e-15,3.930189507173094e-15,1.026671653266037e-27,-1.023053986458500e-30,-2.366582715663035e-30,6.372258702798327e-31,3.181504442590281e-16,-9.531881457187545e-17,-6.197511638628096e-18,1.802342772763031e-12
2.730000000000000e+02,8.660254037844426e-01,2.886751345948046e-01,2.886751345948202e-01,2.886751345948023e-01,8.141635513772310e-16,-1.206442353425987e-15,3.930189507173094e-15,8.730286660226005e-28,-1.023053986458500e-30,-2.366582715663035e-30,6.372258702802184e-31,3.181504442593439e-16,-9.531881457155964e-17,-6.197511638785979e-18,1.802342772763031e-12
2.735000000000000e+02,8.660254037844426e-01,2.886751345948046e-01,2.886751345948202e-01,2.886751345948023e-01,8.141635513794080e-16,-1.206442353425987e-15,3.930189507173094e-15,7.424043934744807e-28,-1.023053986458500e-30,-2.366582715663035e-30,6.372258702805463e-31,3.181504442596124e-16,-9.531881457129113e-17,-6.197511638920258e-18,1.802342772763031e-12
2.740000000000000e+02,8.660254037844426e-01,2.886751345948046e-01,2.886751345948202e-01,2.886751345948023e-01,8.141635513812594e-16,-1.206442353425987e-15,3.930189507173094e-15,6.313229172580469e-28,-1.023053986458500e-30,-2.366582715663035e-30,6.372258702808252e-31,3.181504442598407e-16,-9.531881457106280e-17,-6.197511639034409e-18,1.802342772763031e-12
2.745000000000000e+02,8.660254037844426e-01,2.886751345948046e-01,2.886751345948202e-01,2.886751345948023e-01,8.141635513828330e-16,-1.206442353425987e-15,3.930189507173094e-15,5.369122906402291e-28,-1.023053986458500e-30,-2.366582715663035e-30,6.372258702810622e-31,3.181504442600348e-16,-9.531881457086870e-17,-6.197511639131463e-18,1.802342772763031e-12
2.750000000000000e+02,8.660254037844426e-01,2.886751345948046e-01,2.886751345948202e-01,2.886751345948023e-01,8.141635513841717e-16,-1.206442353425987e-15,3.930189507173094e-15,4.565902267515928e-28,-1.023053986458500e-30,-2.366582715663035e-30,6.372258702812638e-31,3.181504442601999e-16,-9.531881457070363e-17,-6.197511639214010e-18,1.802342772763031e-12
2.755000000000000e+02,8.660254037844426e-01,2.886751345948046e-01,2.886751345948202e-01,2.886751345948023e-01,8.141635513853098e-16,-1.206442353425987e-15,3.930189507173094e-15,3.882982916675769e-28,-1.023053986458500e-30,-2.366582715663035e-30,6.372258702814352e-31,3.181504442603403e-16,-9.531881457056323e-17,-6.197511639284207e-18,1.802342772763031e-12
2.760000000000000e+02,8.660254037844426e-01,2.886751345948046e-01,2.886751345948202e-01,2.886751345948023e-01,8.141635513862777e-16,-1.206442353425987e-15,3.930189507173094e-15,3.302245704965020e-28,-1.023053986458500e-30,-2.366582715663035e-30,6.372258702815810e-31,3.181504442604596e-16,-9.531881457044387e-17,-6.197511639343889e-18,1.802342772763031e-12
2.765000000000000e+02,8.660254037844426e-01,2.886751345948046e-01,2.886751345948202e-01,2.886751345948023e-01,8.141635513871007e-16,-1.206442353425987e-15,3.930189507173094e-15,2.808468082103243e-28,-1.023053986458500e-30,-2.366582715663035e-30,6.372258702817050e-31,3.181504442605612e-16,-9.531881457034235e-17,-6.197511639394623e-18,1.802342772763031e-12
2.770000000000000e+02,8.660254037844426e-01,2.886751345948046e-01,2.886751345948202e-01,2.886751345948023e-01,8.141635513878005e-16,-1.206442353425987e-15,3.930189507173094e-15,2.388584539347715e-28,-1.023053986458500e-30,-2.366582715663035e-30,6.372258702818104e-31,3.181504442606474e-16,-9.531881457025605e-17,-6.197511639437800e-18,1.802342772763031e-12
2.775000000000000e+02,8.660254037844426e-01,2.886751345948046e-01,2.886751345948202e-01,2.886751345948023e-01,8.141635513883956e-16,-1.206442353425987e-15,3.930189507173094e-15,2.031501720218767e-28,-1.023053986458500e-30,-2.366582715663035e-30,6.372258702819000e-31,3.181504442607208e-16,-9.531881457018266e-17,-6.197511639474495e-18,1.802342772763031e-12
2.780000000000000e+02,8.660254037844426e-01,2.886751345948046e-01,2.886751345948202e-01,2.886751345948023e-01,8.141635513889015e-16,-1.206442353425987e-15,3.930189507173094e-15,1.727975160983338e-28,-1.023053986458500e-30,-2.366582715663035e-30,6.372258702819762e-31,3.181504442607832e-16,-9.531881457012026e-17,-6.197511639505692e-18,1.802342772763031e-12
2.785000000000000e+02,8.660254037844426e-01,2.886751345948046e-01,2.886751345948202e-01,2.886751345948023e-01,8.141635513893316e-16,-1.206442353425987e-15,3.930189507173094e-15,1.469931363314559e-28,-1.023053986458500e-30,-2.366582715663035e-30,6.372258702820410e-31,3.181504442608362e-16,-9.531881457006721e-17,-6.197511639532205e-18,1.802342772763031e-12
2.790000000000000e+02,8.660254037844426e-01,2.886751345948046e-01,2.886751345948202e-01,2.886751345948023e-01,8.141635513896973e-16,-1.206442353425987e-15,3.930189507173094e-15,1.250529424049965e-28,-1.023053986458500e-30,-2.366582715663035e-30,6.372258702820960e-31,3.181504442608813e-16,-9.531881457002212e-17,-6.197511639554761e-18,1.802342772763031e-12
2.795000000000000e+02,8.660254037844426e-01,2.886751345948046e-01,2.886751345948202e-01,2.886751345948023e-01,8.141635513900084e-16,-1.206442353425987e-15,3.930189507173094e-15,1.063852886400399e-28,-1.023053986458500e-30,-2.366582715663035e-30,6.372258702821429e-31,3.181504442609197e-16,-9.531881456998377e-17,-6.197511639573940e-18,1.802342772763031e-12
2.800000000000000e+02,8.660254037844426e-01,2.886751345948046e-01,2.886751345948202e-01,2.886751345948023e-01,8.141635513902727e-16,-1.206442353425987e-15,3.930189507173094e-15,9.052795184993314e-29,-1.023053986458500e-30,-2.366582715663035e-30,6.372258702821828e-31,3.181504442609523e-16,-9.531881456995115e-17,-6.197511639590248e-18,1.802342772763031e-12
2.805000000000000e+02,8.660254037844426e-01,2.886751345948046e-01,2.886751345948202e-01,2.886751345948023e-01,8.141635513904975e-16,-1.206442353425987e-15,3.930189507173094e-15,7.704336075131147e-29,-1.023053986458500e-30,-2.366582715663035e-30,6.372258702822166e-31,3.181504442609800e-16,-9.531881456992344e-17,-6.197511639604102e-18,1.802342772763031e-12
2.810000000000000e+02,8.660254037844426e-01,2.886751345948046e-01,2.886751345948202e-01,2.886751345948023e-01,8.141635513906887e-16,-1.206442353425987e-15,3.930189507173094e-15,6.556789977067457e-29,-1.023053986458500e-30,-2.366582715663035e-30,6.372258702822454e-31,3.181504442610036e-16,-9.531881456989985e-17,-6.197511639615873e-18,1.802342772763031e-12
2.815000000000000e+02,8.660254037844426e-01,2.886751345948046e-01,2.886751345948202e-01,2.886751345948023e-01,8.141635513908514e-16,-1.206442353425987e-15,3.930189507173094e-15,5.580574606856455e-29,-1.023053986458500e-30,-2.366582715663035e-30,6.372258702822699e-31,3.181504442610237e-16,-9.531881456987978e-17,-6.197511639625931e-18,1.802342772763031e-12
2.820000000000000e+02,8.660254037844426e-01,2.886751345948046e-01,2.886751345948202e-01,2.886751345948023e-01,8.141635513909896e-16,-1.206442353425987e-15,3.930189507173094e-15,4.751038061209984e-29,-1.023053986458500e-30,-2.366582715663035e-30,6.372258702822907e-31,3.181504442610408e-16,-9.531881456986275e-17,-6.197511639634436e-18,1.802342772763031e-12
2.825000000000000e+02,8.660254037844426e-01,2.886751345948046e-01,2.886751345948202e-01,2.886751345948023e-01,8.141635513911072e-16,-1.206442353425987e-15,3.930189507173094e-15,4.045993627168705e-29,-1.023053986458500e-30,-2.366582715663035e-30,6.372258702823084e-31,3.181504442610552e-16,-9.531881456984825e-17,-6.197511639641709e-18,1.802342772763031e-12
2.830000000000000e+02,8.660254037844426e-01,2.886751345948046e-01,2.886751345948202e-01,2.886751345948023e-01,8.141635513912071e-16,-1.206442353425987e-15,3.930189507173094e-15,3.446336079684295e-29,-1.023053986458500e-30,-2.366582715663035e-30,6.372258702823235e-31,3.181504442610676e-16,-9.531881456983588e-17,-6.197511639647872e-18,1.802342772763031e-12
2.835000000000000e+02,8.660254037844426e-01,2.886751345948046e-01,2.886751345948202e-01,2.886751345948023e-01,8.141635513912920e-16,-1.206442353425987e-15,3.930189507173094e-15,2.936657979201657e-29,-1.023053986458500e-30,-2.366582715663035e-30,6.372258702823363e-31,3.181504442610780e-16,-9.531881456982543e-17,-6.197511639653085e-18,1.802342772763031e-12
2.840000000000000e+02,8.660254037844426e-01,2.886751345948046e-01,2.886751345948202e-01,2.886751345948023e-01,8.141635513913645e-16,-1.206442353425987e-15,3.930189507173094e-15,2.502168183747897e-29,-1.023053986458500e-30,-2.366582715663035e-30,6.372258702823471e-31,3.181504442610870e-16,-9.531881456981650e-17,-6.197511639657560e-18,1.802342772763031e-12
2.845000000000000e+02,8.660254037844426e-01,2.886751345948046e-01,2.886751345948202e-01,2.886751345948023e-01,8.141635513914259e-16,-1.206442353425987e-15,3.930189507173094e-15,2.133005932007751e-29,-1.023053986458500e-30,-2.366582715663035e-30,6.372258702823564e-31,3.181504442610946e-16,-9.531881456980891e-17,-6.197511639661356e-18,1.802342772763031e-12
2.850000000000000e+02,8.660254037844426e-01,2.886751345948046e-01,2.886751345948202e-01,2.886751345948023e-01,8.141635513914779e-16,-1.206442353425987e-15,3.930189507173094e-15,1.821775652994774e-29,-1.023053986458500e-30,-2.366582715663035e-30,6.372258702823643e-31,3.181504442611010e-16,-9.531881456980253e-17,-6.197511639664536e-18,1.802342772763031e-12
2.855000000000000e+02,8.660254037844426e-01,2.886751345948046e-01,2.886751345948202e-01,2.886751345948023e-01,8.141635513915224e-16,-1.206442353425987e-15,3.930189507173094e-15,1.554918799900479e-29,-1.023053986458500e-30,-2.366582715663035e-30,6.372258702823710e-31,3.181504442611065e-16,-9.531881456979703e-17,-6.197511639667310e-18,1.802342772763031e-12
2.860000000000000e+02,8.660254037844426e-01,2.886751345948046e-01,2.886751345948202e-01,2.886751345948023e-01,8.141635513915600e-16,-1.206442353425987e-15,3.930189507173094e-15,1.329353884813846e-29,-1.023053986458500e-30,-2.366582715663035e-30,6.372258702823766e-31,3.181504442611111e-16,-9.531881456979239e-17,-6.197511639669627e-18,1.802342772763031e-12
2.865000000000000e+02,8.660254037844426e-01,2.886751345948046e-01,2.886751345948202e-01,2.886751345948023e-01,8.141635513915920e-16,-1.206442353425987e-15,3.930189507173094e-15,1.137069039166224e-29,-1.023053986458500e-30,-2.366582715663035e-30,6.372258702823815e-31,3.181504442611150e-16,-9.531881456978842e-17,-6.197511639671574e-18,1.802342772763031e-12
2.870000000000000e+02,8.660254037844426e-01,2.886751345948046e-01,2.886751345948202e-01,2.886751345948023e-01,8.141635513916193e-16,-1.206442353425987e-15,3.930189507173094e-15,9.731338822999825e-30,-1.023053986458500e-30,-2.366582715663035e-30,6.372258702823856e-31,3.181504442611184e-16,-9.531881456978507e-17,-6.197511639673275e-18,1.802342772763031e-12
2.875000000000000e+02,8.660254037844426e-01,2.886751345948046e-01,2.886751345948202e-01,2.886751345948023e-01,8.141635513916428e-16,-1.206442353425987e-15,3.930189507173094e-15,8.320017359752859e-30,-1.023053986458500e-30,-2.366582715663035e-30,6.372258702823891e-31,3.181504442611213e-16,-9.531881456978219e-17,-6.197511639674717e-18,1.802342772763031e-12
2.880000000000000e+02,8.660254037844426e-01,2.886751345948046e-01,2.886751345948202e-01,2.886751345948023e-01,8.141635513916625e-16,-1.206442353425987e-15,3.930189507173094e-15,7.136726001921341e-30,-1.023053986458500e-30,-2.366582715663035e-30,6.372258702823921e-31,3.181504442611237e-16,-9.531881456977975e-17,-6.197511639675938e-18,1.802342772763031e-12
2.885000000000000e+02,8.660254037844426e-01,2.886751345948046e-01,2.886751345948202e-01,2.886751345948023e-01,8.141635513916788e-16,-1.206442353425987e-15,3.930189507173094e-15,6.162975822039155e-30,-1.023053986458500e-30,-2.366582715663035e-30,6.372258702823945e-31,3.181504442611258e-16,-9.531881456977775e-17,-6.197511639676936e-18,1.802342772763031e-12
2.890000000000000e+02,8.660254037844426e-01,2.886751345948046e-01,2.886751345948202e-01,2.886751345948023e-01,8.141635513916936e-16,-1.206442353425987e-15,3.930189507173094e-15,5.275507303665516e-30,-1.023053986458500e-30,-2.366582715663035e-30,6.372258702823967e-31,3.181504442611276e-16,-9.531881456977593e-17,-6.197511639677836e-18,1.802342772763031e-12
2.895000000000000e+02,8.660254037844426e-01,2.886751345948046e-01,2.886751345948202e-01,2.886751345948023e-01,8.141635513917052e-16,-1.206442353425987e-15,3.930189507173094e-15,4.579091035775092e-30,-1.023053986458500e-30,-2.366582715663035e-30,6.372258702823985e-31,3.181504442611290e-16,-9.531881456977447e-17,-6.197511639678588e-18,1.802342772763031e-12
2.900000000000000e+02,8.660254037844426e-01,2.886751345948046e-01,2.886751345948202e-01,2.886751345948023e-01,8.141635513917151e-16,-1.206442353425987e-15,3.930189507173094e-15,3.987445356859333e-30,-1.023053986458500e-30,-2.366582715663035e-30,6.372258702824000e-31,3.181504442611302e-16,-9.531881456977326e-17,-6.197511639679192e-18,1.802342772763031e-12
2.905000000000000e+02,8.660254037844426e-01,2.886751345948046e-01,2.886751345948202e-01,2.886751345948023e-01,8.141635513917249e-16,-1.206442353425987e-15,3.930189507173094e-15,3.395799677943574e-30,-1.023053986458500e-30,-2.366582715663035e-30,6.372258702824014e-31,3.181504442611315e-16,-9.531881456977206e-17,-6.197511639679796e-18,1.802342772763031e-12
2.910000000000000e+02,8.660254037844426e-01,2.886751345948046e-01,2.886751345948202e-01,2.886751345948023e-01,8.141635513917320e-16,-1.206442353425987e-15,3.930189507173094e-15,2.970554346222873e-30,-1.023053986458500e-30,-2.366582715663035e-30,6.372258702824025e-31,3.181504442611323e-16,-9.531881456977117e-17,-6.197511639680252e-18,1.802342772763031e-12
2.915000000000000e+02,8.660254037844426e-01,2.886751345948046e-01,2.886751345948202e-01,2.886751345948023e-01,8.141635513917370e-16,-1.206442353425987e-15,3.930189507173094e-15,2.674731506764993e-30,-1.023053986458500e-30,-2.366582715663035e-30,6.372258702824033e-31,3.181504442611329e-16,-9.531881456977058e-17,-6.197511639680535e-18,1.802342772763031e-12
2.920000000000000e+02,8.660254037844426e-01,2.886751345948046e-01,2.886751345948202e-01,2.886751345948023e-01,8.141635513917419e-16,-1.206442353425987e-15,3.930189507173094e-15,2.378908667307114e-30,-1.023053986458500e-30,-2.366582715663035e-30,6.372258702824041e-31,3.181504442611335e-16,-9.531881456976996e-17,-6.197511639680831e-18,1.802342772763031e-12
2.925000000000000e+02,8.660254037844426e-01,2.886751345948046e-01,2.886751345948202e-01,2.886751345948023e-01,8.141635513917468e-16,-1.206442353425987e-15,3.930189507173094e-15,2.083085827849234e-30,-1.023053986458500e-30,-2.366582715663035e-30,6.372258702824048e-31,3.181504442611342e-16,-9.531881456976934e-17,-6.197511639681152e-18,1.802342772763031e-12
2.930000000000000e+02,8.660254037844426e-01,2.886751345948046e-01,2.886751345948202e-01,2.886751345948023e-01,8.141635513917517e-16,-1.206442353425987e-15,3.930189507173094e-15,1.787262988391355e-30,-1.023053986458500e-30,-2.366582715663035e-30,6.372258702824055e-31,3.181504442611348e-16,-9.531881456976873e-17,-6.197511639681435e-18,1.802342772763031e-12
2.935000000000000e+02,8.660254037844426e-01,2.886751345948046e-01,2.886751345948202e-01,2.886751345948023e-01,8.141635513917567e-16,-1.206442353425987e-15,3.930189507173094e-15,1.491440148933475e-30,-1.023053986458500e-30,-2.366582715663035e-30,6.372258702824063e-31,3.181504442611353e-16,-9.531881456976811e-17,-6.197511639681756e-18,1.802342772763031e-12
2.940000000000000e+02,8.660254037844426e-01,2.886751345948046e-01,2.886751345948202e-01,2.886751345948023e-01,8.141635513917597e-16,-1.206442353425987e-15,3.930189507173094e-15,1.306550874272301e-30,-1.023053986458500e-30,-2.366582715663035e-30,6.372258702824067e-31,3.181504442611358e-16,-9.531881456976774e-17,-6.197511639681953e-18,1.802342772763031e-12
2.945000000000000e+02,8.660254037844426e-01,2.886751345948046e-01,2.886751345948202e-01,2.886751345948023e-01,8.141635513917597e-16,-1.206442353425987e-15,3.930189507173094e-15,1.306550874272301e-30,-1.023053986458500e-30,-2.366582715663035e-30,6.372258702824067e-31,3.181504442611358e-16,-9.531881456976774e-17,-6.197511639681953e-18,1.802342772763031e-12
2.950000000000000e+02,8.660254037844426e-01,2.886751345948046e-01,2.886751345948202e-01,2.886751345948023e-01,8.141635513917597e-16,-1.206442353425987e-15,3.930189507173094e-15,1.306550874272301e-30,-1.023053986458500e-30,-2.366582715663035e-30,6.372258702824067e-31,3.181504442611358e-16,-9.531881456976774e-17,-6.197511639681953e-18,1.802342772763031e-12
2.955000000000000e+02,8.660254037844426e-01,2.886751345948046e-01,2.886751345948202e-01,2.886751345948023e-01,8.141635513917597e-16,-1.206442353425987e-15,3.930189507173094e-15,1.306550874272301e-30,-1.023053986458500e-30,-2.366582715663035e-30,6.372258702824067e-31,3.181504442611358e-16,-9.531881456976774e-17,-6.197511639681953e-18,1.802342772763031e-12
2.960000000000000e+02,8.660254037844426e-01,2.886751345948046e-01,2.886751345948202e-01,2.886751345948023e-01,8.141635513917597e-16,-1.206442353425987e-15,3.930189507173094e-15,1.306550874272301e-30,-1.023053986458500e-30,-2.366582715663035e-30,6.372258702824067e-31,3.181504442611358e-16,-9.531881456976774e-17,-6.197511639681953e-18,1.802342772763031e-12
2.965000000000000e+02,8.660254037844426e-01,2.886751345948046e-01,2.886751345948202e-01,2.886751345948023e-01,8.141635513917597e-16,-1.206442353425987e-15,3.930189507173094e-15,1.306550874272301e-30,-1.023053986458500e-30,-2.366582715663035e-30,6.372258702824067e-31,3.181504442611358e-16,-9.531881456976774e-17,-6.197511639681953e-18,1.802342772763031e-12
2.970000000000000e+02,8.660254037844426e-01,2.886751345948046e-01,2.886751345948202e-01,2.886751345948023e-01,8.141635513917597e-16,-1.206442353425987e-15,3.930189507173094e-15,1.306550874272301e-30,-1.023053986458500e-30,-2.366582715663035e-30,6.372258702824067e-31,3.181504442611358e-16,-9.531881456976774e-17,-6.197511639681953e-18,1.802342772763031e-12
2.975000000000000e+02,8.660254037844426e-01,2.886751345948046e-01,2.886751345948202e-01,2.886751345948023e-01,8.141635513917597e-16,-1.206442353425987e-15,3.930189507173094e-15,1.306550874272301e-30,-1.023053986458500e-30,-2.366582715663035e-30,6.372258702824067e-31,3.181504442611358e-16,-9.531881456976774e-17,-6.197511639681953e-18,1.802342772763031e-12
2.980000000000000e+02,8.660254037844426e-01,2.886751345948046e-01,2.886751345948202e-01,2.886751345948023e-01,8.141635513917597e-16,-1.206442353425987e-15,3.930189507173094e-15,1.306550874272301e-30,-1.023053986458500e-30,-2.366582715663035e-30,6.372258702824067e-31,3.181504442611358e-16,-9.531881456976774e-17,-6.197511639681953e-18,1.802342772763031e-12
2.985000000000000e+02,8.660254037844426e-01,2.886751345948046e-01,2.886751345948202e-01,2.886751345948023e-01,8.141635513917597e-16,-1.206442353425987e-15,3.930189507173094e-15,1.306550874272301e-30,-1.023053986458500e-30,-2.366582715663035e-30,6.372258702824067e-31,3.181504442611358e-16,-9.531881456976774e-17,-6.197511639681953e-18,1.802342772763031e-12
2.990000000000000e+02,8.660254037844426e-01,2.886751345948046e-01,2.886751345948202e-01,2.886751345948023e-01,8.141635513917597e-16,-1.206442353425987e-15,3.930189507173094e-15,1.306550874272301e-30,-1.023053986458500e-30,-2.366582715663035e-30,6.372258702824067e-31,3.181504442611358e-16,-9.531881456976774e-17,-6.197511639681953e-18,1.802342772763031e-12
2.995000000000000e+02,8.660254037844426e-01,2.886751345948046e-01,2.886751345948202e-01,2.886751345948023e-01,8.141635513917597e-16,-1.206442353425987e-15,3.930189507173094e-15,1.306550874272301e-30,-1.023053986458500e-30,-2.366582715663035e-30,6.372258702824067e-31,3.181504442611358e-16,-9.531881456976774e-17,-6.197511639681953e-18,1.802342772763031e-12
3.000000000000000e+02,8.660254037844426e-01,2.886751345948046e-01,2.886751345948202e-01,2.886751345948023e-01,8.141635513917597e-16,-1.206442353425987e-15,3.930189507173094e-15,1.306550874272301e-30,-1.023053986458500e-30,-2.366582715663035e-30,6.372258702824067e-31,3.181504442611358e-16,-9.531881456976774e-17,-6.197511639681953e-18,1.802342772763031e-12
