t,qw,qx,qy,qz,wx,wy,wz,tau_x,tau_y,tau_z,energy,hx,hy,hz,pointing_error_deg
0.000000000000000e+00,1.000000000000000e+00,0.000000000000000e+00,0.000000000000000e+00,0.000000000000000e+00,5.000000000000000e-03,3.000000000000000e-01,5.000000000000000e-03,0.000000000000000e+00,0.000000000000000e+00,0.000000000000000e+00,6.483074999999999e-03,9.250000000000000e-04,4.320000000000000e-02,3.050000000000000e-04,nan
2.500000000000000e-01,9.992965630107806e-01,6.357445750394286e-04,3.749085962467458e-02,6.406467665159066e-04,5.172530335015997e-03,2.999943856420029e-01,5.256359192485134e-03,0.000000000000000e+00,0.000000000000000e+00,0.000000000000000e+00,6.483074999999997e-03,9.250000000000041e-04,4.319999999999999e-02,3.049999999999915e-04,nan
5.000000000000000e-01,9.971872259354922e-01,1.293914359318978e-03,7.492823600655257e-02,1.312122576112663e-03,5.353831885562203e-03,2.999882805255238e-01,5.521630168836446e-03,0.000000000000000e+00,0.000000000000000e+00,0.000000000000000e+00,6.483074999999995e-03,9.250000000000072e-04,4.319999999999998e-02,3.049999999999825e-04,nan
7.500000000000000e-01,9.936749319649772e-01,1.975954994995260e-03,1.122593890934704e-01,2.013640140801237e-03,5.544211349885645e-03,2.999816432174484e-01,5.796261913707631e-03,0.000000000000000e+00,0.000000000000000e+00,0.000000000000000e+00,6.483075000000000e-03,9.250000000000110e-04,4.320000000000000e-02,3.049999999999727e-04,nan
1.000000000000000e+00,9.887645971881551e-01,2.683366981045749e-03,1.494317227889165e-01,2.744287398746409e-03,5.743990700473264e-03,2.999744286757561e-01,6.080719136483321e-03,0.000000000000000e+00,0.000000000000000e+00,0.000000000000000e+00,6.483075000000002e-03,9.250000000000133e-04,4.320000000000001e-02,3.049999999999625e-04,nan
1.250000000000000e+00,9.824631038406667e-01,3.417704754968616e-03,1.863928585558103e-01,3.503022318642103e-03,5.953507713055053e-03,2.999665879446103e-01,6.375483038604774e-03,0.000000000000000e+00,0.000000000000000e+00,0.000000000000000e+00,6.483075000000001e-03,9.250000000000150e-04,4.320000000000001e-02,3.049999999999517e-04,nan
1.500000000000000e+00,9.747792908211340e-01,4.180575475017434e-03,2.230907086944494e-01,4.288667526540033e-03,6.173116520133538e-03,2.999580678230461e-01,6.681052106079671e-03,0.000000000000000e+00,0.000000000000000e+00,0.000000000000000e+00,6.483075000000006e-03,9.250000000000162e-04,4.320000000000001e-02,3.049999999999406e-04,nan
1.750000000000000e+00,9.657239414924638e-01,4.973637480131156e-03,2.594735491912931e-01,5.099904758932666e-03,6.403188189678197e-03,2.999488105050366e-01,6.997942928152484e-03,0.000000000000000e+00,0.000000000000000e+00,0.000000000000000e+00,6.483075000000002e-03,9.250000000000167e-04,4.320000000000001e-02,3.049999999999288e-04,nan
2.000000000000000e+00,9.553097687898228e-01,5.798598404091272e-03,2.954900920359894e-01,5.935269146882346e-03,6.644111329626634e-03,2.999387531885353e-01,7.326691043107998e-03,0.000000000000000e+00,0.000000000000000e+00,0.000000000000000e+00,6.483075000000001e-03,9.250000000000163e-04,4.320000000000000e-02,3.049999999999165e-04,nan
2.250000000000000e+00,9.435513976611021e-01,6.657212919813859e-03,3.310895569049611e-01,6.793143337047675e-03,6.896292718833533e-03,2.999278276508781e-01,7.667851812172079e-03,0.000000000000000e+00,0.000000000000000e+00,0.000000000000000e+00,6.483075000000000e-03,9.250000000000145e-04,4.320000000000000e-02,3.049999999999038e-04,nan
2.500000000000000e+00,9.304653448698829e-01,7.551280089066681e-03,3.662217421109440e-01,7.671751456589931e-03,7.160157965102884e-03,2.999159597877189e-01,8.022001322459825e-03,0.000000000000000e+00,0.000000000000000e+00,0.000000000000000e+00,6.483074999999998e-03,9.250000000000121e-04,4.319999999999999e-02,3.049999999998901e-04,nan
2.750000000000000e+00,9.160699961950830e-01,8.482640292293155e-03,4.008370947191292e-01,8.569152930150153e-03,7.436152190927963e-03,2.999030691124270e-01,8.389737319900767e-03,0.000000000000000e+00,0.000000000000000e+00,0.000000000000000e+00,6.483074999999998e-03,9.250000000000076e-04,4.319999999999999e-02,3.049999999998771e-04,nan
3.000000000000000e+00,9.003855810656213e-01,9.453171712628463e-03,4.348867797319888e-01,9.483236158375995e-03,7.724740747546212e-03,2.998890682126192e-01,8.771680173042916e-03,0.000000000000000e+00,0.000000000000000e+00,0.000000000000000e+00,6.483075000000000e-03,9.250000000000028e-04,4.320000000000000e-02,3.049999999998646e-04,nan
3.250000000000000e+00,8.834341446725701e-01,1.046478634761164e-02,4.683227482464831e-01,1.041171206885086e-02,8.026409957891353e-03,2.998738621602229e-01,9.168473868600736e-03,0.000000000000000e+00,0.000000000000000e+00,0.000000000000000e+00,6.483075000000000e-03,9.249999999999957e-04,4.320000000000000e-02,3.049999999998506e-04,nan
3.500000000000000e+00,8.652395176053654e-01,1.151942552153391e-02,5.010978044891258e-01,1.135210755174047e-02,8.341667888991950e-03,2.998573478711650e-01,9.580787039565428e-03,0.000000000000000e+00,0.000000000000000e+00,0.000000000000000e+00,6.483075000000000e-03,9.249999999999890e-04,4.320000000000000e-02,3.049999999998377e-04,nan
3.750000000000000e+00,8.458272830627208e-01,1.261905487082195e-02,5.331656716363843e-01,1.230175879402958e-02,8.671045154322625e-03,2.998394134104566e-01,1.000931402663728e-02,0.000000000000000e+00,0.000000000000000e+00,0.000000000000000e+00,6.483074999999997e-03,9.249999999999806e-04,4.319999999999999e-02,3.049999999998222e-04,nan
4.000000000000000e+00,8.252247416929178e-01,1.376565877433873e-02,5.644810563300298e-01,1.325780452787778e-02,9.015095746559950e-03,2.998199372380959e-01,1.045477597366812e-02,0.000000000000000e+00,0.000000000000000e+00,0.000000000000000e+00,6.483074999999997e-03,9.249999999999707e-04,4.319999999999999e-02,3.049999999998085e-04,nan
4.250000000000000e+00,8.034608741221327e-01,1.496123419999797e-02,5.949997117994354e-01,1.421717921038542e-02,9.374397901128120e-03,2.997987873908333e-01,1.091792195771424e-02,0.000000000000000e+00,0.000000000000000e+00,0.000000000000000e+00,6.483074999999995e-03,9.249999999999591e-04,4.319999999999998e-02,3.049999999997933e-04,nan
4.500000000000000e+00,7.805663012334020e-01,1.620778393863670e-02,6.246784995053479e-01,1.517660615393266e-02,9.749554990837669e-03,2.997758205944391e-01,1.139953015419505e-02,0.000000000000000e+00,0.000000000000000e+00,0.000000000000000e+00,6.483074999999993e-03,9.249999999999462e-04,4.319999999999997e-02,3.049999999997790e-04,nan
4.750000000000000e+00,7.565732422627018e-01,1.750730919567740e-02,6.534754492224261e-01,1.613259062824386e-02,1.014119645182206e-02,2.997508813006728e-01,1.190040903752709e-02,0.000000000000000e+00,0.000000000000000e+00,0.000000000000000e+00,6.483074999999993e-03,9.249999999999318e-04,4.319999999999997e-02,3.049999999997666e-04,nan
5.000000000000000e+00,7.315154707824428e-01,1.886180151074382e-02,6.813498174807767e-01,1.708141295744200e-02,1.054997874085924e-02,2.997238006426884e-01,1.242139861745425e-02,0.000000000000000e+00,0.000000000000000e+00,0.000000000000000e+00,6.483074999999991e-03,9.249999999999171e-04,4.319999999999997e-02,3.049999999997549e-04,nan
5.250000000000000e+00,7.054282686464214e-01,2.027323397507749e-02,7.082621442898904e-01,1.801912163760057e-02,1.097658632402563e-02,2.996943953021005e-01,1.296337171111934e-02,0.000000000000000e+00,0.000000000000000e+00,0.000000000000000e+00,6.483074999999994e-03,9.249999999999005e-04,4.319999999999998e-02,3.049999999997452e-04,nan
5.500000000000000e+00,6.783483779739531e-01,2.174355171634246e-02,7.341743080717371e-01,1.894152650268113e-02,1.142173269646560e-02,2.996624662803935e-01,1.352723525071673e-02,0.000000000000000e+00,0.000000000000000e+00,0.000000000000000e+00,6.483074999999994e-03,9.249999999998808e-04,4.319999999999998e-02,3.049999999997341e-04,nan
5.750000000000000e+00,6.503139512544868e-01,2.327466162021118e-02,7.590495787333846e-01,1.984419196927145e-02,1.188616143286659e-02,2.996277975667778e-01,1.411393162632525e-02,0.000000000000000e+00,0.000000000000000e+00,0.000000000000000e+00,6.483075000000001e-03,9.249999999998600e-04,4.320000000000001e-02,3.049999999997263e-04,nan
6.000000000000000e+00,6.213644996574991e-01,2.486842125800177e-02,7.828526688133078e-01,2.072243039322037e-02,1.237064726800500e-02,2.995901546939659e-01,1.472444006324118e-02,0.000000000000000e+00,0.000000000000000e+00,0.000000000000000e+00,6.483075000000007e-03,9.249999999998387e-04,4.320000000000002e-02,3.049999999997187e-04,nan
6.250000000000000e+00,5.915408396358610e-01,2.652662698959697e-02,8.055497826396019e-01,2.157129557411103e-02,1.287599720646672e-02,2.995492831726815e-01,1.535977803280727e-02,0.000000000000000e+00,0.000000000000000e+00,0.000000000000000e+00,6.483075000000006e-03,9.249999999998159e-04,4.320000000000002e-02,3.049999999997127e-04,nan
6.500000000000000e+00,5.608850379141400e-01,2.825100121092490e-02,8.271086634425917e-01,2.238557644653390e-02,1.340305166034285e-02,2.995049067949930e-01,1.602100269535902e-02,0.000000000000000e+00,0.000000000000000e+00,0.000000000000000e+00,6.483075000000006e-03,9.249999999997919e-04,4.320000000000002e-02,3.049999999997084e-04,nan
6.750000000000000e+00,5.294403549564541e-01,3.004317871543501e-02,8.474986383688634e-01,2.315979100032582e-02,1.395268561335186e-02,2.994567257958072e-01,1.670921237347802e-02,0.000000000000000e+00,0.000000000000000e+00,0.000000000000000e+00,6.483075000000007e-03,9.249999999997667e-04,4.320000000000003e-02,3.049999999997063e-04,nan
7.000000000000000e+00,4.972511870115122e-01,3.190469213926933e-02,8.666906613485104e-01,2.388818047534360e-02,1.452580980943627e-02,2.994044148610451e-01,1.742554805324544e-02,0.000000000000000e+00,0.000000000000000e+00,0.000000000000000e+00,6.483075000000003e-03,9.249999999997381e-04,4.320000000000002e-02,3.049999999997042e-04,nan
7.250000000000000e+00,4.643630068353282e-01,3.383695646022462e-02,8.846573537724378e-01,2.456470387995281e-02,1.512337196341968e-02,2.993476209701589e-01,1.817119491061954e-02,0.000000000000000e+00,0.000000000000000e+00,0.000000000000000e+00,6.483075000000007e-03,9.249999999997099e-04,4.320000000000002e-02,3.049999999997052e-04,nan
7.500000000000000e+00,4.308223031948031e-01,3.584125252113859e-02,9.013730429418729e-01,2.518303288624896e-02,1.574635799077943e-02,2.992859610597363e-01,1.894738385940841e-02,0.000000000000000e+00,0.000000000000000e+00,0.000000000000000e+00,6.483075000000006e-03,9.249999999996780e-04,4.320000000000003e-02,3.049999999997067e-04,nan
7.750000000000000e+00,3.966765192578572e-01,3.791870954903272e-02,9.168137982578221e-01,2.573654715910360e-02,1.639579325298379e-02,2.992190194939712e-01,1.975539311656433e-02,0.000000000000000e+00,0.000000000000000e+00,0.000000000000000e+00,6.483075000000005e-03,9.249999999996501e-04,4.320000000000002e-02,3.049999999997129e-04,nan
8.000000000000000e+00,3.619739899781155e-01,4.007028664222183e-02,9.309574651240957e-01,2.621833018045933e-02,1.707274381415046e-02,2.991463453267552e-01,2.059654977967537e-02,0.000000000000000e+00,0.000000000000000e+00,0.000000000000000e+00,6.483075000000005e-03,9.249999999996201e-04,4.320000000000002e-02,3.049999999997221e-04,nan
8.250000000000000e+00,3.267638785842063e-01,4.229675319868122e-02,9.437836965437023e-01,2.662116563490260e-02,1.777831770399416e-02,2.990674493390785e-01,2.147223141056201e-02,0.000000000000000e+00,0.000000000000000e+00,0.000000000000000e+00,6.483074999999996e-03,9.249999999995889e-04,4.320000000000000e-02,3.049999999997314e-04,nan
8.500000000000000e+00,2.910961122855541e-01,4.459866826026748e-02,9.552739823949029e-01,2.693753442743961e-02,1.851366618113374e-02,2.989818008342990e-01,2.238386761778511e-02,0.000000000000000e+00,0.000000000000000e+00,0.000000000000000e+00,6.483075000000000e-03,9.249999999995594e-04,4.320000000000001e-02,3.049999999997443e-04,nan
8.750000000000000e+00,2.550213173080832e-01,4.697635874895066e-02,9.654116763800299e-01,2.715961240961177e-02,1.927998498981061e-02,2.988888241726677e-01,2.333294162962222e-02,0.000000000000000e+00,0.000000000000000e+00,0.000000000000000e+00,6.483074999999991e-03,9.249999999995265e-04,4.319999999999998e-02,3.049999999997593e-04,nan
9.000000000000000e+00,2.185907533744599e-01,4.942989657306095e-02,9.741820206473134e-01,2.727926889563113e-02,2.007851560191438e-02,2.987878950252901e-01,2.432099184765213e-02,0.000000000000000e+00,0.000000000000000e+00,0.000000000000000e+00,6.483074999999994e-03,9.249999999994948e-04,4.319999999999999e-02,3.049999999997797e-04,nan
9.250000000000000e+00,1.818562477443697e-01,5.195907458372348e-02,9.815721680934409e-01,2.728806605612094e-02,2.091054643490428e-02,2.986783363264374e-01,2.534961336948479e-02,0.000000000000000e+00,0.000000000000000e+00,0.000000000000000e+00,6.483074999999991e-03,9.249999999994618e-04,4.319999999999997e-02,3.049999999998021e-04,nan
9.500000000000000e+00,1.448701289307904e-01,5.456338136418593e-02,9.875712023624065e-01,2.717725928333244e-02,2.177741403473595e-02,2.985594139018516e-01,2.642045946736127e-02,0.000000000000000e+00,0.000000000000000e+00,0.000000000000000e+00,6.483074999999990e-03,9.249999999994328e-04,4.319999999999997e-02,3.049999999998295e-04,nan
9.750000000000000e+00,1.076851602082534e-01,5.724197483768711e-02,9.921701555643870e-01,2.693779862840575e-02,2.268050421123514e-02,2.984303317493767e-01,2.753524300730490e-02,0.000000000000000e+00,0.000000000000000e+00,0.000000000000000e+00,6.483074999999991e-03,9.249999999994016e-04,4.319999999999999e-02,3.049999999998588e-04,nan
1.000000000000000e+01,7.035447302861725e-02,5.999365468292077e-02,9.953620237469372e-01,2.656033141837605e-02,2.362125311147956e-02,2.982902269469464e-01,2.869573779120047e-02,0.000000000000000e+00,0.000000000000000e+00,0.000000000000000e+00,6.483074999999991e-03,9.249999999993729e-04,4.319999999999999e-02,3.049999999998919e-04,nan
1.025000000000000e+01,3.293150045885968e-02,6.281683355007874e-02,9.971417801596962e-01,2.603520616822418e-02,2.460114821463513e-02,2.981381641616612e-01,2.990377980158838e-02,0.000000000000000e+00,0.000000000000000e+00,0.000000000000000e+00,6.483074999999988e-03,9.249999999993452e-04,4.319999999999997e-02,3.049999999999292e-04,nan
1.050000000000000e+01,-4.530089246243974e-03,6.570950707498131e-02,9.975063863630839e-01,2.535247791136407e-02,2.562172922931693e-02,2.979731297324268e-01,3.116126832605001e-02,0.000000000000000e+00,0.000000000000000e+00,0.000000000000000e+00,6.483074999999989e-03,9.249999999993200e-04,4.319999999999997e-02,3.049999999999709e-04,nan
1.075000000000000e+01,-4.197645882602062e-02,6.866922269399708e-02,9.964548012410869e-01,2.450191508057414e-02,2.668458887188144e-02,2.977940252974249e-01,3.247016693479880e-02,0.000000000000000e+00,0.000000000000000e+00,0.000000000000000e+00,6.483074999999993e-03,9.249999999993040e-04,4.319999999999999e-02,3.050000000000158e-04,nan
1.100000000000000e+01,-7.935366784295109e-02,7.169304726841012e-02,9.939879879882305e-01,2.347300808054792e-02,2.779137350107487e-02,2.975996609365801e-01,3.383250428143991e-02,0.000000000000000e+00,0.000000000000000e+00,0.000000000000000e+00,6.483074999999994e-03,9.249999999992823e-04,4.319999999999999e-02,3.050000000000630e-04,nan
1.125000000000000e+01,-1.166077380554277e-01,7.477753353370924e-02,9.901089191511364e-01,2.225497970298441e-02,2.894378358113143e-02,2.973887477982162e-01,3.525037469278230e-02,0.000000000000000e+00,0.000000000000000e+00,0.000000000000000e+00,6.483074999999995e-03,9.249999999992684e-04,4.319999999999999e-02,3.050000000001120e-04,nan
1.150000000000000e+01,-1.536847182357255e-01,7.791868539706649e-02,9.848225798156981e-01,2.083679754548879e-02,3.014357394170133e-02,2.971598901783015e-01,3.672593850904023e-02,0.000000000000000e+00,0.000000000000000e+00,0.000000000000000e+00,6.483074999999993e-03,9.249999999992589e-04,4.319999999999999e-02,3.050000000001671e-04,nan
1.175000000000000e+01,-1.905307483407391e-01,8.111192211517208e-02,9.781359690417961e-01,1.920718860652742e-02,3.139255379885658e-02,2.969115770201355e-01,3.826142213070174e-02,0.000000000000000e+00,0.000000000000000e+00,0.000000000000000e+00,6.483074999999986e-03,9.249999999992485e-04,4.319999999999997e-02,3.050000000002257e-04,nan
1.200000000000000e+01,-2.270921229502984e-01,8.435204139474246e-02,9.700580996585965e-01,1.735465624029472e-02,3.269258649683650e-02,2.966421728020920e-01,3.985911772272707e-02,0.000000000000000e+00,0.000000000000000e+00,0.000000000000000e+00,6.483074999999987e-03,9.249999999992493e-04,4.319999999999997e-02,3.050000000002855e-04,nan
1.225000000000000e+01,-2.633153538964971e-01,8.763318146958515e-02,9.605999965447537e-01,1.526749966761007e-02,3.404558892511758e-02,2.963499077811830e-01,4.152138252052406e-02,0.000000000000000e+00,0.000000000000000e+00,0.000000000000000e+00,6.483074999999981e-03,9.249999999992450e-04,4.319999999999995e-02,3.050000000003488e-04,nan
1.250000000000000e+01,-2.991472320175992e-01,9.094878222127398e-02,9.497746935292002e-01,1.293383625186738e-02,3.545353055978692e-02,2.960328675608606e-01,4.325063767528534e-02,0.000000000000000e+00,0.000000000000000e+00,0.000000000000000e+00,6.483074999999979e-03,9.249999999992493e-04,4.319999999999994e-02,3.050000000004147e-04,nan
1.275000000000000e+01,-3.345348879819057e-01,9.429154542546196e-02,9.375972290595335e-01,1.034162676259303e-02,3.691843207202876e-02,2.956889819527155e-01,4.504936656871891e-02,0.000000000000000e+00,0.000000000000000e+00,0.000000000000000e+00,6.483074999999978e-03,9.249999999992641e-04,4.319999999999994e-02,3.050000000004811e-04,nan
1.300000000000000e+01,-3.694258521406507e-01,9.765339422287649e-02,9.240846407961940e-01,7.478703863293372e-03,3.844236343976655e-02,2.953160131037291e-01,4.692011251892001e-02,0.000000000000000e+00,0.000000000000000e+00,0.000000000000000e+00,6.483074999999978e-03,9.249999999992832e-04,4.319999999999994e-02,3.050000000005488e-04,nan
1.325000000000000e+01,-4.037681133847352e-01,1.010254319333483e-01,9.092559593014832e-01,4.332804074935667e-03,4.002744149110805e-02,2.949115428636136e-01,4.886547579007925e-02,0.000000000000000e+00,0.000000000000000e+00,0.000000000000000e+00,6.483074999999981e-03,9.249999999993118e-04,4.319999999999994e-02,3.050000000006138e-04,nan
1.350000000000000e+01,-4.375101769981491e-01,1.043979003531123e-01,8.931322010028200e-01,8.916034815202320e-04,4.167582680019574e-02,2.944729593707424e-01,5.088810980887417e-02,0.000000000000000e+00,0.000000000000000e+00,0.000000000000000e+00,6.483074999999982e-03,9.249999999993439e-04,4.319999999999995e-02,3.050000000006806e-04,nan
1.375000000000000e+01,-4.706011215214557e-01,1.077601377003898e-01,8.757363606192259e-01,-2.857242540353453e-03,4.338971984735406e-02,2.939974428404113e-01,5.299071647972792e-02,0.000000000000000e+00,0.000000000000000e+00,0.000000000000000e+00,6.483074999999980e-03,9.249999999993812e-04,4.319999999999994e-02,3.050000000007491e-04,nan
1.400000000000000e+01,-5.029906546619985e-01,1.111005364022592e-01,8.570934032485699e-01,-6.926055270411739e-03,4.517135634604583e-02,2.934819505459424e-01,5.517604047963800e-02,0.000000000000000e+00,0.000000000000000e+00,0.000000000000000e+00,6.483074999999979e-03,9.249999999994315e-04,4.319999999999993e-02,3.050000000008150e-04,nan
1.425000000000000e+01,-5.346291683137618e-01,1.144065009474080e-01,8.372302563202616e-01,-1.132708395904500e-02,4.702300162911723e-02,2.929232009916955e-01,5.744686240099702e-02,0.000000000000000e+00,0.000000000000000e+00,0.000000000000000e+00,6.483074999999967e-03,9.249999999994749e-04,4.319999999999989e-02,3.050000000008827e-04,nan
1.450000000000000e+01,-5.654677927793231e-01,1.176644060649300e-01,8.161758016234183e-01,-1.607245217874848e-02,4.894694397615853e-02,2.923176572877149e-01,5.980599059778768e-02,0.000000000000000e+00,0.000000000000000e+00,0.000000000000000e+00,6.483074999999961e-03,9.249999999995382e-04,4.319999999999988e-02,3.050000000009503e-04,nan
1.475000000000000e+01,-5.954584503193472e-01,1.208595555292961e-01,7.939608676235839e-01,-2.117409886981031e-02,5.094548675259786e-02,2.916615097488257e-01,6.225625157681362e-02,0.000000000000000e+00,0.000000000000000e+00,0.000000000000000e+00,6.483074999999963e-03,9.249999999996076e-04,4.319999999999987e-02,3.050000000010102e-04,nan
1.500000000000000e+01,-6.245539081918019e-01,1.239761419364255e-01,7.706182222812410e-01,-2.664371372398381e-02,5.302093921947552e-02,2.909506577569245e-01,6.480047876134196e-02,0.000000000000000e+00,0.000000000000000e+00,0.000000000000000e+00,6.483074999999954e-03,9.249999999996787e-04,4.319999999999984e-02,3.050000000010666e-04,nan
1.525000000000000e+01,-6.527078313837691e-01,1.269972078458551e-01,7.461825665819950e-01,-3.249266653816846e-02,5.517560586085520e-02,2.901806909443645e-01,6.744149943985675e-02,0.000000000000000e+00,0.000000000000000e+00,0.000000000000000e+00,6.483074999999947e-03,9.249999999997650e-04,4.319999999999982e-02,3.050000000011229e-04,nan
1.550000000000000e+01,-6.798748352835481e-01,1.299046087397982e-01,7.206905289806076e-01,-3.873193016079178e-02,5.741177406370846e-02,2.893468697791969e-01,7.018211969778641e-02,0.000000000000000e+00,0.000000000000000e+00,0.000000000000000e+00,6.483074999999941e-03,9.249999999998569e-04,4.319999999999979e-02,3.050000000011654e-04,nan
1.575000000000000e+01,-7.060105385898596e-01,1.326789783118268e-01,6.941806609481488e-01,-4.537199664746344e-02,5.973169997311707e-02,2.884441056600924e-01,7.302510711538972e-02,0.000000000000000e+00,0.000000000000000e+00,0.000000000000000e+00,6.483074999999931e-03,9.249999999999571e-04,4.319999999999976e-02,3.050000000012062e-04,nan
1.600000000000000e+01,-7.310716168084078e-01,1.352996966664101e-01,6.666934337923943e-01,-5.242278624056839e-02,6.213759233410688e-02,2.874669406605321e-01,7.597317100087077e-02,0.000000000000000e+00,0.000000000000000e+00,0.000000000000000e+00,6.483074999999923e-03,9.250000000000564e-04,4.319999999999973e-02,3.050000000012357e-04,nan
1.625000000000000e+01,-7.550158567438263e-01,1.377448620859370e-01,6.382712368950491e-01,-5.989354879097062e-02,6.463159412078444e-02,2.864095270988828e-01,7.902893991476645e-02,0.000000000000000e+00,0.000000000000000e+00,0.000000000000000e+00,6.483074999999918e-03,9.250000000001735e-04,4.319999999999971e-02,3.050000000012496e-04,nan
1.650000000000000e+01,-7.778022124569569e-01,1.399912671043954e-01,6.089583774741639e-01,-6.779275725033135e-02,6.721576174422467e-02,2.852656071537967e-01,8.219493623036044e-02,0.000000000000000e+00,0.000000000000000e+00,0.000000000000000e+00,6.483074999999908e-03,9.250000000002906e-04,4.319999999999967e-02,3.050000000012522e-04,nan
1.675000000000000e+01,-7.993908632231701e-01,1.420143797167150e-01,5.788010819347588e-01,-7.612799288135999e-02,6.989204162341717e-02,2.840284927935274e-01,8.547354746613671e-02,0.000000000000000e+00,0.000000000000000e+00,0.000000000000000e+00,6.483074999999902e-03,9.250000000004086e-04,4.319999999999966e-02,3.050000000012340e-04,nan
1.700000000000000e+01,-8.197432740964791e-01,1.437883306498547e-01,5.478474988136389e-01,-8.490582186253745e-02,7.266224389931920e-02,2.826910463437272e-01,8.886699412107184e-02,0.000000000000000e+00,0.000000000000000e+00,0.000000000000000e+00,6.483074999999896e-03,9.250000000005313e-04,4.319999999999963e-02,3.050000000012106e-04,nan
1.725000000000000e+01,-8.388222597557554e-01,1.452859077257490e-01,5.161477032539580e-01,-9.413166300569216e-02,7.552801307165204e-02,2.812456620814963e-01,9.237729374306097e-02,0.000000000000000e+00,0.000000000000000e+00,0.000000000000000e+00,6.483074999999886e-03,9.250000000006649e-04,4.319999999999959e-02,3.050000000011698e-04,nan
1.750000000000000e+01,-8.565920523822590e-01,1.464785584566582e-01,4.837537028594740e-01,-1.038096463617735e-01,7.849079534265702e-02,2.796842493141833e-01,9.600622096637655e-02,0.000000000000000e+00,0.000000000000000e+00,0.000000000000000e+00,6.483074999999883e-03,9.250000000007844e-04,4.319999999999959e-02,3.050000000011134e-04,nan
1.775000000000000e+01,-8.730183743904580e-01,1.473364021293147e-01,4.507194446757711e-01,-1.139424625650834e-01,8.155180246293513e-02,2.779982174798066e-01,9.975526326740999e-02,0.000000000000000e+00,0.000000000000000e+00,0.000000000000000e+00,6.483074999999878e-03,9.250000000009216e-04,4.319999999999957e-02,3.050000000010405e-04,nan
1.800000000000000e+01,-8.880685169047371e-01,1.478282527540893e-01,4.171008229241295e-01,-1.245312028622058e-01,8.471197189327188e-02,2.761784638918404e-01,1.036255722109287e-01,0.000000000000000e+00,0.000000000000000e+00,0.000000000000000e+00,6.483074999999868e-03,9.250000000010437e-04,4.319999999999953e-02,3.050000000009555e-04,nan
1.825000000000000e+01,-9.017114249405270e-01,1.479216543771921e-01,3.829556869713547e-01,-1.355751898923131e-01,8.797192312474897e-02,2.742153648440298e-01,1.076179099938410e-01,0.000000000000000e+00,0.000000000000000e+00,0.000000000000000e+00,6.483074999999862e-03,9.250000000011660e-04,4.319999999999951e-02,3.050000000008445e-04,nan
1.850000000000000e+01,-9.139177903064797e-01,1.475829303749159e-01,3.483438488541161e-01,-1.470717994340682e-01,9.133191003941542e-02,2.720987708899585e-01,1.117325911423864e-01,0.000000000000000e+00,0.000000000000000e+00,0.000000000000000e+00,6.483074999999856e-03,9.250000000012729e-04,4.319999999999948e-02,3.050000000007170e-04,nan
1.875000000000000e+01,-9.246601532906479e-01,1.467772484655829e-01,3.133270894877608e-01,-1.590162735147470e-01,9.479176924747271e-02,2.698180072158730e-01,1.159694192843698e-01,0.000000000000000e+00,0.000000000000000e+00,0.000000000000000e+00,6.483074999999843e-03,9.250000000013611e-04,4.319999999999945e-02,3.050000000005791e-04,nan
1.900000000000000e+01,-9.339130142235302e-01,1.454687032825857e-01,2.779691624762806e-01,-1.714015254933230e-01,9.835086440658909e-02,2.673618801316218e-01,1.203276190033264e-01,0.000000000000000e+00,0.000000000000000e+00,0.000000000000000e+00,6.483074999999830e-03,9.250000000014485e-04,4.319999999999940e-02,3.050000000004317e-04,nan
1.925000000000000e+01,-9.416529560187581e-01,1.436204184451053e-01,2.423357942018120e-01,-1.842179379847817e-01,1.020080266169608e-01,2.647186908105991e-01,1.248057628892122e-01,0.000000000000000e+00,0.000000000000000e+00,0.000000000000000e+00,6.483074999999822e-03,9.250000000015049e-04,4.319999999999937e-02,3.050000000002443e-04,nan
1.950000000000000e+01,-9.478587787716649e-01,1.411946701348285e-01,2.064946786093745e-01,-1.974531547912476e-01,1.057614910944115e-01,2.618762575113779e-01,1.294016940332290e-01,0.000000000000000e+00,0.000000000000000e+00,0.000000000000000e+00,6.483074999999813e-03,9.250000000015531e-04,4.319999999999934e-02,3.050000000000457e-04,nan
1.975000000000000e+01,-9.525116474396533e-01,1.381530342290914e-01,1.705154648173010e-01,-2.110918683493824e-01,1.096088304553589e-01,2.588219476062965e-01,1.341124443753970e-01,0.000000000000000e+00,0.000000000000000e+00,0.000000000000000e+00,6.483074999999804e-03,9.250000000015795e-04,4.319999999999932e-02,3.049999999998280e-04,nan
2.000000000000000e+01,-9.555952535279206e-01,1.344565590437090e-01,1.344697353792955e-01,-2.251156045947438e-01,1.135468851037491e-01,2.555427208193803e-01,1.389341495047511e-01,0.000000000000000e+00,0.000000000000000e+00,0.000000000000000e+00,6.483074999999795e-03,9.250000000015643e-04,4.319999999999929e-02,3.049999999995903e-04,nan
2.025000000000000e+01,-9.570959915507868e-01,1.300659656913335e-01,9.843097270544851e-02,-2.395025075828147e-01,1.175716913923645e-01,2.520251851300906e-01,1.438619607351850e-01,0.000000000000000e+00,0.000000000000000e+00,0.000000000000000e+00,6.483074999999784e-03,9.250000000015331e-04,4.319999999999925e-02,3.049999999993457e-04,nan
2.050000000000000e+01,-9.570031508231110e-01,1.249418779511791e-01,6.247451082429192e-02,-2.542271266917360e-01,1.216784084397719e-01,2.482556668215241e-01,1.488899555356001e-01,0.000000000000000e+00,0.000000000000000e+00,0.000000000000000e+00,6.483074999999779e-03,9.250000000014555e-04,4.319999999999924e-02,3.049999999990751e-04,nan
2.075000000000000e+01,-9.553091228484097e-01,1.190450833599209e-01,2.667746934615432e-02,-2.692602097594753e-01,1.258612447188978e-01,2.442202961315460e-01,1.540110476803112e-01,0.000000000000000e+00,0.000000000000000e+00,0.000000000000000e+00,6.483074999999771e-03,9.250000000013067e-04,4.319999999999921e-02,3.049999999988305e-04,nan
2.100000000000000e+01,-9.520096242009349e-01,1.123368269573113e-01,-8.881333817216085e-03,-2.845685060711832e-01,1.301133857916336e-01,2.399051098913988e-01,1.592168988019572e-01,0.000000000000000e+00,0.000000000000000e+00,0.000000000000000e+00,6.483074999999764e-03,9.250000000011350e-04,4.319999999999920e-02,3.049999999985710e-04,nan
2.125000000000000e+01,-9.471039343396339e-01,1.047791387390631e-01,-4.412149469418311e-02,-3.001145837000224e-01,1.344269248418217e-01,2.352961723961188e-01,1.644978333693667e-01,0.000000000000000e+00,0.000000000000000e+00,0.000000000000000e+00,6.483074999999758e-03,9.250000000009329e-04,4.319999999999918e-02,3.049999999983157e-04,nan
2.150000000000000e+01,-9.405951472358571e-01,9.633519536985667e-02,-7.896116439293376e-02,-3.158566663015362e-01,1.387927979499607e-01,2.303797155316964e-01,1.698427594689871e-01,0.000000000000000e+00,0.000000000000000e+00,0.000000000000000e+00,6.483074999999754e-03,9.250000000006588e-04,4.319999999999918e-02,3.049999999980553e-04,nan
2.175000000000000e+01,-9.324904350398410e-01,8.696971607836329e-02,-1.133172232198548e-01,-3.317484950473757e-01,1.432007263476697e-01,2.251422988725950e-01,1.752390981291997e-01,0.000000000000000e+00,0.000000000000000e+00,0.000000000000000e+00,6.483074999999750e-03,9.250000000003439e-04,4.319999999999917e-02,3.049999999978257e-04,nan
2.200000000000000e+01,-9.228013212531982e-01,7.664939188409964e-02,-1.471054918977863e-01,-3.477392219331316e-01,1.476391681759532e-01,2.195709900484218e-01,1.806727242768968e-01,0.000000000000000e+00,0.000000000000000e+00,0.000000000000000e+00,6.483074999999747e-03,9.249999999999727e-04,4.319999999999917e-02,3.049999999975978e-04,nan
2.225000000000000e+01,-9.115439600208851e-01,6.534334638699076e-02,-1.802409839141023e-01,-3.637733411756134e-01,1.520952825327880e-01,2.136535651509638e-01,1.861279227357494e-01,0.000000000000000e+00,0.000000000000000e+00,0.000000000000000e+00,6.483074999999745e-03,9.249999999995442e-04,4.319999999999918e-02,3.049999999974126e-04,nan
2.250000000000000e+01,-8.987394172179383e-01,5.302362528486773e-02,-2.126382027744254e-01,-3.797906657900814e-01,1.565549088133246e-01,2.073787283069633e-01,1.915873629421315e-01,0.000000000000000e+00,0.000000000000000e+00,0.000000000000000e+00,6.483074999999745e-03,9.249999999990655e-04,4.319999999999919e-02,3.049999999972615e-04,nan
2.275000000000000e+01,-8.844139480031568e-01,3.966571057952811e-02,-2.442114874896657e-01,-3.957263566655319e-01,1.610025644976841e-01,2.007363487778452e-01,1.970320962403406e-01,0.000000000000000e+00,0.000000000000000e+00,0.000000000000000e+00,6.483074999999750e-03,9.249999999985294e-04,4.319999999999921e-02,3.049999999971478e-04,nan
2.300000000000000e+01,-8.685992644724627e-01,2.524905410579125e-02,-2.748754089527516e-01,-4.115110114902362e-01,1.654214646020327e-01,1.937177130722539e-01,2.024415796930418e-01,0.000000000000000e+00,0.000000000000000e+00,0.000000000000000e+00,6.483074999999752e-03,9.249999999979483e-04,4.319999999999925e-02,3.049999999970862e-04,nan
2.325000000000000e+01,-8.513327860075778e-01,9.757623598806688e-03,-3.045452189420298e-01,-4.270708206724396e-01,1.697935659518932e-01,1.863157885868291e-01,2.077937302734400e-01,0.000000000000000e+00,0.000000000000000e+00,0.000000000000000e+00,6.483074999999756e-03,9.249999999973238e-04,4.319999999999926e-02,3.049999999970854e-04,nan
2.350000000000000e+01,-8.326578639299957e-01,-6.819546955966345e-03,-3.331373523034515e-01,-4.423277969053021e-01,1.740996392360941e-01,1.785254942518504e-01,2.130650130602048e-01,0.000000000000000e+00,0.000000000000000e+00,0.000000000000000e+00,6.483074999999762e-03,9.249999999966577e-04,4.319999999999929e-02,3.049999999971643e-04,nan
2.375000000000000e+01,-8.126239711951451e-01,-2.448781241336918e-02,-3.605699814068021e-01,-4.572000841978687e-01,1.783193714310568e-01,1.703439725896439e-01,2.182305666048887e-01,0.000000000000000e+00,0.000000000000000e+00,0.000000000000000e+00,6.483074999999771e-03,9.249999999959568e-04,4.319999999999934e-02,3.049999999973048e-04,nan
2.400000000000000e+01,-7.912868471649582e-01,-4.324638811927674e-02,-3.867636202503038e-01,-4.716023510005604e-01,1.824315006285729e-01,1.617708565455936e-01,2.232643679603784e-01,0.000000000000000e+00,0.000000000000000e+00,0.000000000000000e+00,6.483074999999784e-03,9.249999999952456e-04,4.319999999999939e-02,3.049999999975347e-04,nan
2.425000000000000e+01,-7.687085870527839e-01,-6.308785048540665e-02,-4.116417736287992e-01,-4.854462704730359e-01,1.864139845436901e-01,1.528085234864510e-01,2.281394389329340e-01,0.000000000000000e+00,0.000000000000000e+00,0.000000000000000e+00,6.483074999999799e-03,9.249999999944719e-04,4.319999999999945e-02,3.049999999978660e-04,nan
2.450000000000000e+01,-7.449576655190048e-01,-8.399767985476023e-02,-4.351316246300715e-01,-4.986410889711020e-01,1.902442030212823e-01,1.434623279503657e-01,2.328280939477535e-01,0.000000000000000e+00,0.000000000000000e+00,0.000000000000000e+00,6.483074999999814e-03,9.249999999936982e-04,4.319999999999952e-02,3.049999999982910e-04,nan
2.475000000000000e+01,-7.201088841823489e-01,-1.059538596897929e-01,-4.571647514510276e-01,-5.110942814874848e-01,1.938991937124021e-01,1.337408041559558e-01,2.373022285135030e-01,0.000000000000000e+00,0.000000000000000e+00,0.000000000000000e+00,6.483074999999831e-03,9.249999999928760e-04,4.319999999999959e-02,3.049999999988513e-04,nan
2.500000000000000e+01,-6.942432335650437e-01,-1.289265463492486e-01,-4.776778622228158e-01,-5.227122901155549e-01,1.973559187826887e-01,1.236558290134960e-01,2.415336456692870e-01,0.000000000000000e+00,0.000000000000000e+00,0.000000000000000e+00,6.483074999999852e-03,9.249999999920641e-04,4.319999999999968e-02,3.049999999994845e-04,nan
2.525000000000000e+01,-6.674476612576865e-01,-1.528778234349860e-01,-4.966135343150837e-01,-5.334013386920837e-01,2.005915590905628e-01,1.132227365045087e-01,2.454944160539190e-01,0.000000000000000e+00,0.000000000000000e+00,0.000000000000000e+00,6.483074999999871e-03,9.249999999913286e-04,4.319999999999975e-02,3.050000000002356e-04,nan
2.550000000000000e+01,-6.398147398963587e-01,-1.777615538166359e-01,-5.139209425852697e-01,-5.430683137215041e-01,2.035838307958992e-01,1.024603748685643e-01,2.491572654294889e-01,0.000000000000000e+00,0.000000000000000e+00,0.000000000000000e+00,6.483074999999889e-03,9.249999999906000e-04,4.319999999999981e-02,3.050000000010666e-04,nan
2.575000000000000e+01,-6.114422308837392e-01,-2.035233409341701e-01,-5.295565593902147e-01,-5.516216986247982e-01,2.063113179094583e-01,9.139109909896793e-02,2.524959817159523e-01,0.000000000000000e+00,0.000000000000000e+00,0.000000000000000e+00,6.483074999999904e-03,9.249999999899131e-04,4.319999999999988e-02,3.050000000019860e-04,nan
2.600000000000000e+01,-5.824325426152439e-01,-2.301006088244332e-01,-5.434848080269035e-01,-5.589725454486359e-01,2.087538129608586e-01,8.004069281454794e-02,2.554858319625171e-01,0.000000000000000e+00,0.000000000000000e+00,0.000000000000000e+00,6.483074999999923e-03,9.249999999892677e-04,4.319999999999995e-02,3.050000000030095e-04,nan
2.625000000000000e+01,-5.528920852084975e-01,-2.574228075456037e-01,-5.556786507491104e-01,-5.650354655867069e-01,2.108926568458631e-01,6.843821562010563e-02,2.581039783144042e-01,0.000000000000000e+00,0.000000000000000e+00,0.000000000000000e+00,6.483074999999941e-03,9.249999999887473e-04,4.320000000000000e-02,3.050000000041232e-04,nan
2.650000000000000e+01,-5.229305272581638e-01,-2.854117473560223e-01,-5.661200927270992e-01,-5.697296189802157e-01,2.127110681085273e-01,5.661577453116095e-02,2.603298810479856e-01,0.000000000000000e+00,0.000000000000000e+00,0.000000000000000e+00,6.483074999999958e-03,9.249999999882755e-04,4.320000000000008e-02,3.050000000053210e-04,nan
2.675000000000000e+01,-4.926599637909260e-01,-3.139820612586572e-01,-5.748005843533721e-01,-5.729796798424097e-01,2.141944515063869e-01,4.460822081751772e-02,2.621456762486863e-01,0.000000000000000e+00,0.000000000000000e+00,0.000000000000000e+00,6.483074999999970e-03,9.249999999878938e-04,4.320000000000011e-02,3.050000000065795e-04,nan
2.700000000000000e+01,-4.621940081919653e-01,-3.430417915089767e-01,-5.817213061780416e-01,-5.747167563315606e-01,2.153306757640445e-01,3.245277657671288e-02,2.635365157760275e-01,0.000000000000000e+00,0.000000000000000e+00,0.000000000000000e+00,6.483074999999979e-03,9.249999999876371e-04,4.320000000000012e-02,3.050000000079213e-04,nan
2.725000000000000e+01,-4.316468242130608e-01,-3.724930915950149e-01,-5.868933234580075e-01,-5.748792418770934e-01,2.161103109810191e-01,2.018859831612090e-02,2.644908578462348e-01,0.000000000000000e+00,0.000000000000000e+00,0.000000000000000e+00,6.483074999999984e-03,9.249999999874636e-04,4.320000000000015e-02,3.050000000092753e-04,nan
2.750000000000000e+01,-4.011321170505091e-01,-4.022330312480007e-01,-5.903376007423692e-01,-5.734135770919320e-01,2.165268172278801e-01,7.856287618588843e-03,2.650006978702328e-01,0.000000000000000e+00,0.000000000000000e+00,0.000000000000000e+00,6.483074999999989e-03,9.249999999873873e-04,4.320000000000017e-02,3.050000000106544e-04,nan
2.775000000000000e+01,-3.707621047105319e-01,-4.321544884497072e-01,-5.920848709536429e-01,-5.702749033678376e-01,2.165766774067312e-01,-4.502638593020164e-03,2.650617310722814e-01,0.000000000000000e+00,0.000000000000000e+00,0.000000000000000e+00,6.483074999999989e-03,9.249999999874567e-04,4.320000000000014e-02,3.050000000120387e-04,nan
2.800000000000000e+01,-3.406464923044961e-01,-4.621471093764893e-01,-5.921753578723981e-01,-5.654275922735779e-01,2.162594693963964e-01,-1.684630376072225e-02,2.646734407942705e-01,0.000000000000000e+00,0.000000000000000e+00,0.000000000000000e+00,6.483074999999989e-03,9.249999999876579e-04,4.320000000000013e-02,3.050000000133831e-04,nan
2.825000000000000e+01,-3.108914724263003e-01,-4.920983149382610e-01,-5.906583555670042e-01,-5.588456386216265e-01,2.155778747437992e-01,-2.913303767913734e-02,2.638391091337987e-01,0.000000000000000e+00,0.000000000000000e+00,0.000000000000000e+00,6.483074999999983e-03,9.249999999879563e-04,4.320000000000009e-02,3.050000000147084e-04,nan
2.850000000000000e+01,-2.815987743072653e-01,-5.218943311669765e-01,-5.875916728852176e-01,-5.505129093494283e-01,2.145376235700096e-01,-4.132193657763755e-02,2.625657495102530e-01,0.000000000000000e+00,0.000000000000000e+00,0.000000000000000e+00,6.483074999999974e-03,9.249999999883449e-04,4.320000000000006e-02,3.050000000160112e-04,nan
2.875000000000000e+01,-2.528647830307737e-01,-5.514212202604760e-01,-5.830409553942670e-01,-5.404232449499077e-01,2.131473777866059e-01,-5.337340139703799e-02,2.608639637239200e-01,0.000000000000000e+00,0.000000000000000e+00,0.000000000000000e+00,6.483074999999965e-03,9.249999999888514e-04,4.320000000000000e-02,3.050000000172290e-04,nan
2.900000000000000e+01,-2.247797477940738e-01,-5.805658896076640e-01,-5.770789008937127e-01,-5.285804148367578e-01,2.114185570179436e-01,-6.524963941839615e-02,2.587477288882358e-01,0.000000000000000e+00,0.000000000000000e+00,0.000000000000000e+00,6.483074999999946e-03,9.249999999894273e-04,4.319999999999992e-02,3.050000000183808e-04,nan
2.925000000000000e+01,-1.974270951597039e-01,-6.092170575600854e-01,-5.697843876403128e-01,-5.149979324968077e-01,2.093651136614501e-01,-7.691511615014116e-02,2.562341221079530e-01,0.000000000000000e+00,0.000000000000000e+00,0.000000000000000e+00,6.483074999999928e-03,9.249999999901143e-04,4.319999999999981e-02,3.050000000194546e-04,nan
2.950000000000000e+01,-1.708828596214554e-01,-6.372661569651447e-01,-5.612415365773479e-01,-4.996987403373829e-01,2.070032651778946e-01,-8.833694669359911e-02,2.533429928075943e-01,0.000000000000000e+00,0.000000000000000e+00,0.000000000000000e+00,6.483074999999909e-03,9.249999999908359e-04,4.319999999999975e-02,3.050000000204278e-04,nan
2.975000000000000e+01,-1.452152398277853e-01,-6.646081603821019e-01,-5.515387300737228e-01,-4.827147775901855e-01,2.043511929053282e-01,-9.948521852441976e-02,2.500965940854764e-01,0.000000000000000e+00,0.000000000000000e+00,0.000000000000000e+00,6.483074999999893e-03,9.249999999916547e-04,4.319999999999966e-02,3.050000000213073e-04,nan
3.000000000000000e+01,-1.204842846802341e-01,-6.911423142754215e-01,-5.407676099357226e-01,-4.640864473430711e-01,2.014287173898137e-01,-1.103332405669540e-01,2.465191853246699e-01,0.000000000000000e+00,0.000000000000000e+00,0.000000000000000e+00,6.483074999999876e-03,9.249999999924735e-04,4.319999999999959e-02,3.050000000220845e-04,nan
3.025000000000000e+01,-9.674170947222724e-02,-7.167727731166348e-01,-5.290220768023849e-01,-4.438620006519728e-01,1.982569604173735e-01,-1.208577164155951e-01,2.426366185264127e-01,0.000000000000000e+00,0.000000000000000e+00,0.000000000000000e+00,6.483074999999855e-03,9.249999999933339e-04,4.319999999999949e-02,3.050000000227367e-04,nan
3.050000000000000e+01,-7.403083845056814e-02,-7.414091280217043e-01,-5.163973115728087e-01,-4.220968567103737e-01,1.948580036447390e-01,-1.310388423992313e-01,2.384759204804077e-01,0.000000000000000e+00,0.000000000000000e+00,0.000000000000000e+00,6.483074999999835e-03,9.249999999941944e-04,4.319999999999942e-02,3.050000000232762e-04,nan
3.075000000000000e+01,-5.238666683065062e-02,-7.649668281176882e-01,-5.029888373797348e-01,-3.988528782512675e-01,1.912545530213808e-01,-1.408603337454527e-01,2.340648820234015e-01,0.000000000000000e+00,0.000000000000000e+00,0.000000000000000e+00,6.483074999999817e-03,9.249999999950687e-04,4.319999999999931e-02,3.050000000237221e-04,nan
3.100000000000000e+01,-3.183603249780714e-02,-7.873674961097462e-01,-4.888916379844059e-01,-3.741976208016185e-01,1.874696171536605e-01,-1.503093842677048e-01,2.294316643624955e-01,0.000000000000000e+00,0.000000000000000e+00,0.000000000000000e+00,6.483074999999801e-03,9.249999999958874e-04,4.319999999999923e-02,3.050000000240655e-04,nan
3.125000000000000e+01,-1.239788545645538e-02,-8.085391423826389e-01,-4.741993455004517e-01,-3.482035732129967e-01,1.835262064781857e-01,-1.593765666982150e-01,2.246044308683502e-01,0.000000000000000e+00,0.000000000000000e+00,0.000000000000000e+00,6.483074999999788e-03,9.249999999966785e-04,4.319999999999920e-02,3.050000000243327e-04,nan
3.150000000000000e+01,5.916358424290257e-03,-8.284162843353676e-01,-4.590035072344608e-01,-3.209474051888299e-01,1.794470586836346e-01,-1.680556819889705e-01,2.196110109958235e-01,0.000000000000000e+00,0.000000000000000e+00,0.000000000000000e+00,6.483074999999771e-03,9.249999999974487e-04,4.319999999999911e-02,3.050000000245096e-04,nan
3.175000000000000e+01,2.310239368641804e-02,-8.469399794692249e-01,-4.433929383188393e-01,-2.925092354637933e-01,1.752543943420857e-01,-1.763435666056621e-01,2.144786011802649e-01,0.000000000000000e+00,0.000000000000000e+00,0.000000000000000e+00,6.483074999999761e-03,9.249999999981634e-04,4.319999999999909e-02,3.050000000245929e-04,nan
3.200000000000000e+01,3.916254616385678e-02,-8.640577820211445e-01,-4.274531638464268e-01,-2.629719320086155e-01,1.709697052651305e-01,-1.842398670792696e-01,2.092335057881094e-01,0.000000000000000e+00,0.000000000000000e+00,0.000000000000000e+00,6.483074999999752e-03,9.249999999988608e-04,4.319999999999902e-02,3.050000000246189e-04,nan
3.225000000000000e+01,5.410525278857596e-02,-8.797236336802819e-01,-4.112659515054791e-01,-2.324204532680773e-01,1.666135767545561e-01,-1.917467909139041e-01,2.039009195535600e-01,0.000000000000000e+00,0.000000000000000e+00,0.000000000000000e+00,6.483074999999744e-03,9.249999999994783e-04,4.319999999999900e-02,3.050000000245565e-04,nan
3.250000000000000e+01,6.794451393822590e-02,-8.938976991951032e-01,-3.949089333365065e-01,-2.009412371078209e-01,1.622055437226144e-01,-1.988688424495437e-01,1.985047514707793e-01,0.000000000000000e+00,0.000000000000000e+00,0.000000000000000e+00,6.483074999999738e-03,9.250000000000785e-04,4.319999999999895e-02,3.050000000244454e-04,nan
3.275000000000000e+01,8.069933089410117e-02,-9.065461575368028e-01,-3.784553132370980e-01,-1.686216419416935e-01,1.577639796456099e-01,-2.056125515234123e-01,1.930674888732139e-01,0.000000000000000e+00,0.000000000000000e+00,0.000000000000000e+00,6.483074999999735e-03,9.250000000006059e-04,4.319999999999893e-02,3.050000000242997e-04,nan
3.300000000000000e+01,9.239313968496565e-02,-9.176409588079686e-01,-3.619736552474416e-01,-1.355494425069790e-01,1.533060165029402e-01,-2.119862018431806e-01,1.876100994383028e-01,0.000000000000000e+00,0.000000000000000e+00,0.000000000000000e+00,6.483074999999734e-03,9.250000000010396e-04,4.319999999999892e-02,3.050000000241089e-04,nan
3.325000000000000e+01,1.030532511457916e-01,-9.271595563515758e-01,-3.455277464542639e-01,-1.018123809979393e-01,1.488474932437081e-01,-2.179995649530208e-01,1.821519681091679e-01,0.000000000000000e+00,0.000000000000000e+00,0.000000000000000e+00,6.483074999999732e-03,9.250000000014073e-04,4.319999999999891e-02,3.050000000238695e-04,nan
3.350000000000000e+01,1.127103055035106e-01,-9.350846226007158e-01,-3.291765275320347e-01,-6.749777278498822e-02,1.444029299050190e-01,-2.236636446049046e-01,1.767108654132621e-01,0.000000000000000e+00,0.000000000000000e+00,0.000000000000000e+00,6.483074999999734e-03,9.250000000017196e-04,4.319999999999893e-02,3.050000000236197e-04,nan
3.375000000000000e+01,1.213977482846812e-01,-9.414037561838428e-01,-3.129740834615851e-01,-3.269216474542790e-02,1.399855242621441e-01,-2.289904352963041e-01,1.713029433593770e-01,0.000000000000000e+00,0.000000000000000e+00,0.000000000000000e+00,6.483074999999739e-03,9.250000000020041e-04,4.319999999999893e-02,3.050000000233456e-04,nan
3.400000000000000e+01,1.291513328789284e-01,-9.461091867245913e-01,-2.969696867831740e-01,2.518956695130326e-03,1.356071677975317e-01,-2.339926977433530e-01,1.659427549803400e-01,0.000000000000000e+00,0.000000000000000e+00,0.000000000000000e+00,6.483074999999746e-03,9.250000000022192e-04,4.319999999999892e-02,3.050000000230785e-04,nan
3.425000000000000e+01,1.360086537295002e-01,-9.491974826999199e-01,-2.812078858045255e-01,3.805141138214542e-02,1.312784778071205e-01,-2.386837531553518e-01,1.606432936272524e-01,0.000000000000000e+00,0.000000000000000e+00,0.000000000000000e+00,6.483074999999752e-03,9.250000000023476e-04,4.319999999999897e-02,3.050000000228113e-04,nan
3.450000000000000e+01,1.420087128875809e-01,-9.506692666851243e-01,-2.657286304448095e-01,7.382252912429124e-02,1.270088425919533e-01,-2.430772973811108e-01,1.554160482796759e-01,0.000000000000000e+00,0.000000000000000e+00,0.000000000000000e+00,6.483074999999760e-03,9.250000000024794e-04,4.319999999999902e-02,3.050000000225442e-04,nan
3.475000000000000e+01,1.471915215776699e-01,-9.505289413484931e-01,-2.505674288053122e-01,1.097513155112865e-01,1.228064768852543e-01,-2.471872353194060e-01,1.502710713836266e-01,0.000000000000000e+00,0.000000000000000e+00,0.000000000000000e+00,6.483074999999770e-03,9.250000000025627e-04,4.319999999999900e-02,3.050000000222874e-04,nan
3.500000000000000e+01,1.515977374850484e-01,-9.487844286817857e-01,-2.357555280730504e-01,1.457585841842227e-01,1.186784849167903e-01,-2.510275354264931e-01,1.452170560372497e-01,0.000000000000000e+00,0.000000000000000e+00,0.000000000000000e+00,6.483074999999778e-03,9.250000000026147e-04,4.319999999999904e-02,3.050000000220272e-04,nan
3.525000000000000e+01,1.552683376928558e-01,-9.454469241769472e-01,-2.213201139465060e-01,1.817670598242514e-01,1.146309287973831e-01,-2.546121037089820e-01,1.402614196880512e-01,0.000000000000000e+00,0.000000000000000e+00,0.000000000000000e+00,6.483074999999788e-03,9.250000000026321e-04,4.319999999999909e-02,3.050000000217878e-04,nan
3.550000000000000e+01,1.582443265592916e-01,-9.405306669893380e-01,-2.072845233904864e-01,2.177014559601429e-01,1.106689002001560e-01,-2.579546762520327e-01,1.354103918650569e-01,0.000000000000000e+00,0.000000000000000e+00,0.000000000000000e+00,6.483074999999794e-03,9.250000000026286e-04,4.319999999999909e-02,3.050000000215797e-04,nan
3.575000000000000e+01,1.605664773243738e-01,-9.340527265626826e-01,-1.936684661533867e-01,2.534885314531107e-01,1.067965936081300e-01,-2.610687290897190e-01,1.306691038279430e-01,0.000000000000000e+00,0.000000000000000e+00,0.000000000000000e+00,6.483074999999807e-03,9.250000000026008e-04,4.319999999999917e-02,3.050000000213542e-04,nan
3.600000000000000e+01,1.622751058572317e-01,-9.260328057264529e-01,-1.804882510940600e-01,2.890571292226248e-01,1.030173796800337e-01,-2.639674040639787e-01,1.260416783606389e-01,0.000000000000000e+00,0.000000000000000e+00,0.000000000000000e+00,6.483074999999811e-03,9.250000000025453e-04,4.319999999999915e-02,3.050000000211703e-04,nan
3.625000000000000e+01,1.634098746843178e-01,-9.164930599051934e-01,-1.677570139516007e-01,3.243382004502612e-01,9.933387755040439e-02,-2.666634492279156e-01,1.215313182603012e-01,0.000000000000000e+00,0.000000000000000e+00,0.000000000000000e+00,6.483074999999820e-03,9.250000000024516e-04,4.319999999999921e-02,3.050000000210003e-04,nan
3.650000000000000e+01,1.640096252609997e-01,-9.054579317922951e-01,-1.554849437387047e-01,3.592648171568406e-01,9.574802512150345e-02,-2.691691723156477e-01,1.171403923680778e-01,0.000000000000000e+00,0.000000000000000e+00,0.000000000000000e+00,6.483074999999824e-03,9.250000000023371e-04,4.319999999999925e-02,3.050000000208511e-04,nan
3.675000000000000e+01,1.641122363488229e-01,-8.929540006280774e-01,-1.436795054409183e-01,3.937721757046234e-01,9.226114662056910e-02,-2.714964058126382e-01,1.128705182524629e-01,0.000000000000000e+00,0.000000000000000e+00,0.000000000000000e+00,6.483074999999837e-03,9.250000000022296e-04,4.319999999999926e-02,3.050000000207366e-04,nan
3.700000000000000e+01,1.637545063243017e-01,-8.790098450734671e-01,-1.323456571562470e-01,4.277975934414370e-01,8.887401688543783e-02,-2.736564822068105e-01,1.087226408879942e-01,0.000000000000000e+00,0.000000000000000e+00,0.000000000000000e+00,6.483074999999843e-03,9.250000000021047e-04,4.319999999999932e-02,3.050000000206325e-04,nan
3.725000000000000e+01,1.629720572595502e-01,-8.636559185762018e-01,-1.214860602110518e-01,4.612805003848347e-01,8.558692200480179e-02,-2.756602180724358e-01,1.046971068718426e-01,0.000000000000000e+00,0.000000000000000e+00,0.000000000000000e+00,6.483074999999856e-03,9.250000000019798e-04,4.319999999999931e-02,3.050000000205597e-04,nan
3.750000000000000e+01,1.617992586689829e-01,-8.469244360769420e-01,-1.111012811396134e-01,4.941624275469131e-01,8.239971607745400e-02,-2.775179057278254e-01,1.007937338898563e-01,0.000000000000000e+00,0.000000000000000e+00,0.000000000000000e+00,6.483074999999859e-03,9.250000000018410e-04,4.319999999999937e-02,3.050000000204972e-04,nan
3.775000000000000e+01,1.602691688997439e-01,-8.288492708893632e-01,-1.011899847183258e-01,5.263869932274746e-01,7.931187396954743e-02,-2.792393113077086e-01,9.701187528398059e-02,0.000000000000000e+00,0.000000000000000e+00,0.000000000000000e+00,6.483074999999869e-03,9.250000000017126e-04,4.319999999999936e-02,3.050000000204590e-04,nan
3.800000000000000e+01,1.584134922479955e-01,-8.094658606036310e-01,-9.174911750427578e-02,5.578998883565079e-01,7.632254004227823e-02,-2.808336781964727e-01,9.335047968727073e-02,0.000000000000000e+00,0.000000000000000e+00,0.000000000000000e+00,6.483074999999874e-03,9.250000000015773e-04,4.319999999999941e-02,3.050000000204105e-04,nan
3.825000000000000e+01,1.562625500016214e-01,-7.888111208998762e-01,-8.277408154566489e-02,5.886488617469189e-01,7.343057289680965e-02,-2.823097348750502e-01,8.980814578379193e-02,0.000000000000000e+00,0.000000000000000e+00,0.000000000000000e+00,6.483074999999884e-03,9.250000000014455e-04,4.319999999999941e-02,3.050000000204018e-04,nan
3.850000000000000e+01,1.538452637365066e-01,-7.669233662117315e-01,-7.425889811214027e-02,6.185837059246566e-01,7.063458624104219e-02,-2.836757063389470e-01,8.638317232142768e-02,0.000000000000000e+00,0.000000000000000e+00,0.000000000000000e+00,6.483074999999895e-03,9.250000000013171e-04,4.319999999999950e-02,3.050000000204018e-04,nan
3.875000000000000e+01,1.511891493237132e-01,-7.438422362447806e-01,-6.619636144072331e-02,6.476562440347079e-01,6.793298602630878e-02,-2.849393283454196e-01,8.307360355883063e-02,0.000000000000000e+00,0.000000000000000e+00,0.000000000000000e+00,6.483074999999899e-03,9.250000000011957e-04,4.319999999999949e-02,3.050000000204035e-04,nan
3.900000000000000e+01,1.483203202349555e-01,-7.196086274269723e-01,-5.857818261168023e-02,6.758203181763492e-01,6.532400403341608e-02,-2.861078638425045e-01,7.987727036610984e-02,0.000000000000000e+00,0.000000000000000e+00,0.000000000000000e+00,6.483074999999898e-03,9.250000000010777e-04,4.319999999999950e-02,3.050000000204226e-04,nan
3.925000000000000e+01,1.452634988610522e-01,-6.942646284443986e-01,-5.139512376221635e-02,7.030317793976832e-01,6.280572810865764e-02,-2.871881210204505e-01,7.679182722480302e-02,0.000000000000000e+00,0.000000000000000e+00,0.000000000000000e+00,6.483074999999904e-03,9.250000000009598e-04,4.319999999999952e-02,3.050000000204382e-04,nan
3.950000000000000e+01,1.420420346804867e-01,-6.678534590937817e-01,-4.463712291787316e-02,7.292484794759003e-01,6.037612926330923e-02,-2.881864725065373e-01,7.381478538845213e-02,0.000000000000000e+00,0.000000000000000e+00,0.000000000000000e+00,6.483074999999909e-03,9.250000000008661e-04,4.319999999999952e-02,3.050000000204799e-04,nan
3.975000000000000e+01,1.386779282314171e-01,-6.404194117605571e-01,-3.829340977523782e-02,7.544302645238258e-01,5.803308585627256e-02,-2.891088752970665e-01,7.094354247263381e-02,0.000000000000000e+00,0.000000000000000e+00,0.000000000000000e+00,6.483074999999916e-03,9.250000000007794e-04,4.319999999999956e-02,3.050000000205336e-04,nan
4.000000000000000e+01,1.351918599495562e-01,-6.120077949070566e-01,-3.235261280799073e-02,7.785389703931834e-01,5.577440508035567e-02,-2.899608910855326e-01,6.817540874430242e-02,0.000000000000000e+00,0.000000000000000e+00,0.000000000000000e+00,6.483074999999918e-03,9.250000000006961e-04,4.319999999999959e-02,3.050000000205857e-04,nan
4.025000000000000e+01,1.316032230357351e-01,-5.826648780279048e-01,-2.680285809402602e-02,8.015384197886741e-01,5.359784196936123e-02,-2.907477067038842e-01,6.550763037624310e-02,0.000000000000000e+00,0.000000000000000e+00,0.000000000000000e+00,6.483074999999924e-03,9.250000000006267e-04,4.319999999999957e-02,3.050000000206499e-04,nan
4.050000000000000e+01,1.279301596104856e-01,-5.524378375985500e-01,-2.163186027668368e-02,8.233944209626660e-01,5.150111613670892e-02,-2.914741544447406e-01,6.293740992454214e-02,0.000000000000000e+00,0.000000000000000e+00,0.000000000000000e+00,6.483074999999934e-03,9.250000000005608e-04,4.319999999999964e-02,3.050000000207193e-04,nan
4.075000000000000e+01,1.241895994986297e-01,-5.213747036073686e-01,-1.682700608001216e-02,8.440747678263354e-01,4.948192644758992e-02,-2.921447320769213e-01,6.046192427629866e-02,0.000000000000000e+00,0.000000000000000e+00,0.000000000000000e+00,6.483074999999939e-03,9.250000000004949e-04,4.319999999999964e-02,3.050000000207852e-04,nan
4.100000000000000e+01,1.203973010648406e-01,-4.895243063217166e-01,-1.237543079814898e-02,8.635492412880140e-01,4.753796381633646e-02,-2.927636224051930e-01,5.807834030217521e-02,0.000000000000000e+00,0.000000000000000e+00,0.000000000000000e+00,6.483074999999942e-03,9.250000000004394e-04,4.319999999999967e-02,3.050000000208546e-04,nan
4.125000000000000e+01,1.165678935917681e-01,-4.569362229935438e-01,-8.264088173808795e-03,8.817896116118790e-01,4.566692230935323e-02,-2.933347122582747e-01,5.578382843450908e-02,0.000000000000000e+00,0.000000000000000e+00,0.000000000000000e+00,6.483074999999942e-03,9.250000000003908e-04,4.319999999999966e-02,3.050000000209257e-04,nan
4.150000000000000e+01,1.127149207559815e-01,-4.236607242607315e-01,-4.479814071728532e-03,8.987696415788242e-01,4.386650872205440e-02,-2.938616108174330e-01,5.357557437713609e-02,0.000000000000000e+00,0.000000000000000e+00,0.000000000000000e+00,6.483074999999948e-03,9.250000000003492e-04,4.319999999999968e-02,3.050000000209985e-04,nan
4.175000000000000e+01,1.088508848141539e-01,-3.897487200462883e-01,-1.009384340752951e-03,9.144650902252686e-01,4.213445078613606e-02,-2.943476672219423e-01,5.145078913825058e-02,0.000000000000000e+00,0.000000000000000e+00,0.000000000000000e+00,6.483074999999948e-03,9.250000000003266e-04,4.319999999999968e-02,3.050000000210714e-04,nan
4.200000000000000e+01,1.049872911630458e-01,-3.552517047990849e-01,2.160432756107872e-03,9.288537169338863e-01,4.046850415146692e-02,-2.947959874078134e-01,4.940671756287920e-02,0.000000000000000e+00,0.000000000000000e+00,0.000000000000000e+00,6.483074999999946e-03,9.250000000002988e-04,4.319999999999966e-02,3.050000000211451e-04,nan
4.225000000000000e+01,1.011346929824524e-01,-3.202217019571955e-01,5.042829180167184e-03,9.419152856519751e-01,3.886645827510671e-02,-2.952094501529407e-01,4.744064552713464e-02,0.000000000000000e+00,0.000000000000000e+00,0.000000000000000e+00,6.483074999999948e-03,9.250000000002832e-04,4.319999999999967e-02,3.050000000212145e-04,nan
4.250000000000000e+01,9.730273571083298e-02,-2.847112075483402e-01,7.650914477406739e-03,9.536315690177278e-01,3.732614133861573e-02,-2.955907223156488e-01,4.554990594252802e-02,0.000000000000000e+00,0.000000000000000e+00,0.000000000000000e+00,6.483074999999949e-03,9.250000000002746e-04,4.319999999999970e-02,3.050000000212848e-04,nan
4.275000000000000e+01,9.350020113930767e-02,-2.487731328717017e-01,9.997677531279690e-03,9.639863521814447e-01,3.584542430400913e-02,-2.959422732648999e-01,4.373188370538486e-02,0.000000000000000e+00,0.000000000000000e+00,0.000000000000000e+00,6.483074999999946e-03,9.250000000002676e-04,4.319999999999967e-02,3.050000000213524e-04,nan
4.300000000000000e+01,8.973505094154006e-02,-2.124607462317721e-01,1.209595239601147e-02,9.729654361172299e-01,3.442222420850195e-02,-2.962663885095180e-01,4.198401971391716e-02,0.000000000000000e+00,0.000000000000000e+00,0.000000000000000e+00,6.483074999999941e-03,9.250000000002676e-04,4.319999999999966e-02,3.050000000214183e-04,nan
4.325000000000000e+01,8.601446948513292e-02,-1.758276137181550e-01,1.395838791575526e-02,9.805566402305192e-01,3.305450678863441e-02,-2.965651825410118e-01,4.030381406380323e-02,0.000000000000000e+00,0.000000000000000e+00,0.000000000000000e+00,6.483074999999943e-03,9.250000000002711e-04,4.319999999999968e-02,3.050000000214804e-04,nan
4.350000000000000e+01,8.234490579494577e-02,-1.389275390456697e-01,1.559742085194563e-02,9.867498040775600e-01,3.174028851547256e-02,-2.968406109102092e-01,3.868882852224206e-02,0.000000000000000e+00,0.000000000000000e+00,0.000000000000000e+00,6.483074999999947e-03,9.250000000002815e-04,4.319999999999967e-02,3.050000000215389e-04,nan
4.375000000000000e+01,7.873211456054802e-02,-1.018145024869349e-01,1.702525225769913e-02,9.915367880243902e-01,3.047763811435585e-02,-2.970944815622069e-01,3.713668837037998e-02,0.000000000000000e+00,0.000000000000000e+00,0.000000000000000e+00,6.483074999999950e-03,9.250000000002954e-04,4.319999999999966e-02,3.050000000215953e-04,nan
4.400000000000000e+01,7.518119609918274e-02,-6.454259894508929e-02,1.825382685402416e-02,9.949114726847275e-01,2.926467763509293e-02,-2.973284654572924e-01,3.564508369474184e-02,0.000000000000000e+00,0.000000000000000e+00,0.000000000000000e+00,6.483074999999960e-03,9.250000000003179e-04,4.319999999999973e-02,3.050000000216465e-04,nan
4.425000000000000e+01,7.169663520242615e-02,-2.716597522766817e-02,1.929481517785114e-02,9.968697569882601e-01,2.809958313157259e-02,-2.975441065077152e-01,3.421177019980948e-02,0.000000000000000e+00,0.000000000000000e+00,0.000000000000000e+00,6.483074999999962e-03,9.250000000003387e-04,4.319999999999972e-02,3.050000000216955e-04,nan
4.450000000000000e+01,6.828233880945840e-02,1.026123340589635e-02,2.015959828643115e-02,9.974095547430002e-01,2.698058500342789e-02,-2.977428308616224e-01,3.283456960614275e-02,0.000000000000000e+00,0.000000000000000e+00,0.000000000000000e+00,6.483074999999968e-03,9.250000000003734e-04,4.319999999999973e-02,3.050000000217425e-04,nan
4.475000000000000e+01,6.494167246274986e-02,4.768496734094931e-02,2.085925481645290e-02,9.965307895674553e-01,2.590596804663668e-02,-2.979259555662636e-01,3.151136969139286e-02,0.000000000000000e+00,0.000000000000000e+00,0.000000000000000e+00,6.483074999999961e-03,9.250000000003995e-04,4.319999999999973e-02,3.050000000217839e-04,nan
4.500000000000000e+01,6.167749551323167e-02,8.505130725806376e-02,2.140455020928730e-02,9.942353880803317e-01,2.487407125472450e-02,-2.980946966428591e-01,3.024012402517124e-02,0.000000000000000e+00,0.000000000000000e+00,0.000000000000000e+00,6.483074999999955e-03,9.250000000004255e-04,4.319999999999969e-02,3.050000000218223e-04,nan
4.525000000000000e+01,5.849219505184924e-02,1.223065392400502e-01,2.180592792609336e-02,9.905272712471982e-01,2.388328740752009e-02,-2.982501766053720e-01,2.901885144296258e-02,0.000000000000000e+00,0.000000000000000e+00,0.000000000000000e+00,6.483074999999950e-03,9.250000000004550e-04,4.319999999999967e-02,3.050000000218585e-04,nan
4.550000000000000e+01,5.538771855296619e-02,1.593972202327140e-01,2.207350248812238e-02,9.854123437949659e-01,2.293206248016248e-02,-2.983934314549621e-01,2.784563529906683e-02,0.000000000000000e+00,0.000000000000000e+00,0.000000000000000e+00,6.483074999999951e-03,9.250000000004879e-04,4.319999999999968e-02,3.050000000218882e-04,nan
4.575000000000000e+01,5.236560522254149e-02,1.962702437520527e-01,2.221705418846552e-02,9.788984816161346e-01,2.201889490123442e-02,-2.985254171811644e-01,2.671862253387186e-02,0.000000000000000e+00,0.000000000000000e+00,0.000000000000000e+00,6.483074999999959e-03,9.250000000005226e-04,4.319999999999971e-02,3.050000000219146e-04,nan
4.600000000000000e+01,4.942701605048144e-02,2.328729057270640e-01,2.224602533172863e-02,9.709955170954805e-01,2.114233468546566e-02,-2.986470157999050e-01,2.563602258655718e-02,0.000000000000000e+00,0.000000000000000e+00,0.000000000000000e+00,6.483074999999954e-03,9.250000000005547e-04,4.319999999999967e-02,3.050000000219383e-04,nan
4.625000000000000e+01,4.657276257218338e-02,2.691529703646826e-01,2.216951786772020e-02,9.617152223022033e-01,2.030098246337618e-02,-2.987590409573982e-01,2.459610618056542e-02,0.000000000000000e+00,0.000000000000000e+00,0.000000000000000e+00,6.483074999999957e-03,9.250000000005911e-04,4.319999999999969e-02,3.050000000219565e-04,nan
4.650000000000000e+01,4.380333434914914e-02,3.050587359214784e-01,2.199629229423655e-02,9.510712900004883e-01,1.949348842748214e-02,-2.988622431277810e-01,2.359720400581420e-02,0.000000000000000e+00,0.000000000000000e+00,0.000000000000000e+00,6.483074999999961e-03,9.250000000006276e-04,4.319999999999970e-02,3.050000000219724e-04,nan
4.675000000000000e+01,4.111892518273885e-02,3.405391002655598e-01,2.173476771245611e-02,9.390793124409806e-01,1.871855121223659e-02,-2.989573144311037e-01,2.263770531861873e-02,0.000000000000000e+00,0.000000000000000e+00,0.000000000000000e+00,6.483074999999961e-03,9.250000000006631e-04,4.319999999999970e-02,3.050000000219847e-04,nan
4.700000000000000e+01,3.851945807874284e-02,3.755436261115360e-01,2.139302292634718e-02,9.257567579047921e-01,1.797491672269319e-02,-2.990448930969982e-01,2.171605647762141e-02,0.000000000000000e+00,0.000000000000000e+00,0.000000000000000e+00,6.483074999999961e-03,9.250000000006978e-04,4.319999999999970e-02,3.050000000219951e-04,nan
4.725000000000000e+01,3.600460898354001e-02,4.100226058113474e-01,2.097879848488292e-02,9.111229449803938e-01,1.726137692494021e-02,-2.991255675980439e-01,2.083075943164612e-02,0.000000000000000e+00,0.000000000000000e+00,0.000000000000000e+00,6.483074999999961e-03,9.250000000007317e-04,4.319999999999971e-02,3.050000000220010e-04,nan
4.750000000000000e+01,3.357382931524709e-02,4.439271255842182e-01,2.049949957277634e-02,8.951990145620751e-01,1.657676860962803e-02,-2.991998804755455e-01,1.998037017328293e-02,0.000000000000000e+00,0.000000000000000e+00,0.000000000000000e+00,6.483074999999968e-03,9.250000000007638e-04,4.319999999999972e-02,3.050000000220032e-04,nan
4.775000000000000e+01,3.122636731549683e-02,4.772091290698456e-01,1.996219966192882e-02,8.780078995665896e-01,1.591997213838559e-02,-2.992683318791463e-01,1.916349717013676e-02,0.000000000000000e+00,0.000000000000000e+00,0.000000000000000e+00,6.483074999999968e-03,9.250000000007932e-04,4.319999999999973e-02,3.050000000220047e-04,nan
4.800000000000000e+01,2.896128824936479e-02,5.098214800901887e-01,1.937364484185488e-02,8.595742923721768e-01,1.528991018156868e-02,-2.993313828404425e-01,1.837879978401542e-02,0.000000000000000e+00,0.000000000000000e+00,0.000000000000000e+00,6.483074999999968e-03,9.250000000008227e-04,4.319999999999974e-02,3.050000000220045e-04,nan
4.825000000000000e+01,2.677749348253114e-02,5.417180245068089e-01,1.874025875303468e-02,8.399246099913389e-01,1.468554645458813e-02,-2.993894582995298e-01,1.762498668686774e-02,0.000000000000000e+00,0.000000000000000e+00,0.000000000000000e+00,6.483074999999969e-03,9.250000000008514e-04,4.319999999999973e-02,3.050000000220038e-04,nan
4.850000000000000e+01,2.467373846605596e-02,5.728536510626022e-01,1.806814805247743e-02,8.190869569955982e-01,1.410588445901119e-02,-2.994429499022392e-01,1.690081428098889e-02,0.000000000000000e+00,0.000000000000000e+00,0.000000000000000e+00,6.483074999999967e-03,9.250000000008782e-04,4.319999999999971e-02,3.050000000219997e-04,nan
4.875000000000000e+01,2.264864966019221e-02,6.031843510989184e-01,1.736310834577905e-02,7.970910862169515e-01,1.354996623370069e-02,-2.994922185846753e-01,1.620508512987037e-02,0.000000000000000e+00,0.000000000000000e+00,0.000000000000000e+00,6.483074999999963e-03,9.250000000009038e-04,4.319999999999973e-02,3.050000000219951e-04,nan
4.900000000000000e+01,2.070074042949091e-02,6.326672770414651e-01,1.663063052464877e-02,7.739683572569112e-01,1.301687112043923e-02,-2.995375969605846e-01,1.553664640506955e-02,0.000000000000000e+00,0.000000000000000e+00,0.000000000000000e+00,6.483074999999964e-03,9.250000000009277e-04,4.319999999999972e-02,3.050000000219863e-04,nan
4.925000000000000e+01,1.882842594208979e-02,6.612607995510046e-01,1.587590745328172e-02,7.497516928398658e-01,1.250571454776862e-02,-2.995793915260500e-01,1.489438835359234e-02,0.000000000000000e+00,0.000000000000000e+00,0.000000000000000e+00,6.483074999999966e-03,9.250000000009502e-04,4.319999999999972e-02,3.050000000219769e-04,nan
4.950000000000000e+01,1.703003710654368e-02,6.889245632376590e-01,1.510384095108907e-02,7.244755330530319e-01,1.201564683614578e-02,-2.996178846950217e-01,1.427724278951017e-02,0.000000000000000e+00,0.000000000000000e+00,0.000000000000000e+00,6.483074999999960e-03,9.250000000009715e-04,4.319999999999968e-02,3.050000000219673e-04,nan
4.975000000000000e+01,1.530383357987011e-02,7.156195408406181e-01,1.431904902317971e-02,6.981757875205173e-01,1.154585202696637e-02,-2.996533366782682e-01,1.368418161285623e-02,0.000000000000000e+00,0.000000000000000e+00,0.000000000000000e+00,6.483074999999968e-03,9.250000000009910e-04,4.319999999999974e-02,3.050000000219548e-04,nan
5.000000000000000e+01,1.364801588066322e-02,7.413080857781710e-01,1.352587329363613e-02,6.708897855639699e-01,1.109554673752718e-02,-2.996859872174524e-01,1.311421535825446e-02,0.000000000000000e+00,0.000000000000000e+00,0.000000000000000e+00,6.483074999999972e-03,9.250000000010097e-04,4.319999999999972e-02,3.050000000219443e-04,nan
5.025000000000000e+01,1.206073664119102e-02,7.659539829762643e-01,1.272838660005654e-02,6.426562244069750e-01,1.066397904358015e-02,-2.997160571852184e-01,1.256639177521978e-02,0.000000000000000e+00,0.000000000000000e+00,0.000000000000000e+00,6.483074999999974e-03,9.250000000010255e-04,4.319999999999975e-02,3.050000000219315e-04,nan
5.050000000000000e+01,1.054011103234381e-02,7.895224978871728e-01,1.193040071105837e-02,6.135151154847766e-01,1.025042739076721e-02,-2.997437500613914e-01,1.203979444161946e-02,0.000000000000000e+00,0.000000000000000e+00,0.000000000000000e+00,6.483074999999974e-03,9.250000000010400e-04,4.319999999999972e-02,3.050000000219184e-04,nan
5.075000000000000e+01,9.084226395162707e-03,8.119804236133875e-01,1.113547413147017e-02,5.835077289250699e-01,9.854199535910109e-03,-2.997692532946736e-01,1.153354141139596e-02,0.000000000000000e+00,0.000000000000000e+00,0.000000000000000e+00,6.483074999999973e-03,9.250000000010526e-04,4.319999999999975e-02,3.050000000219032e-04,nan
5.100000000000000e+01,7.691151112451760e-03,8.332961260554248e-01,1.034691996278916e-02,5.526765362695172e-01,9.474631518857371e-03,-2.997927395585351e-01,1.104678389731494e-02,0.000000000000000e+00,0.000000000000000e+00,0.000000000000000e+00,6.483074999999971e-03,9.250000000010630e-04,4.319999999999974e-02,3.050000000218896e-04,nan
5.125000000000000e+01,6.358942753679567e-03,8.534395870059681e-01,9.567813789162653e-03,5.210651515093234e-01,9.111086665355723e-03,-2.998143679093643e-01,1.057870498921083e-02,0.000000000000000e+00,0.000000000000000e+00,0.000000000000000e+00,6.483074999999970e-03,9.250000000010723e-04,4.319999999999974e-02,3.050000000218748e-04,nan
5.150000000000000e+01,5.085655526010921e-03,8.723824451165260e-01,8.801001561672982e-03,4.887182705116456e-01,8.762954621212557e-03,-2.998342848543486e-01,1.012851840795187e-02,0.000000000000000e+00,0.000000000000000e+00,0.000000000000000e+00,6.483074999999961e-03,9.250000000010803e-04,4.319999999999973e-02,3.050000000218611e-04,nan
5.175000000000000e+01,3.869347063886904e-03,8.900980346666482e-01,8.049107456076308e-03,4.556816089168296e-01,8.429650417843805e-03,-2.998526253360034e-01,9.695467295132265e-03,0.000000000000000e+00,0.000000000000000e+00,0.000000000000000e+00,6.483074999999960e-03,9.250000000010879e-04,4.319999999999972e-02,3.050000000218469e-04,nan
5.200000000000000e+01,2.708084589097803e-03,9.065614220696573e-01,7.314541681375435e-03,4.220018385894670e-01,8.110613569155878e-03,-2.998695136397495e-01,9.278823038315389e-03,0.000000000000000e+00,0.000000000000000e+00,0.000000000000000e+00,6.483074999999957e-03,9.250000000010941e-04,4.319999999999968e-02,3.050000000218317e-04,nan
5.225000000000000e+01,1.599950472774474e-03,9.217494400528314e-01,6.599508218702149e-03,3.877265227090453e-01,7.805307199586758e-03,-2.998850642304636e-01,8.877884131496304e-03,0.000000000000000e+00,0.000000000000000e+00,0.000000000000000e+00,6.483074999999955e-03,9.250000000010986e-04,4.319999999999968e-02,3.050000000218172e-04,nan
5.250000000000000e+01,5.430472301659842e-04,9.356407194539975e-01,5.906012471954505e-03,3.529040495885433e-01,7.513217203027875e-03,-2.998993825234783e-01,8.491975070320516e-03,0.000000000000000e+00,0.000000000000000e+00,0.000000000000000e+00,6.483074999999959e-03,9.250000000011014e-04,4.319999999999970e-02,3.050000000218028e-04,nan
5.275000000000000e+01,-4.644980215202710e-04,9.482157185805705e-01,5.235868813484854e-03,3.175835653116957e-01,7.233851432262436e-03,-2.999125655950915e-01,8.120445281485020e-03,0.000000000000000e+00,0.000000000000000e+00,0.000000000000000e+00,6.483074999999961e-03,9.250000000011034e-04,4.319999999999968e-02,3.050000000217893e-04,nan
5.300000000000000e+01,-1.424529612560638e-03,9.594567500811844e-01,4.590708009872234e-03,2.818149052818232e-01,6.966738918484944e-03,-2.999247028372674e-01,7.762668085655970e-03,0.000000000000000e+00,0.000000000000000e+00,0.000000000000000e+00,6.483074999999957e-03,9.250000000011042e-04,4.319999999999970e-02,3.050000000217762e-04,nan
5.325000000000000e+01,-2.338859848429608e-03,9.693480052842025e-01,3.971984514443976e-03,2.456485247770977e-01,6.711429120409256e-03,-2.999358765608467e-01,7.418039693161118e-03,0.000000000000000e+00,0.000000000000000e+00,0.000000000000000e+00,6.483074999999954e-03,9.250000000011040e-04,4.319999999999969e-02,3.050000000217635e-04,nan
5.350000000000000e+01,-3.209265987442918e-03,9.778755759615777e-01,3.380983614741906e-03,2.091354286089078e-01,6.467491202426622e-03,-2.999461625512585e-01,7.085978231653463e-03,0.000000000000000e+00,0.000000000000000e+00,0.000000000000000e+00,6.483074999999950e-03,9.250000000011033e-04,4.319999999999968e-02,3.050000000217513e-04,nan
5.375000000000000e+01,-4.037487640668952e-03,9.850274734807166e-01,2.818828424563518e-03,1.723270999815775e-01,6.234513341239437e-03,-2.999556305804176e-01,6.765922804892513e-03,0.000000000000000e+00,0.000000000000000e+00,0.000000000000000e+00,6.483074999999954e-03,9.250000000011018e-04,4.319999999999968e-02,3.050000000217398e-04,nan
5.400000000000000e+01,-4.825224567145047e-03,9.907936453112283e-01,2.286486711553307e-03,1.352754286531097e-01,6.012102060369575e-03,-2.999643448782063e-01,6.457332581750522e-03,0.000000000000000e+00,0.000000000000000e+00,0.000000000000000e+00,6.483074999999952e-03,9.250000000010994e-04,4.319999999999966e-02,3.050000000217284e-04,nan
5.425000000000000e+01,-5.574134838142810e-03,9.951659888576592e-01,1.784777552578796e-03,9.803263849785766e-02,5.799881591920830e-03,-2.999723645666814e-01,6.159685914520712e-03,0.000000000000000e+00,0.000000000000000e+00,0.000000000000000e+00,6.483074999999950e-03,9.250000000010965e-04,4.319999999999968e-02,3.050000000217182e-04,nan
5.450000000000000e+01,-6.285833344941879e-03,9.981383625935546e-01,1.314377810304345e-03,6.065121457307662e-02,5.597493264962376e-03,-2.999797440598952e-01,5.872479485582312e-03,0.000000000000000e+00,0.000000000000000e+00,0.000000000000000e+00,6.483074999999954e-03,9.250000000010927e-04,4.319999999999969e-02,3.050000000217080e-04,nan
5.475000000000000e+01,-6.961890625292138e-03,9.997065944764282e-01,8.758284254778915e-04,2.318382979218690e-02,5.404594919893250e-03,-2.999865334320035e-01,5.595227481461453e-03,0.000000000000000e+00,0.000000000000000e+00,0.000000000000000e+00,6.483074999999955e-03,9.250000000010888e-04,4.319999999999966e-02,3.050000000216988e-04,nan
5.500000000000000e+01,-7.603831984467615e-03,9.998684876274576e-01,4.695405204756688e-04,-1.431672869172123e-02,5.220860348145792e-03,-2.999927787561195e-01,5.327460793317176e-03,0.000000000000000e+00,0.000000000000000e+00,0.000000000000000e+00,6.483074999999955e-03,9.250000000010842e-04,4.319999999999968e-02,3.050000000216902e-04,nan
5.525000000000000e+01,-8.213136887539409e-03,9.986238232639603e-01,9.580131061154668e-05,-5.179763328807802e-02,5.045978756588266e-03,-2.999985224161815e-01,5.068726242876769e-03,0.000000000000000e+00,0.000000000000000e+00,0.000000000000000e+00,6.483074999999957e-03,9.250000000010795e-04,4.319999999999970e-02,3.050000000216820e-04,nan
5.550000000000000e+01,-8.791238600217667e-03,9.959743608769261e-01,-2.452201793851272e-04,-8.920608985229821e-02,4.879654255992675e-03,-3.000038033939231e-01,4.818585832843613e-03,0.000000000000000e+00,0.000000000000000e+00,0.000000000000000e+00,6.483074999999953e-03,9.250000000010745e-04,4.319999999999967e-02,3.050000000216744e-04,nan
5.575000000000000e+01,-9.339524056332227e-03,9.919238356500935e-01,-5.534675954827925e-04,-1.264894115459015e-01,4.721605372942758e-03,-3.000086575328737e-01,4.576616020803396e-03,0.000000000000000e+00,0.000000000000000e+00,0.000000000000000e+00,6.483074999999954e-03,9.250000000010688e-04,4.319999999999966e-02,3.050000000216674e-04,nan
5.600000000000000e+01,-9.859333930736666e-03,9.864779531212421e-01,-8.289919320323171e-04,-1.635950925686445e-01,4.571564584568705e-03,-3.000131177811569e-01,4.342407015659871e-03,0.000000000000000e+00,0.000000000000000e+00,0.000000000000000e+00,6.483074999999952e-03,9.250000000010631e-04,4.319999999999966e-02,3.050000000216622e-04,nan
5.625000000000000e+01,-1.035196289712914e-02,9.796443810905466e-01,-1.071946407277689e-03,-2.004708816581512e-01,4.429277875508894e-03,-3.000172144147239e-01,4.115562095639041e-03,0.000000000000000e+00,0.000000000000000e+00,0.000000000000000e+00,6.483074999999950e-03,9.250000000010567e-04,4.319999999999967e-02,3.050000000216567e-04,nan
5.650000000000000e+01,-1.081866005098522e-02,9.714327387849663e-01,-1.282581536272345e-03,-2.370648552528267e-01,4.294504316514610e-03,-3.000209752425191e-01,3.895696946910355e-03,0.000000000000000e+00,0.000000000000000e+00,0.000000000000000e+00,6.483074999999941e-03,9.250000000010505e-04,4.319999999999965e-02,3.050000000216519e-04,nan
5.675000000000000e+01,-1.126062947849052e-02,9.618545832917580e-01,-1.461240400152892e-03,-2.733254902142860e-01,4.167015664130905e-03,-3.000244257949620e-01,3.682439021884697e-03,0.000000000000000e+00,0.000000000000000e+00,0.000000000000000e+00,6.483074999999953e-03,9.250000000010448e-04,4.319999999999968e-02,3.050000000216482e-04,nan
5.700000000000000e+01,-1.167903095304484e-02,9.509233932782603e-01,-1.608354110138486e-03,-3.092017360061444e-01,4.046595980905266e-03,-3.000275894970096e-01,3.475426916261157e-03,0.000000000000000e+00,0.000000000000000e+00,0.000000000000000e+00,6.483074999999958e-03,9.250000000010387e-04,4.319999999999968e-02,3.050000000216447e-04,nan
5.725000000000000e+01,-1.207498074158226e-02,9.386545500191260e-01,-1.724437464081851e-03,-3.446430862267732e-01,3.933041275595298e-03,-3.000304878269748e-01,3.274309763907918e-03,0.000000000000000e+00,0.000000000000000e+00,0.000000000000000e+00,6.483074999999963e-03,9.250000000010323e-04,4.319999999999969e-02,3.050000000216412e-04,nan
5.750000000000000e+01,-1.244955250361413e-02,9.250653157561596e-01,-1.810084792894202e-03,-3.795996493945419e-01,3.826159162867050e-03,-3.000331404621620e-01,3.078746648676351e-03,0.000000000000000e+00,0.000000000000000e+00,0.000000000000000e+00,6.483074999999969e-03,9.250000000010261e-04,4.319999999999972e-02,3.050000000216393e-04,nan
5.775000000000000e+01,-1.280377826655193e-02,9.101748094198419e-01,-1.865965993698260e-03,-4.140222188851294e-01,3.725768541996738e-03,-3.000355654123083e-01,2.888406032261647e-03,0.000000000000000e+00,0.000000000000000e+00,0.000000000000000e+00,6.483074999999973e-03,9.250000000010202e-04,4.319999999999973e-02,3.050000000216368e-04,nan
5.800000000000000e+01,-1.313864946150579e-02,8.940039797455002e-01,-1.892822746128593e-03,-4.478623419216967e-01,3.631699294110288e-03,-3.000377791417309e-01,2.702965197237707e-03,0.000000000000000e+00,0.000000000000000e+00,0.000000000000000e+00,6.483074999999967e-03,9.250000000010140e-04,4.319999999999971e-02,3.050000000216348e-04,nan
5.825000000000000e+01,-1.345511800437989e-02,8.765755758208946e-01,-1.891464907794056e-03,-4.810723875200673e-01,3.543791997517173e-03,-3.000397966810031e-01,2.522109704408481e-03,0.000000000000000e+00,0.000000000000000e+00,0.000000000000000e+00,6.483074999999960e-03,9.250000000010076e-04,4.319999999999969e-02,3.050000000216331e-04,nan
5.850000000000000e+01,-1.375409740769936e-02,8.579141151057397e-01,-1.862767084540706e-03,-5.136056132925576e-01,3.461897660717481e-03,-3.000416317289150e-01,2.345532863632235e-03,0.000000000000000e+00,0.000000000000000e+00,0.000000000000000e+00,6.483074999999956e-03,9.250000000010012e-04,4.319999999999969e-02,3.050000000216318e-04,nan
5.875000000000000e+01,-1.403646390920363e-02,8.380458489673626e-01,-1.807665370802833e-03,-5.454162310157311e-01,3.385877472683716e-03,-3.000432967454081e-01,2.172935217289274e-03,0.000000000000000e+00,0.000000000000000e+00,0.000000000000000e+00,6.483074999999958e-03,9.250000000009952e-04,4.319999999999967e-02,3.050000000216311e-04,nan
5.900000000000000e+01,-1.430305760382858e-02,8.169987257803103e-01,-1.727154255002424e-03,-5.764594708691240e-01,3.315602570041696e-03,-3.000448030361121e-01,2.004024035577391e-03,0.000000000000000e+00,0.000000000000000e+00,0.000000000000000e+00,6.483074999999960e-03,9.250000000009895e-04,4.319999999999970e-02,3.050000000216303e-04,nan
5.925000000000000e+01,-1.455468356627452e-02,7.948023516412419e-01,-1.622283684651256e-03,-6.066916442538862e-01,3.250953820797749e-03,-3.000461608290547e-01,1.838512822832503e-03,0.000000000000000e+00,0.000000000000000e+00,0.000000000000000e+00,6.483074999999957e-03,9.250000000009833e-04,4.319999999999970e-02,3.050000000216292e-04,nan
5.950000000000000e+01,-1.479211295191909e-02,7.714879487539023e-01,-1.494156285522757e-03,-6.360702051023206e-01,3.191821624282386e-03,-3.000473793440658e-01,1.676120834084693e-03,0.000000000000000e+00,0.000000000000000e+00,0.000000000000000e+00,6.483074999999955e-03,9.250000000009773e-04,4.319999999999966e-02,3.050000000216289e-04,nan
5.975000000000000e+01,-1.501608406438384e-02,7.470883115423307e-01,-1.343924728990813e-03,-6.645538095914608e-01,3.138105727003535e-03,-3.000484668553420e-01,1.516572601071932e-03,0.000000000000000e+00,0.000000000000000e+00,0.000000000000000e+00,6.483074999999960e-03,9.250000000009725e-04,4.319999999999969e-02,3.050000000216302e-04,nan
6.000000000000000e+01,-1.522730337860093e-02,7.216377605537382e-01,-1.172789241377849e-03,-6.921023741761020e-01,3.089715054125372e-03,-3.000494307475983e-01,1.359597466945217e-03,0.000000000000000e+00,0.000000000000000e+00,0.000000000000000e+00,6.483074999999961e-03,9.250000000009671e-04,4.319999999999969e-02,3.050000000216309e-04,nan
6.025000000000000e+01,-1.542644650875237e-02,6.951720942156679e-01,-9.819952489129569e-04,-7.186771318591167e-01,3.046567556311654e-03,-3.000502775661855e-01,1.204929128909565e-03,0.000000000000000e+00,0.000000000000000e+00,0.000000000000000e+00,6.483074999999966e-03,9.250000000009621e-04,4.319999999999970e-02,3.050000000216317e-04,nan
6.050000000000000e+01,-1.561415911096918e-02,6.677285385151418e-01,-7.728311516708061e-04,-7.442406866193901e-01,3.008590071695263e-03,-3.000510130615129e-01,1.052305188055259e-03,0.000000000000000e+00,0.000000000000000e+00,0.000000000000000e+00,6.483074999999968e-03,9.250000000009572e-04,4.319999999999972e-02,3.050000000216333e-04,nan
6.075000000000000e+01,-1.579105771118237e-02,6.393456946704724e-01,-5.466262196418671e-04,-7.687570659203525e-01,2.975718202758421e-03,-3.000516422280774e-01,9.014667056428847e-04,0.000000000000000e+00,0.000000000000000e+00,0.000000000000000e+00,6.483074999999972e-03,9.250000000009534e-04,4.319999999999974e-02,3.050000000216358e-04,nan
6.100000000000000e+01,-1.595773044901234e-02,6.100634848693132e-01,-3.047486038725597e-04,-7.921917712248181e-01,2.947896207930675e-03,-3.000521693383625e-01,7.521577651140581e-04,0.000000000000000e+00,0.000000000000000e+00,0.000000000000000e+00,6.483074999999969e-03,9.250000000009499e-04,4.319999999999973e-02,3.050000000216387e-04,nan
6.125000000000000e+01,-1.611473772906856e-02,5.799230961492750e-01,-4.860345540873194e-05,-8.145118264446910e-01,2.925076907734365e-03,-3.000525979718391e-01,6.041250391071670e-04,0.000000000000000e+00,0.000000000000000e+00,0.000000000000000e+00,6.483074999999969e-03,9.250000000009459e-04,4.319999999999974e-02,3.050000000216412e-04,nan
6.150000000000000e+01,-1.626261277150915e-02,5.489669225001134e-01,2.203688554239527e-04,-8.356858242570385e-01,2.907221605329740e-03,-3.000529310392608e-01,4.571173607640899e-04,0.000000000000000e+00,0.000000000000000e+00,0.000000000000000e+00,6.483074999999969e-03,9.250000000009418e-04,4.319999999999970e-02,3.050000000216434e-04,nan
6.175000000000000e+01,-1.640186205417920e-02,5.172385052690237e-01,5.006944270649747e-04,-8.556839702210814e-01,2.894300021334339e-03,-3.000531708024226e-01,3.108852986195357e-04,0.000000000000000e+00,0.000000000000000e+00,0.000000000000000e+00,6.483074999999968e-03,9.250000000009381e-04,4.319999999999972e-02,3.050000000216461e-04,nan
6.200000000000000e+01,-1.653296563911049e-02,4.847824719530109e-01,7.908674299445660e-04,-8.744781246337798e-01,2.886290242813598e-03,-3.000533188895131e-01,1.651807343694403e-04,0.000000000000000e+00,0.000000000000000e+00,0.000000000000000e+00,6.483074999999974e-03,9.250000000009347e-04,4.319999999999973e-02,3.050000000216491e-04,nan
6.225000000000000e+01,-1.665637737662298e-02,4.516444734646134e-01,1.089351632936680e-03,-8.920418420649222e-01,2.883178686361936e-03,-3.000533763061672e-01,1.975644281874202e-05,0.000000000000000e+00,0.000000000000000e+00,0.000000000000000e+00,6.483074999999973e-03,9.250000000009304e-04,4.319999999999973e-02,3.050000000216516e-04,nan
6.250000000000000e+01,-1.677252498072180e-02,4.178711199594280e-01,1.394581861276884e-03,-9.083504085159299e-01,2.884960075215810e-03,-3.000533434422922e-01,-1.256343266882091e-04,0.000000000000000e+00,0.000000000000000e+00,0.000000000000000e+00,6.483074999999970e-03,9.250000000009267e-04,4.319999999999973e-02,3.050000000216544e-04,nan
6.275000000000000e+01,-1.688180996993371e-02,3.835099153159510e-01,1.704965394373937e-03,-9.233808761499749e-01,2.891637430362476e-03,-3.000532200747147e-01,-2.712382680493373e-04,0.000000000000000e+00,0.000000000000000e+00,0.000000000000000e+00,6.483074999999968e-03,9.250000000009238e-04,4.319999999999972e-02,3.050000000216581e-04,nan
6.300000000000000e+01,-1.698460746817467e-02,3.486091903601607e-01,2.018883312136332e-03,-9.371120955444751e-01,2.903222075630307e-03,-3.000530053656660e-01,-4.173024360922823e-04,0.000000000000000e+00,0.000000000000000e+00,0.000000000000000e+00,6.483074999999972e-03,9.250000000009218e-04,4.319999999999975e-02,3.050000000216619e-04,nan
6.325000000000000e+01,-1.708126586068751e-02,3.132180349290705e-01,2.334691798629553e-03,-9.495247454205569e-01,2.919733656768795e-03,-3.000526978570942e-01,-5.640746648611299e-04,0.000000000000000e+00,0.000000000000000e+00,0.000000000000000e+00,6.483074999999973e-03,9.250000000009179e-04,4.319999999999970e-02,3.050000000216652e-04,nan
6.350000000000000e+01,-1.717210630053578e-02,2.773862288691267e-01,2.650723412077102e-03,-9.606013598076781e-01,2.941200174548449e-03,-3.000522954607676e-01,-7.118039871967773e-04,0.000000000000000e+00,0.000000000000000e+00,0.000000000000000e+00,6.483074999999976e-03,9.250000000009158e-04,4.319999999999975e-02,3.050000000216692e-04,nan
6.375000000000000e+01,-1.725742206158831e-02,2.411641720668552e-01,2.965288330418818e-03,-9.703263526052531e-01,2.967658031933079e-03,-3.000517954441002e-01,-8.607410563070340e-04,0.000000000000000e+00,0.000000000000000e+00,0.000000000000000e+00,6.483074999999981e-03,9.250000000009136e-04,4.319999999999977e-02,3.050000000216735e-04,nan
6.400000000000000e+01,-1.733747773438189e-02,2.046028136105312e-01,3.276675581844448e-03,-9.786860395068459e-01,2.999152095399151e-03,-3.000511944116022e-01,-1.011138570025252e-03,0.000000000000000e+00,0.000000000000000e+00,0.000000000000000e+00,6.483074999999979e-03,9.250000000009121e-04,4.319999999999975e-02,3.050000000216775e-04,nan
6.425000000000000e+01,-1.741250826170446e-02,1.677535801828940e-01,3.583154269928910e-03,-9.856686572562483e-01,3.035735770499192e-03,-3.000504882818331e-01,-1.163251698459901e-03,0.000000000000000e+00,0.000000000000000e+00,0.000000000000000e+00,6.483074999999978e-03,9.250000000009080e-04,4.319999999999977e-02,3.050000000216816e-04,nan
6.450000000000000e+01,-1.748271781120414e-02,1.306683037860188e-01,3.882974803208723e-03,-9.912643802085780e-01,3.077471091788536e-03,-3.000496722596984e-01,-1.317338515742041e-03,0.000000000000000e+00,0.000000000000000e+00,0.000000000000000e+00,6.483074999999980e-03,9.250000000009064e-04,4.319999999999977e-02,3.050000000216863e-04,nan
6.475000000000000e+01,-1.754827848279775e-02,9.339914890041127e-02,4.174370139256822e-03,-9.954653341733752e-01,3.124428827257163e-03,-3.000487408039026e-01,-1.473660436583119e-03,0.000000000000000e+00,0.000000000000000e+00,0.000000000000000e+00,6.483074999999987e-03,9.250000000009049e-04,4.319999999999981e-02,3.050000000216914e-04,nan
6.500000000000000e+01,-1.760932884913129e-02,5.599853918119771e-02,4.455557053535387e-03,-9.982656075205626e-01,3.176688597430772e-03,-3.000476875893394e-01,-1.632482658361846e-03,0.000000000000000e+00,0.000000000000000e+00,0.000000000000000e+00,6.483074999999984e-03,9.250000000009032e-04,4.319999999999979e-02,3.050000000216963e-04,nan
6.525000000000000e+01,-1.766597232783216e-02,1.851908379493721e-02,4.724737443533587e-03,-9.996612595340474e-01,3.234339009327859e-03,-3.000465054641641e-01,-1.794074609466175e-03,0.000000000000000e+00,0.000000000000000e+00,0.000000000000000e+00,6.483074999999981e-03,9.250000000009025e-04,4.319999999999976e-02,3.050000000217015e-04,nan
6.550000000000000e+01,-1.771827538479360e-02,-1.898649649890321e-02,4.980099678928926e-03,-9.996503260016844e-01,3.297477805482182e-03,-3.000451864012550e-01,-1.958710404624470e-03,0.000000000000000e+00,0.000000000000000e+00,0.000000000000000e+00,6.483074999999980e-03,9.250000000009001e-04,4.319999999999977e-02,3.050000000217067e-04,nan
6.575000000000000e+01,-1.776626556824483e-02,-5.646544341741298e-02,5.219820008747167e-03,-9.982328220342738e-01,3.366212028262678e-03,-3.000437214437388e-01,-2.126669307968912e-03,0.000000000000000e+00,0.000000000000000e+00,0.000000000000000e+00,6.483074999999985e-03,9.250000000008999e-04,4.319999999999980e-02,3.050000000217125e-04,nan
6.600000000000000e+01,-1.780992937388885e-02,-9.386503527003255e-02,5.442064036736020e-03,-9.954107421102470e-01,3.440658199745763e-03,-3.000421006442077e-01,-2.298236204583917e-03,0.000000000000000e+00,0.000000000000000e+00,0.000000000000000e+00,6.483074999999978e-03,9.250000000008988e-04,4.319999999999975e-02,3.050000000217182e-04,nan
6.625000000000000e+01,-1.784920994193537e-02,-1.311326610160114e-01,5.644988276411724e-03,-9.911880573466711e-01,3.520942517417737e-03,-3.000403129972209e-01,-2.473702081302840e-03,0.000000000000000e+00,0.000000000000000e+00,0.000000000000000e+00,6.483074999999981e-03,9.250000000008991e-04,4.319999999999977e-02,3.050000000217244e-04,nan
6.650000000000000e+01,-1.788400458741923e-02,-1.682158941589550e-01,5.826741797484517e-03,-9.855707100011881e-01,3.607201066007964e-03,-3.000383463646281e-01,-2.653364517527531e-03,0.000000000000000e+00,0.000000000000000e+00,0.000000000000000e+00,6.483074999999979e-03,9.250000000008975e-04,4.319999999999977e-02,3.050000000217308e-04,nan
6.675000000000000e+01,-1.791416216577856e-02,-2.050625663741303e-01,5.985467975618167e-03,-9.785666052134963e-01,3.699580045776432e-03,-3.000361873932157e-01,-2.837528186857146e-03,0.000000000000000e+00,0.000000000000000e+00,0.000000000000000e+00,6.483074999999981e-03,9.250000000008982e-04,4.319999999999977e-02,3.050000000217371e-04,nan
6.700000000000000e+01,-1.793948027627188e-02,-2.416208407645980e-01,6.119306357729606e-03,-9.701855999989519e-01,3.798236017602244e-03,-3.000338214241138e-01,-3.026505370325261e-03,0.000000000000000e+00,0.000000000000000e+00,0.000000000000000e+00,6.483074999999983e-03,9.250000000008975e-04,4.319999999999978e-02,3.050000000217441e-04,nan
6.725000000000000e+01,-1.795970230644205e-02,-2.778392846427891e-01,6.226394655285907e-03,-9.604394895108406e-01,3.903336165242478e-03,-3.000312323933552e-01,-3.220616482057382e-03,0.000000000000000e+00,0.000000000000000e+00,0.000000000000000e+00,6.483074999999981e-03,9.250000000008986e-04,4.319999999999977e-02,3.050000000217510e-04,nan
6.750000000000000e+01,-1.797451432148856e-02,-3.136669417348399e-01,6.304870878306804e-03,-9.493419905918137e-01,4.015058575153699e-03,-3.000284027229113e-01,-3.420190608174520e-03,0.000000000000000e+00,0.000000000000000e+00,0.000000000000000e+00,6.483074999999984e-03,9.250000000009006e-04,4.319999999999978e-02,3.050000000217578e-04,nan
6.775000000000000e+01,-1.798354180309057e-02,-3.490534037058637e-01,6.352875623030174e-03,-9.369087226389164e-01,4.133592534291106e-03,-3.000253132014699e-01,-3.625566059782532e-03,0.000000000000000e+00,0.000000000000000e+00,0.000000000000000e+00,6.483074999999987e-03,9.250000000009034e-04,4.319999999999976e-02,3.050000000217644e-04,nan
6.800000000000000e+01,-1.798634624293214e-02,-3.839488809053319e-01,6.368554526444079e-03,-9.231571858105294e-01,4.259138846322725e-03,-3.000219428541506e-01,-3.837090940901126e-03,0.000000000000000e+00,0.000000000000000e+00,0.000000000000000e+00,6.483074999999992e-03,9.250000000009080e-04,4.319999999999979e-02,3.050000000217717e-04,nan
6.825000000000000e+01,-1.798242159692074e-02,-4.183042722329002e-01,6.350060901130760e-03,-9.081067366074135e-01,4.391910166718271e-03,-3.000182688002755e-01,-4.055123732200872e-03,0.000000000000000e+00,0.000000000000000e+00,0.000000000000000e+00,6.483074999999987e-03,9.250000000009103e-04,4.319999999999977e-02,3.050000000217792e-04,nan
6.850000000000000e+01,-1.797119060686236e-02,-4.520712340263259e-01,6.295558564103880e-03,-8.917785608638799e-01,4.532131357194128e-03,-3.000142660982392e-01,-4.280033891430989e-03,0.000000000000000e+00,0.000000000000000e+00,0.000000000000000e+00,6.483074999999989e-03,9.250000000009142e-04,4.319999999999979e-02,3.050000000217861e-04,nan
6.875000000000000e+01,-1.795200099716195e-02,-4.852022478745727e-01,6.203224873548120e-03,-8.741956441888897e-01,4.680039860017078e-03,-3.000099075764271e-01,-4.512202471434960e-03,0.000000000000000e+00,0.000000000000000e+00,0.000000000000000e+00,6.483074999999993e-03,9.250000000009190e-04,4.319999999999980e-02,3.050000000217933e-04,nan
6.900000000000000e+01,-1.792412155495954e-02,-5.176506872608182e-01,6.071253987588662e-03,-8.553827399006271e-01,4.835886092690134e-03,-3.000051636490466e-01,-4.752022756664999e-03,0.000000000000000e+00,0.000000000000000e+00,0.000000000000000e+00,6.483074999999989e-03,9.250000000009231e-04,4.319999999999978e-02,3.050000000218009e-04,nan
6.925000000000000e+01,-1.788673810299173e-02,-5.493708829418276e-01,5.897860359424723e-03,-8.353663345017758e-01,4.999933863563595e-03,-3.000000021156287e-01,-4.999900919119777e-03,0.000000000000000e+00,0.000000000000000e+00,0.000000000000000e+00,6.483074999999992e-03,9.250000000009281e-04,4.319999999999981e-02,3.050000000218087e-04,nan
6.950000000000000e+01,-1.783894937538609e-02,-5.803181869720679e-01,5.681282483353961e-03,-8.141746107463551e-01,5.172460808933231e-03,-2.999943879428488e-01,-5.256256694642421e-03,0.000000000000000e+00,0.000000000000000e+00,0.000000000000000e+00,6.483074999999987e-03,9.250000000009342e-04,4.319999999999979e-02,3.050000000218154e-04,nan
6.975000000000000e+01,-1.777976280755594e-02,-6.104490352829897e-01,5.419786906391026e-03,-7.918374083525379e-01,5.353758852205139e-03,-2.999882830272027e-01,-5.521524080527329e-03,0.000000000000000e+00,0.000000000000000e+00,0.000000000000000e+00,6.483074999999992e-03,9.250000000009418e-04,4.319999999999983e-02,3.050000000218221e-04,nan
7.000000000000000e+01,-1.770809025236491e-02,-6.397210087300983e-01,5.111672520341083e-03,-7.683861824193643e-01,5.544134685722837e-03,-2.999816459369373e-01,-5.796152055394408e-03,0.000000000000000e+00,0.000000000000000e+00,0.000000000000000e+00,6.483074999999994e-03,9.250000000009496e-04,4.319999999999983e-02,3.050000000218293e-04,nan
7.025000000000000e+01,-1.762274363577783e-02,-6.680928925227907e-01,4.755275149325210e-03,-7.438539596086942e-01,5.743910275866560e-03,-2.999744316315095e-01,-6.080605322297698e-03,0.000000000000000e+00,0.000000000000000e+00,0.000000000000000e+00,6.483074999999997e-03,9.250000000009589e-04,4.319999999999981e-02,3.050000000218353e-04,nan
7.050000000000000e+01,-1.752243056630794e-02,-6.955247339544116e-01,4.348972447866107e-03,-7.182752921570822e-01,5.953423392046854e-03,-2.999665911566843e-01,-6.375365076041336e-03,0.000000000000000e+00,0.000000000000000e+00,0.000000000000000e+00,6.483074999999988e-03,9.250000000009667e-04,4.319999999999979e-02,3.050000000218421e-04,nan
7.075000000000000e+01,-1.740574991371222e-02,-7.219778983526254e-01,3.891189124726579e-03,-6.916862097855234e-01,6.173028160224301e-03,-2.999580713132343e-01,-6.680929795679268e-03,0.000000000000000e+00,0.000000000000000e+00,0.000000000000000e+00,6.483074999999987e-03,9.250000000009760e-04,4.319999999999978e-02,3.050000000218479e-04,nan
7.100000000000000e+01,-1.727118737357816e-02,-7.474151231729729e-01,3.380402507746337e-03,-6.641241695781913e-01,6.403095641593925e-03,-2.999488142970181e-01,-6.997816063175143e-03,0.000000000000000e+00,0.000000000000000e+00,0.000000000000000e+00,6.483074999999988e-03,9.250000000009864e-04,4.319999999999979e-02,3.050000000218531e-04,nan
7.125000000000000e+01,-1.711711103568952e-02,-7.718005701613965e-01,2.815148464941316e-03,-6.356280039043714e-01,6.644014437076086e-03,-2.999387573080335e-01,-7.326559409194975e-03,0.000000000000000e+00,0.000000000000000e+00,0.000000000000000e+00,6.483074999999983e-03,9.250000000009986e-04,4.319999999999975e-02,3.050000000218574e-04,nan
7.150000000000000e+01,-1.694176697535557e-02,-7.950998755145809e-01,2.194027697110191e-03,-6.062378664607773e-01,6.896191318254918e-03,-2.999278321258361e-01,-7.667715186996686e-03,0.000000000000000e+00,0.000000000000000e+00,0.000000000000000e+00,6.483074999999991e-03,9.250000000010107e-04,4.319999999999980e-02,3.050000000218607e-04,nan
7.175000000000000e+01,-1.674327488824180e-02,-8.172801979701512e-01,1.515712417130976e-03,-5.759951765143140e-01,7.160051885399778e-03,-2.999159646484871e-01,-8.021859475366634e-03,0.000000000000000e+00,0.000000000000000e+00,0.000000000000000e+00,6.483074999999992e-03,9.250000000010233e-04,4.319999999999977e-02,3.050000000218629e-04,nan
7.200000000000000e+01,-1.651962379065035e-02,-8.383102647621082e-01,7.789534310222466e-04,-5.449425614281305e-01,7.436041253194223e-03,-2.999030743919686e-01,-8.389590011532874e-03,0.000000000000000e+00,0.000000000000000e+00,0.000000000000000e+00,6.483074999999988e-03,9.250000000010372e-04,4.319999999999978e-02,3.050000000218637e-04,nan
7.225000000000000e+01,-1.626866780866822e-02,-8.581604153803557e-01,-1.741236431587573e-05,-5.131237975564534e-01,7.724624764779636e-03,-2.998890739467326e-01,-8.771527154956880e-03,0.000000000000000e+00,0.000000000000000e+00,0.000000000000000e+00,6.483074999999985e-03,9.250000000010511e-04,4.319999999999978e-02,3.050000000218650e-04,nan
7.250000000000000e+01,-1.598812208113277e-02,-8.768026430767917e-01,-8.744540519813334e-04,-4.805837495962407e-01,8.026288734695871e-03,-2.998738683877836e-01,-9.168314882868893e-03,0.000000000000000e+00,0.000000000000000e+00,0.000000000000000e+00,6.483074999999985e-03,9.250000000010660e-04,4.319999999999978e-02,3.050000000218659e-04,nan
7.275000000000000e+01,-1.567555880295795e-02,-8.942106340641822e-01,-1.793138320147387e-03,-4.473683084860987e-01,8.341541221268137e-03,-2.998573546343875e-01,-9.580621818365212e-03,0.000000000000000e+00,0.000000000000000e+00,0.000000000000000e+00,6.483074999999986e-03,9.250000000010816e-04,4.319999999999977e-02,3.050000000218646e-04,nan
7.300000000000000e+01,-1.532840343702437e-02,-9.103598043579252e-01,-2.774320627258183e-03,-4.135243279452000e-01,8.670912828946345e-03,-2.998394207551786e-01,-1.000914229182735e-02,0.000000000000000e+00,0.000000000000000e+00,0.000000000000000e+00,6.483074999999987e-03,9.250000000010973e-04,4.319999999999979e-02,3.050000000218624e-04,nan
7.325000000000000e+01,-1.494393112456332e-02,-9.252273342148379e-01,-3.818735893679771e-03,-3.790995597470715e-01,9.014957541048980e-03,-2.998199452140872e-01,-1.045459743635097e-02,0.000000000000000e+00,0.000000000000000e+00,0.000000000000000e+00,6.483074999999985e-03,9.250000000011148e-04,4.319999999999977e-02,3.050000000218596e-04,nan
7.350000000000000e+01,-1.451926332576070e-02,-9.387922001272594e-01,-4.926988706639573e-03,-3.441425878251365e-01,9.374253583296582e-03,-2.997987960521312e-01,-1.091773631778510e-02,0.000000000000000e+00,0.000000000000000e+00,0.000000000000000e+00,6.483074999999986e-03,9.250000000011311e-04,4.319999999999977e-02,3.050000000218544e-04,nan
7.375000000000000e+01,-1.405136472417468e-02,-9.510352043350573e-01,-6.099543025869473e-03,-3.087027613087380e-01,9.749404318438213e-03,-2.997758299997110e-01,-1.139933709987690e-02,0.000000000000000e+00,0.000000000000000e+00,0.000000000000000e+00,6.483074999999987e-03,9.250000000011478e-04,4.319999999999976e-02,3.050000000218486e-04,nan
7.400000000000000e+01,-1.353704043050227e-02,-9.619390018225615e-01,-7.336711378043734e-03,-2.728301265900675e-01,1.014103917217571e-02,-2.997508915136108e-01,-1.190020824489170e-02,0.000000000000000e+00,0.000000000000000e+00,0.000000000000000e+00,6.483074999999986e-03,9.250000000011649e-04,4.319999999999978e-02,3.050000000218403e-04,nan
7.425000000000000e+01,-1.297293352324757e-02,-9.714881247720153e-01,-8.638643528880925e-03,-2.365753585239501e-01,1.054981459047290e-02,-2.997238117324370e-01,-1.242118974992913e-02,0.000000000000000e+00,0.000000000000000e+00,0.000000000000000e+00,6.483074999999986e-03,9.250000000011831e-04,4.319999999999977e-02,3.050000000218312e-04,nan
7.450000000000000e+01,-1.235552296594062e-02,-9.796690044498418e-01,-1.000531462266786e-02,-1.999896908637927e-01,1.097641502819729e-02,-2.996944073437196e-01,-1.296315441898068e-02,0.000000000000000e+00,0.000000000000000e+00,0.000000000000000e+00,6.483074999999983e-03,9.250000000011994e-04,4.319999999999977e-02,3.050000000218199e-04,nan
7.475000000000000e+01,-1.168112194273248e-02,-9.864699905068658e-01,-1.143651277997266e-02,-1.631248460381704e-01,1.142155396887744e-02,-2.996624793553619e-01,-1.352700917056841e-02,0.000000000000000e+00,0.000000000000000e+00,0.000000000000000e+00,6.483074999999981e-03,9.250000000012161e-04,4.319999999999976e-02,3.050000000218069e-04,nan
7.500000000000000e+01,-1.094587665645332e-02,-9.918813676786111e-01,-1.293182614545410e-02,-1.260329643735066e-01,1.188597497516601e-02,-2.996278117635380e-01,-1.411369638056414e-02,0.000000000000000e+00,0.000000000000000e+00,0.000000000000000e+00,6.483074999999986e-03,9.250000000012326e-04,4.319999999999979e-02,3.050000000217915e-04,nan
7.525000000000000e+01,-1.014576563556675e-02,-9.958953698769127e-01,-1.449062937895637e-02,-8.876653286907700e-02,1.237045276937411e-02,-2.995901701085149e-01,-1.472419525950903e-02,0.000000000000000e+00,0.000000000000000e+00,0.000000000000000e+00,6.483074999999981e-03,9.250000000012501e-04,4.319999999999975e-02,3.050000000217740e-04,nan
7.550000000000000e+01,-9.276599598890264e-03,-9.985061916693393e-01,-1.611206958451554e-02,-5.137831363112542e-02,1.287579434318051e-02,-2.995492999092117e-01,-1.535952326342973e-02,0.000000000000000e+00,0.000000000000000e+00,0.000000000000000e+00,6.483074999999981e-03,9.250000000012644e-04,4.319999999999976e-02,3.050000000217553e-04,nan
7.575000000000000e+01,-8.334021929479178e-03,-9.997099971483129e-01,-1.779505167350884e-02,-1.392127207321304e-02,1.340284009531662e-02,-2.995049249665860e-01,-1.602073753677227e-02,0.000000000000000e+00,0.000000000000000e+00,0.000000000000000e+00,6.483074999999985e-03,9.250000000012777e-04,4.319999999999976e-02,3.050000000217349e-04,nan
7.600000000000000e+01,-7.313509811694931e-03,-9.995049261973551e-01,-1.953822315996710e-02,2.355149500998757e-02,1.395246499567866e-02,-2.994567455251858e-01,-1.670893638564399e-02,0.000000000000000e+00,0.000000000000000e+00,0.000000000000000e+00,6.483074999999982e-03,9.250000000012892e-04,4.319999999999977e-02,3.050000000217119e-04,nan
7.625000000000000e+01,-6.210376088199230e-03,-9.978910981675509e-01,-2.133995838805912e-02,6.098683138840991e-02,1.452557977391517e-02,-2.994044362813881e-01,-1.742526077905655e-02,0.000000000000000e+00,0.000000000000000e+00,0.000000000000000e+00,6.483074999999986e-03,9.250000000013006e-04,4.319999999999977e-02,3.050000000216879e-04,nan
7.650000000000000e+01,-5.019771896437770e-03,-9.948706129831405e-01,-2.319834219396447e-02,9.833159325521884e-02,1.512313213007588e-02,-2.993476442259835e-01,-1.817089587529410e-02,0.000000000000000e+00,0.000000000000000e+00,0.000000000000000e+00,6.483074999999987e-03,9.250000000013113e-04,4.319999999999978e-02,3.050000000216614e-04,nan
7.675000000000000e+01,-3.736690147102771e-03,-9.904475497010918e-01,-2.511115300679716e-02,1.355327208924732e-01,1.574610796437750e-02,-2.992859863078536e-01,-1.894707256987846e-02,0.000000000000000e+00,0.000000000000000e+00,0.000000000000000e+00,6.483074999999982e-03,9.250000000013208e-04,4.319999999999975e-02,3.050000000216335e-04,nan
7.700000000000000e+01,-2.355969910096416e-03,-9.846279625555954e-01,-2.707584539595076e-02,1.725373100390016e-01,1.639553262253563e-02,-2.992190469045202e-01,-1.975506906085751e-02,0.000000000000000e+00,0.000000000000000e+00,0.000000000000000e+00,6.483074999999978e-03,9.250000000013284e-04,4.319999999999975e-02,3.050000000216031e-04,nan
7.725000000000000e+01,-8.723017766592856e-04,-9.774198745246355e-01,-2.908953207522954e-02,2.092926828570470e-01,1.707247215241969e-02,-2.991463750843227e-01,-2.059621242629320e-02,0.000000000000000e+00,0.000000000000000e+00,0.000000000000000e+00,6.483074999999974e-03,9.250000000013358e-04,4.319999999999974e-02,3.050000000215710e-04,nan
7.750000000000000e+01,7.197657304183526e-04,-9.688332684621445e-01,-3.114896537743968e-02,2.457464583959797e-01,1.777803456699912e-02,-2.990674816439097e-01,-2.147188020785708e-02,0.000000000000000e+00,0.000000000000000e+00,0.000000000000000e+00,6.483074999999975e-03,9.250000000013379e-04,4.319999999999977e-02,3.050000000215385e-04,nan
7.775000000000000e+01,2.425818623217080e-03,-9.588800758457114e-01,-3.325051821676844e-02,2.818466224535013e-01,1.851337110765175e-02,-2.989818359036067e-01,-2.238350199334023e-02,0.000000000000000e+00,0.000000000000000e+00,0.000000000000000e+00,6.483074999999975e-03,9.250000000013371e-04,4.319999999999977e-02,3.050000000215044e-04,nan
7.800000000000000e+01,4.251568712973166e-03,-9.475741631964174e-01,-3.539016456031491e-02,3.175415967373128e-01,1.927967750088621e-02,-2.988888622420495e-01,-2.333256098963522e-02,0.000000000000000e+00,0.000000000000000e+00,0.000000000000000e+00,6.483074999999971e-03,9.250000000013349e-04,4.319999999999972e-02,3.050000000214674e-04,nan
7.825000000000000e+01,6.202843589862986e-03,-9.349313162340569e-01,-3.756345943458946e-02,3.527803072332119e-01,2.007819520037523e-02,-2.987879363502579e-01,-2.432059557633040e-02,0.000000000000000e+00,0.000000000000000e+00,0.000000000000000e+00,6.483074999999966e-03,9.250000000013297e-04,4.319999999999968e-02,3.050000000214298e-04,nan
7.850000000000000e+01,8.285575232211012e-03,-9.209692218378135e-01,-3.976551849771499e-02,3.875122516890677e-01,2.091021260488842e-02,-2.986783811840716e-01,-2.534920082845438e-02,0.000000000000000e+00,0.000000000000000e+00,0.000000000000000e+00,6.483074999999965e-03,9.250000000013210e-04,4.319999999999968e-02,3.050000000213927e-04,nan
7.875000000000000e+01,1.050578715522280e-02,-9.057074478893298e-01,-4.199099721349036e-02,4.216875661281264e-01,2.177706624123529e-02,-2.985594625925856e-01,-2.642002999509632e-02,0.000000000000000e+00,0.000000000000000e+00,0.000000000000000e+00,6.483074999999971e-03,9.250000000013041e-04,4.319999999999973e-02,3.050000000213570e-04,nan
7.900000000000000e+01,1.286958000541480e-02,-8.891674210820630e-01,-4.423406966946496e-02,4.552570903096781e-01,2.268014189966029e-02,-2.984303845989238e-01,-2.753479591858360e-02,0.000000000000000e+00,0.000000000000000e+00,0.000000000000000e+00,6.483074999999970e-03,9.250000000012868e-04,4.319999999999973e-02,3.050000000213190e-04,nan
7.925000000000000e+01,1.538311550288449e-02,-8.713724027878024e-01,-4.648840708778938e-02,4.881724320603090e-01,2.362087570725217e-02,-2.982902843083782e-01,-2.869527237659525e-02,0.000000000000000e+00,0.000000000000000e+00,0.000000000000000e+00,6.483074999999969e-03,9.250000000012660e-04,4.319999999999973e-02,3.050000000212824e-04,nan
7.950000000000000e+01,1.805259862944632e-02,-8.523474630782183e-01,-4.874715608490893e-02,5.203860304048169e-01,2.460075512281465e-02,-2.981382264176481e-01,-2.990329532699857e-02,0.000000000000000e+00,0.000000000000000e+00,0.000000000000000e+00,6.483074999999970e-03,9.250000000012434e-04,4.319999999999970e-02,3.050000000212397e-04,nan
7.975000000000000e+01,2.088425795646858e-02,-8.321194530063004e-01,-5.100291674423652e-02,5.518512174324559e-01,2.562131983426972e-02,-2.979731972976516e-01,-3.116076403228685e-02,0.000000000000000e+00,0.000000000000000e+00,0.000000000000000e+00,6.483074999999969e-03,9.250000000012148e-04,4.319999999999975e-02,3.050000000212017e-04,nan
8.000000000000000e+01,2.388432400200104e-02,-8.107169752594392e-01,-5.324772057485386e-02,5.825222788415354e-01,2.668416253700133e-02,-2.977940986211809e-01,-3.246964203723381e-02,0.000000000000000e+00,0.000000000000000e+00,0.000000000000000e+00,6.483074999999966e-03,9.250000000011844e-04,4.319999999999970e-02,3.050000000211618e-04,nan
8.025000000000000e+01,2.705900550251188e-02,-7.881703533027097e-01,-5.547300843914128e-02,6.123545131136113e-01,2.779092956856543e-02,-2.975997405055666e-01,-3.383195796972913e-02,0.000000000000000e+00,0.000000000000000e+00,0.000000000000000e+00,6.483074999999958e-03,9.250000000011489e-04,4.319999999999971e-02,3.050000000211254e-04,nan
8.050000000000000e+01,3.041446348028787e-02,-7.645115991375154e-01,-5.766960854312381e-02,6.413042892776316e-01,2.894332137186166e-02,-2.973888341395424e-01,-3.524980613068086e-02,0.000000000000000e+00,0.000000000000000e+00,0.000000000000000e+00,6.483074999999959e-03,9.250000000011107e-04,4.319999999999970e-02,3.050000000210887e-04,nan
8.075000000000000e+01,3.395678298333926e-02,-7.397743798071134e-01,-5.982771459535528e-02,6.693291032345150e-01,3.014309275514793e-02,-2.971599838627115e-01,-3.672534683432312e-02,0.000000000000000e+00,0.000000000000000e+00,0.000000000000000e+00,6.483074999999956e-03,9.250000000010656e-04,4.319999999999970e-02,3.050000000210558e-04,nan
8.100000000000000e+01,3.769194237054418e-02,-7.139939827865370e-01,-6.193686425346513e-02,6.963876326238151e-01,3.139205291314777e-02,-2.969116786654684e-01,-3.826080645520937e-02,0.000000000000000e+00,0.000000000000000e+00,0.000000000000000e+00,6.483074999999953e-03,9.250000000010188e-04,4.319999999999968e-02,3.050000000210198e-04,nan
8.125000000000000e+01,4.162578001083903e-02,-6.872072803999915e-01,-6.398591799219602e-02,7.224397902264471e-01,3.269206516891413e-02,-2.966422830769880e-01,-3.985847713255586e-02,0.000000000000000e+00,0.000000000000000e+00,0.000000000000000e+00,6.483074999999954e-03,9.250000000009658e-04,4.319999999999970e-02,3.050000000209977e-04,nan
8.150000000000000e+01,4.576395826159353e-02,-6.594526934137532e-01,-6.596303854300610e-02,7.474467759110018e-01,3.404504639103664e-02,-2.963500274090497e-01,-4.152071607638547e-02,0.000000000000000e+00,0.000000000000000e+00,0.000000000000000e+00,6.483074999999951e-03,9.250000000009060e-04,4.319999999999966e-02,3.050000000209699e-04,nan
8.175000000000000e+01,5.011192458801257e-02,-6.307701539568509e-01,-6.785567107325687e-02,7.713711271460283e-01,3.545296603517340e-02,-2.960329973241105e-01,-4.324994441305916e-02,0.000000000000000e+00,0.000000000000000e+00,0.000000000000000e+00,6.483074999999948e-03,9.250000000008436e-04,4.319999999999968e-02,3.050000000209461e-04,nan
8.200000000000000e+01,5.467486968260724e-02,-6.012010679251121e-01,-6.965052429281821e-02,7.941767681169164e-01,3.691784475271991e-02,-2.956891226972872e-01,-4.504864550023006e-02,0.000000000000000e+00,0.000000000000000e+00,0.000000000000000e+00,6.483074999999941e-03,9.250000000007794e-04,4.319999999999964e-02,3.050000000209261e-04,nan
8.225000000000000e+01,5.945768244163584e-02,-5.707882770263846e-01,-7.133355269777567e-02,8.158290575037364e-01,3.844175250265985e-02,-2.953161657439024e-01,-4.691936263297097e-02,0.000000000000000e+00,0.000000000000000e+00,0.000000000000000e+00,6.483074999999939e-03,9.250000000007117e-04,4.319999999999966e-02,3.050000000209166e-04,nan
8.250000000000000e+01,6.446490165412029e-02,-5.395760206255840e-01,-7.288994018500894e-02,8.362948349956550e-01,4.002680609524867e-02,-2.949117083871278e-01,-4.886469605377477e-02,0.000000000000000e+00,0.000000000000000e+00,0.000000000000000e+00,6.483074999999940e-03,9.250000000006441e-04,4.319999999999963e-02,3.050000000209174e-04,nan
8.275000000000000e+01,6.970066425882419e-02,-5.076098975474385e-01,-7.430408529791543e-02,8.555424666384469e-01,4.167516608813529e-02,-2.944731388442247e-01,-5.088729916927828e-02,0.000000000000000e+00,0.000000000000000e+00,0.000000000000000e+00,6.483074999999937e-03,9.250000000005677e-04,4.319999999999965e-02,3.050000000209200e-04,nan
8.300000000000000e+01,7.516865002571003e-02,-4.749368279920743e-01,-7.555958839268065e-02,8.735418891341549e-01,4.338903294681705e-02,-2.939976374151224e-01,-5.298987386589782e-02,0.000000000000000e+00,0.000000000000000e+00,0.000000000000000e+00,6.483074999999932e-03,9.250000000004879e-04,4.319999999999963e-02,3.050000000209248e-04,nan
8.325000000000000e+01,8.087202252119711e-02,-4.416050157135196e-01,-7.663924104644401e-02,8.902646532362264e-01,4.517064237194407e-02,-2.934821614638388e-01,-5.517516480508399e-02,0.000000000000000e+00,0.000000000000000e+00,0.000000000000000e+00,6.483074999999927e-03,9.250000000004116e-04,4.319999999999963e-02,3.050000000209383e-04,nan
8.350000000000000e+01,8.681336622140681e-02,-4.076639106034080e-01,-7.752501806367224e-02,9.056839664094047e-01,4.702225968595657e-02,-2.929234295918102e-01,-5.744595256662299e-02,0.000000000000000e+00,0.000000000000000e+00,0.000000000000000e+00,6.483074999999925e-03,9.250000000003249e-04,4.319999999999957e-02,3.050000000209586e-04,nan
8.375000000000000e+01,9.299461964495617e-02,-3.731641718111416e-01,-7.819807247521021e-02,9.197747349513122e-01,4.894617316088651e-02,-2.923179050128457e-01,-5.980504549537143e-02,0.000000000000000e+00,0.000000000000000e+00,0.000000000000000e+00,6.483074999999922e-03,9.250000000002416e-04,4.319999999999961e-02,3.050000000209972e-04,nan
8.400000000000000e+01,9.941700438727415e-02,-3.381576315169842e-01,-7.863873396599584e-02,9.325136058019260e-01,5.094468615794542e-02,-2.916617781525245e-01,-6.225527009309205e-02,0.000000000000000e+00,0.000000000000000e+00,0.000000000000000e+00,6.483074999999922e-03,9.250000000001583e-04,4.319999999999960e-02,3.050000000210367e-04,nan
8.425000000000000e+01,1.060809499524823e-01,-3.026972594554002e-01,-7.882651121242445e-02,9.438790082979104e-01,5.302010793785054e-02,-2.909509485107651e-01,-6.479945978277203e-02,0.000000000000000e+00,0.000000000000000e+00,0.000000000000000e+00,6.483074999999915e-03,9.250000000000751e-04,4.319999999999958e-02,3.050000000210827e-04,nan
8.450000000000000e+01,1.129860142973125e-01,-2.668371282617526e-01,-7.874009865890987e-02,9.538511961608129e-01,5.517474298885041e-02,-2.901810058454629e-01,-6.744044185812854e-02,0.000000000000000e+00,0.000000000000000e+00,0.000000000000000e+00,6.483074999999915e-03,9.249999999999953e-04,4.319999999999955e-02,3.050000000211399e-04,nan
8.475000000000000e+01,1.201308000251433e-01,-2.306323796854720e-01,-7.835738831532404e-02,9.624122900411948e-01,5.741087870729103e-02,-2.893472107579475e-01,-7.018102241617069e-02,0.000000000000000e+00,0.000000000000000e+00,0.000000000000000e+00,6.483074999999909e-03,9.249999999999189e-04,4.319999999999954e-02,3.050000000212080e-04,nan
8.500000000000000e+01,1.275128661979551e-01,-1.941391916761905e-01,-7.765548721262379e-02,9.695463209744379e-01,5.973077125357185e-02,-2.884444747880724e-01,-7.302396905600801e-02,0.000000000000000e+00,0.000000000000000e+00,0.000000000000000e+00,6.483074999999906e-03,9.249999999998530e-04,4.319999999999954e-02,3.050000000212869e-04,nan
8.525000000000000e+01,1.351286357708842e-01,-1.574147463052197e-01,-7.661074121289782e-02,9.752392751377343e-01,6.213662939480962e-02,-2.874673401585110e-01,-7.597199111298193e-02,0.000000000000000e+00,0.000000000000000e+00,0.000000000000000e+00,6.483074999999901e-03,9.249999999997940e-04,4.319999999999952e-02,3.050000000213758e-04,nan
8.550000000000000e+01,1.429732986992778e-01,-1.205171984321728e-01,-7.519876593193446e-02,9.794791403309320e-01,6.463059613488516e-02,-2.864099593448604e-01,-7.902771718416701e-02,0.000000000000000e+00,0.000000000000000e+00,0.000000000000000e+00,6.483074999999896e-03,9.249999999997351e-04,4.319999999999950e-02,3.050000000214739e-04,nan
8.575000000000000e+01,1.510407108230293e-01,-8.350564496450859e-02,-7.339448559668840e-02,9.822559546356200e-01,6.721472792332496e-02,-2.852660746909744e-01,-8.219366969000171e-02,0.000000000000000e+00,0.000000000000000e+00,0.000000000000000e+00,6.483074999999891e-03,9.249999999997038e-04,4.319999999999950e-02,3.050000000215879e-04,nan
8.600000000000000e+01,1.593232886989435e-01,-4.644009448527187e-02,-7.117218072592658e-02,9.835618577359881e-01,6.989097122732711e-02,-2.840289983380953e-01,-8.547223620806359e-02,0.000000000000000e+00,0.000000000000000e+00,0.000000000000000e+00,6.483074999999883e-03,9.249999999996553e-04,4.319999999999946e-02,3.050000000217011e-04,nan
8.625000000000000e+01,1.678119006305218e-01,-9.381436940291097e-03,-6.850554558879865e-02,9.833911454102525e-01,7.266113624698062e-02,-2.826915927923296e-01,-8.886563730978939e-02,0.000000000000000e+00,0.000000000000000e+00,0.000000000000000e+00,6.483074999999879e-03,9.249999999996240e-04,4.319999999999946e-02,3.050000000218286e-04,nan
8.650000000000000e+01,1.764957542375157e-01,2.760858702042205e-02,-6.536775646168212e-02,9.817403277211508e-01,7.552686755331442e-02,-2.812462525182074e-01,-9.237589063043408e-02,0.000000000000000e+00,0.000000000000000e+00,0.000000000000000e+00,6.483074999999871e-03,9.249999999996102e-04,4.319999999999945e-02,3.050000000219596e-04,nan
8.675000000000000e+01,1.853622810166491e-01,6.446741756225668e-02,-6.173155176656490e-02,9.786081914462245e-01,7.848961143338919e-02,-2.796848870167999e-01,-9.600477090816503e-02,0.000000000000000e+00,0.000000000000000e+00,0.000000000000000e+00,6.483074999999861e-03,9.249999999996102e-04,4.319999999999938e-02,3.050000000220966e-04,nan
8.700000000000000e+01,1.943970184718217e-01,1.011317086858571e-01,-5.756932523211308e-02,9.739958672909574e-01,8.155057973755002e-02,-2.779989059252295e-01,-9.975376574153307e-02,0.000000000000000e+00,0.000000000000000e+00,0.000000000000000e+00,6.483074999999849e-03,9.249999999996171e-04,4.319999999999933e-02,3.050000000222380e-04,nan
8.725000000000000e+01,2.035834905386553e-01,1.375373635253292e-01,-5.285323326854455e-02,9.679069024176136e-01,8.471071004273271e-02,-2.761792067602818e-01,-1.036240268375431e-01,0.000000000000000e+00,0.000000000000000e+00,0.000000000000000e+00,6.483074999999835e-03,9.249999999996379e-04,4.319999999999932e-02,3.050000000223811e-04,nan
8.750000000000000e+01,2.129030871960948e-01,1.736195728565517e-01,-4.755531778593178e-02,9.603473387966250e-01,8.797062197411167e-02,-2.742161660217464e-01,-1.076163165572996e-01,0.000000000000000e+00,0.000000000000000e+00,0.000000000000000e+00,6.483074999999821e-03,9.249999999996830e-04,4.319999999999926e-02,3.050000000225251e-04,nan
8.775000000000000e+01,2.223349443483900e-01,2.093128579156084e-01,-4.164764570833392e-02,9.513257978420179e-01,9.133056956734439e-02,-2.720996344701704e-01,-1.117309496151218e-01,0.000000000000000e+00,0.000000000000000e+00,0.000000000000000e+00,6.483074999999816e-03,9.249999999997455e-04,4.319999999999925e-02,3.050000000226726e-04,nan
8.800000000000000e+01,2.318558252752827e-01,2.445511188093145e-01,-3.510246643813665e-02,9.408535717235651e-01,9.479038960734187e-02,-2.698189374974854e-01,-1.159677298527198e-01,0.000000000000000e+00,0.000000000000000e+00,0.000000000000000e+00,6.483074999999807e-03,9.249999999998357e-04,4.319999999999920e-02,3.050000000228183e-04,nan
8.825000000000000e+01,2.414400051872092e-01,2.792676899937596e-01,-2.789238850025371e-02,9.289447216516711e-01,9.834944594915072e-02,-2.673628816153267e-01,-1.203258820952779e-01,0.000000000000000e+00,0.000000000000000e+00,0.000000000000000e+00,6.483074999999796e-03,9.249999999999398e-04,4.319999999999914e-02,3.050000000229605e-04,nan
8.850000000000000e+01,2.510591606857105e-01,3.133954045000319e-01,-1.999057653762717e-02,9.156161833015739e-01,1.020065699145251e-01,-2.647197681918915e-01,-1.248039792039935e-01,0.000000000000000e+00,0.000000000000000e+00,0.000000000000000e+00,6.483074999999790e-03,9.250000000000855e-04,4.319999999999914e-02,3.050000000230958e-04,nan
8.875000000000000e+01,2.606822662159294e-01,3.468666687949170e-01,-1.137096973010257e-02,9.008878793762528e-01,1.057599969664325e-01,-2.618774156699837e-01,-1.293998645726251e-01,0.000000000000000e+00,0.000000000000000e+00,0.000000000000000e+00,6.483074999999788e-03,9.250000000002728e-04,4.319999999999911e-02,3.050000000232103e-04,nan
8.900000000000000e+01,2.702754999057652e-01,3.796135503729774e-01,-2.008522559795282e-03,8.847828390972773e-01,1.096072999952683e-01,-2.588231915914728e-01,-1.341105704765908e-01,0.000000000000000e+00,0.000000000000000e+00,0.000000000000000e+00,6.483074999999784e-03,9.250000000004879e-04,4.319999999999911e-02,3.050000000233075e-04,nan
8.925000000000000e+01,2.798021615110389e-01,4.115678803779321e-01,8.120531361621533e-03,8.673273241547114e-01,1.135453197068087e-01,-2.555440558305267e-01,-1.389322328744128e-01,0.000000000000000e+00,0.000000000000000e+00,0.000000000000000e+00,6.483074999999771e-03,9.250000000006892e-04,4.319999999999907e-02,3.050000000233873e-04,nan
8.950000000000000e+01,2.892226055220808e-01,4.426613737366192e-01,1.903839196425603e-02,8.485509603365277e-01,1.175700927842357e-01,-2.520266164920918e-01,-1.438600034844385e-01,0.000000000000000e+00,0.000000000000000e+00,0.000000000000000e+00,6.483074999999765e-03,9.250000000009598e-04,4.319999999999904e-02,3.050000000234324e-04,nan
8.975000000000000e+01,2.984941928263632e-01,4.728257694468377e-01,3.076538180445797e-02,8.284868736910500e-01,1.216767787054103e-01,-2.482571999542411e-01,-1.488879602153874e-01,0.000000000000000e+00,0.000000000000000e+00,0.000000000000000e+00,6.483074999999755e-03,9.250000000012096e-04,4.319999999999901e-02,3.050000000234636e-04,nan
9.000000000000000e+01,3.075712646533767e-01,5.019929937774987e-01,4.331961191810704e-02,8.071718296503486e-01,1.258595863312856e-01,-2.442219365128964e-01,-1.540090173165587e-01,0.000000000000000e+00,0.000000000000000e+00,0.000000000000000e+00,6.483074999999745e-03,9.250000000014733e-04,4.319999999999896e-02,3.050000000234740e-04,nan
9.025000000000000e+01,3.164051428380958e-01,5.300953491999224e-01,5.671662533521304e-02,7.846463730578265e-01,1.301117016397546e-01,-2.399068630135020e-01,-1.592148369298153e-01,0.000000000000000e+00,0.000000000000000e+00,0.000000000000000e+00,6.483074999999736e-03,9.250000000017716e-04,4.319999999999893e-02,3.050000000234393e-04,nan
9.050000000000000e+01,3.249441607110684e-01,5.570657318546202e-01,7.096901978714851e-02,7.609549665016369e-01,1.344252182571753e-01,-2.352980437140565e-01,-1.644957440656601e-01,0.000000000000000e+00,0.000000000000000e+00,0.000000000000000e+00,6.483074999999732e-03,9.250000000020908e-04,4.319999999999891e-02,3.050000000233560e-04,nan
9.075000000000000e+01,3.331337291359564e-01,5.828378802483575e-01,8.608605188243514e-02,7.361461237627128e-01,1.387910727307899e-01,-2.303817104045388e-01,-1.698406473818684e-01,0.000000000000000e+00,0.000000000000000e+00,0.000000000000000e+00,6.483074999999723e-03,9.250000000024169e-04,4.319999999999886e-02,3.050000000232277e-04,nan
9.100000000000000e+01,3.409164423454646e-01,6.073466576500719e-01,1.020732258771493e-01,7.102725345519355e-01,1.431989867799685e-01,-2.251444224964874e-01,-1.752369685038603e-01,0.000000000000000e+00,0.000000000000000e+00,0.000000000000000e+00,6.483074999999719e-03,9.250000000027431e-04,4.319999999999885e-02,3.050000000230334e-04,nan
9.125000000000000e+01,3.482322282472342e-01,6.305283702890255e-01,1.189318711162555e-01,6.833911760503045e-01,1.476374190502063e-01,-2.195732473817097e-01,-1.806705829760547e-01,0.000000000000000e+00,0.000000000000000e+00,0.000000000000000e+00,6.483074999999719e-03,9.250000000030970e-04,4.319999999999884e-02,3.050000000227975e-04,nan
9.150000000000000e+01,3.550185477532297e-01,6.523211229326296e-01,1.366587132604786e-01,6.555634060997392e-01,1.520935291553021e-01,-2.136559608315657e-01,-1.861257762535174e-01,0.000000000000000e+00,0.000000000000000e+00,0.000000000000000e+00,6.483074999999718e-03,9.250000000034161e-04,4.319999999999885e-02,3.050000000225060e-04,nan
9.175000000000000e+01,3.612106473988790e-01,6.726652127150133e-01,1.552454455196978e-01,6.268550322475995e-01,1.565531570109353e-01,-2.073812665624773e-01,-1.915852184097772e-01,0.000000000000000e+00,0.000000000000000e+00,0.000000000000000e+00,6.483074999999719e-03,9.250000000037562e-04,4.319999999999882e-02,3.050000000221417e-04,nan
9.200000000000000e+01,3.667418690313509e-01,6.915035611849375e-01,1.746783072590748e-01,5.973363502592532e-01,1.610008206145795e-01,-2.007390333291993e-01,-1.970299614223976e-01,0.000000000000000e+00,0.000000000000000e+00,0.000000000000000e+00,6.483074999999721e-03,9.250000000040406e-04,4.319999999999884e-02,3.050000000217185e-04,nan
9.225000000000000e+01,3.715440196317109e-01,7.087821834338099e-01,1.949376784888565e-01,5.670821452206789e-01,1.654197354874334e-01,-1.937205470320731e-01,-2.024394629722284e-01,0.000000000000000e+00,0.000000000000000e+00,0.000000000000000e+00,6.483074999999726e-03,9.250000000043113e-04,4.319999999999885e-02,3.050000000212119e-04,nan
9.250000000000000e+01,3.755478033698363e-01,7.244506918510260e-01,2.159976998430229e-01,5.361716480038683e-01,1.697918589373736e-01,-1.863187743540893e-01,-2.077916406229008e-01,0.000000000000000e+00,0.000000000000000e+00,0.000000000000000e+00,6.483074999999734e-03,9.250000000045541e-04,4.319999999999886e-02,3.050000000206637e-04,nan
9.275000000000000e+01,3.786833167581888e-01,7.384628305460175e-01,2.378259286352931e-01,5.046884397128011e-01,1.740979621014447e-01,-1.785286334048076e-01,-2.130629600017255e-01,0.000000000000000e+00,0.000000000000000e+00,0.000000000000000e+00,6.483074999999740e-03,9.250000000047484e-04,4.319999999999890e-02,3.050000000199907e-04,nan
9.300000000000000e+01,3.808806062661835e-01,7.507770348000735e-01,2.603830423838435e-01,4.727202968204848e-01,1.783177323577655e-01,-1.703472657794463e-01,-2.182285601519581e-01,0.000000000000000e+00,0.000000000000000e+00,0.000000000000000e+00,6.483074999999754e-03,9.250000000048803e-04,4.319999999999893e-02,3.050000000192898e-04,nan
9.325000000000000e+01,3.820702859907674e-01,7.613570081086360e-01,2.836226017419120e-01,4.403589701004722e-01,1.824299081402617e-01,-1.617743033933824e-01,-2.232624185452818e-01,0.000000000000000e+00,0.000000000000000e+00,0.000000000000000e+00,6.483074999999766e-03,9.250000000049496e-04,4.319999999999900e-02,3.050000000185335e-04,nan
9.350000000000000e+01,3.821842109784349e-01,7.701723075070748e-01,3.074908849804270e-01,4.076998911969107e-01,1.864124474331789e-01,-1.528121224871140e-01,-2.281375573174819e-01,0.000000000000000e+00,0.000000000000000e+00,0.000000000000000e+00,6.483074999999781e-03,9.250000000049566e-04,4.319999999999904e-02,3.050000000176870e-04,nan
9.375000000000000e+01,3.811561996071516e-01,7.771989260191702e-01,3.319268059627390e-01,3.748418018031819e-01,1.902427302643712e-01,-1.434660763863819e-01,-2.328262911177512e-01,0.000000000000000e+00,0.000000000000000e+00,0.000000000000000e+00,6.483074999999800e-03,9.250000000048733e-04,4.319999999999911e-02,3.050000000167988e-04,nan
9.400000000000000e+01,3.789227961332741e-01,7.824198593243968e-01,3.568619268600720e-01,3.418863019529284e-01,1.938977943689429e-01,-1.337446980249397e-01,-2.373005155576640e-01,0.000000000000000e+00,0.000000000000000e+00,0.000000000000000e+00,6.483074999999816e-03,9.250000000047068e-04,4.319999999999917e-02,3.050000000158690e-04,nan
9.425000000000000e+01,3.754240621803051e-01,7.858256422186901e-01,3.822205756241245e-01,3.089373158703637e-01,1.973546018860623e-01,-1.236598629730871e-01,-2.415320336439551e-01,0.000000000000000e+00,0.000000000000000e+00,0.000000000000000e+00,6.483074999999831e-03,9.250000000044153e-04,4.319999999999925e-02,3.050000000148975e-04,nan
9.450000000000000e+01,3.706043837049640e-01,7.874148392638657e-01,4.079200764275690e-01,2.761004761550599e-01,2.005903335272513e-01,-1.132269038381122e-01,-2.454929158356662e-01,0.000000000000000e+00,0.000000000000000e+00,0.000000000000000e+00,6.483074999999849e-03,9.250000000040545e-04,4.319999999999931e-02,3.050000000139191e-04,nan
9.475000000000000e+01,3.644132779491172e-01,7.871944733052415e-01,4.338710989013534e-01,2.434824297361000e-01,2.035827051774225e-01,-1.024646674751345e-01,-2.491558875583682e-01,0.000000000000000e+00,0.000000000000000e+00,0.000000000000000e+00,6.483074999999871e-03,9.250000000035757e-04,4.319999999999939e-02,3.050000000129199e-04,nan
9.500000000000000e+01,3.568061832101850e-01,7.851803753997220e-01,4.599781290733131e-01,2.111900719360321e-01,2.063103004394999e-01,-9.139550750950627e-02,-2.524947362328626e-01,0.000000000000000e+00,0.000000000000000e+00,0.000000000000000e+00,6.483074999999889e-03,9.250000000029790e-04,4.319999999999949e-02,3.050000000119277e-04,nan
9.525000000000000e+01,3.477452130744041e-01,7.813974402339223e-01,4.861400615199549e-01,1.793297180198684e-01,2.087529113008923e-01,-8.004520623727615e-02,-2.554847282447318e-01,0.000000000000000e+00,0.000000000000000e+00,0.000000000000000e+00,6.483074999999912e-03,9.250000000023059e-04,4.319999999999957e-02,3.050000000109354e-04,nan
9.550000000000000e+01,3.371998561826716e-01,7.758797723909020e-01,5.122509084984674e-01,1.480062246242455e-01,2.108918779829759e-01,-6.844282201538286e-02,-2.581030249137896e-01,0.000000000000000e+00,0.000000000000000e+00,0.000000000000000e+00,6.483074999999930e-03,9.250000000014941e-04,4.319999999999966e-02,3.050000000099987e-04,nan
9.575000000000000e+01,3.251476027410183e-01,7.686707108720786e-01,5.382006178845622e-01,1.173220763021944e-01,2.127104182293779e-01,-5.662046071617513e-02,-2.603290855367284e-01,0.000000000000000e+00,0.000000000000000e+00,0.000000000000000e+00,6.483074999999941e-03,9.250000000005643e-04,4.319999999999972e-02,3.050000000090758e-04,nan
9.600000000000000e+01,3.115744799162423e-01,7.598227220773327e-01,5.638759877918077e-01,8.737645490478996e-02,2.141939358813118e-01,-4.461297259964463e-02,-2.621450450774415e-01,0.000000000000000e+00,0.000000000000000e+00,0.000000000000000e+00,6.483074999999954e-03,9.249999999995373e-04,4.319999999999981e-02,3.050000000082292e-04,nan
9.625000000000000e+01,2.964754799968045e-01,7.493971549174372e-01,5.891616619995677e-01,5.826431147986130e-02,2.153302986452021e-01,-3.245757891325959e-02,-2.635360541492492e-01,0.000000000000000e+00,0.000000000000000e+00,0.000000000000000e+00,6.483074999999965e-03,9.249999999984271e-04,4.319999999999987e-02,3.050000000074590e-04,nan
9.650000000000000e+01,2.798548677231326e-01,7.374638557515439e-01,6.139411869866714e-01,3.007546164452176e-02,2.161100755181445e-01,-2.019343549702617e-02,-2.644905696190614e-01,0.000000000000000e+00,0.000000000000000e+00,0.000000000000000e+00,6.483074999999972e-03,9.249999999972475e-04,4.319999999999993e-02,3.050000000067790e-04,nan
9.675000000000000e+01,2.617263564188550e-01,7.241006452322588e-01,6.380981086640141e-01,2.893725858648106e-03,2.165267254047028e-01,-7.861143467610675e-03,-2.650005854706631e-01,0.000000000000000e+00,0.000000000000000e+00,0.000000000000000e+00,6.483074999999974e-03,9.249999999960123e-04,4.319999999999995e-02,3.050000000061753e-04,nan
9.700000000000000e+01,2.421131463513343e-01,7.093926636866252e-01,6.615170850015034e-01,-2.320386438862527e-02,2.165767300004207e-01,4.497780503964981e-03,-2.650617954515371e-01,0.000000000000000e+00,0.000000000000000e+00,0.000000000000000e+00,6.483074999999973e-03,9.249999999947078e-04,4.319999999999997e-02,3.050000000057035e-04,nan
9.725000000000000e+01,2.210478229368789e-01,6.934315961235111e-01,6.840849897892801e-01,-4.814777479247285e-02,2.162596659615664e-01,1.684145989003355e-02,-2.646736814072181e-01,0.000000000000000e+00,0.000000000000000e+00,0.000000000000000e+00,6.483074999999966e-03,9.249999999933756e-04,4.319999999999999e-02,3.050000000053496e-04,nan
9.750000000000000e+01,1.985721167704567e-01,6.763147920906684e-01,7.056919828387014e-01,-7.187657335904522e-02,2.155782136216820e-01,2.912822429313830e-02,-2.638395239501783e-01,0.000000000000000e+00,0.000000000000000e+00,0.000000000000000e+00,6.483074999999958e-03,9.249999999920155e-04,4.320000000000000e-02,3.050000000050998e-04,nan
9.775000000000000e+01,1.747365317714173e-01,6.581442991758488e-01,7.262325230279959e-01,-9.433741793805310e-02,2.145381019224494e-01,4.131716953367162e-02,-2.625663350562857e-01,0.000000000000000e+00,0.000000000000000e+00,0.000000000000000e+00,6.483074999999948e-03,9.249999999906555e-04,4.320000000000000e-02,3.050000000049610e-04,nan
9.800000000000000e+01,1.495998517660939e-01,6.390258317563221e-01,7.456063026751962e-01,-1.154864152648582e-01,2.131479916535825e-01,5.336869593814698e-02,-2.608647151527154e-01,0.000000000000000e+00,0.000000000000000e+00,0.000000000000000e+00,6.483074999999939e-03,9.249999999893024e-04,4.320000000000000e-02,3.050000000049333e-04,nan
9.825000000000000e+01,1.232285393646948e-01,6.190676984997695e-01,7.637190846568973e-01,-1.352888446660455e-01,2.114193013964778e-01,6.524500998511251e-02,-2.587486400763711e-01,0.000000000000000e+00,0.000000000000000e+00,0.000000000000000e+00,6.483074999999923e-03,9.249999999880465e-04,4.319999999999997e-02,3.050000000050096e-04,nan
9.850000000000000e+01,9.569604385866481e-02,5.983797130177172e-01,7.804834273113350e-01,-1.537192438538101e-01,2.093659826030072e-01,7.691057621411877e-02,-2.562351857746928e-01,0.000000000000000e+00,0.000000000000000e+00,0.000000000000000e+00,6.483074999999908e-03,9.249999999868322e-04,4.319999999999995e-02,3.050000000052108e-04,nan
9.875000000000000e+01,6.708203693931017e-02,5.770721119485518e-01,7.958192862547321e-01,-1.707613584986953e-01,2.070042519008384e-01,8.833250861680753e-02,-2.533442006525319e-01,0.000000000000000e+00,0.000000000000000e+00,0.000000000000000e+00,6.483074999999891e-03,9.249999999856734e-04,4.319999999999991e-02,3.050000000054884e-04,nan
9.900000000000000e+01,3.747159624899720e-02,5.552545036453944e-01,8.096544865664363e-01,-1.864079613077163e-01,2.043522899185992e-01,9.948089344650152e-02,-2.500979369399142e-01,0.000000000000000e+00,0.000000000000000e+00,0.000000000000000e+00,6.483074999999871e-03,9.249999999846048e-04,4.319999999999986e-02,3.050000000058457e-04,nan
9.925000000000000e+01,6.954357111652090e-03,5.330348686694916e-01,8.219250631249155e-01,-2.006605499513179e-01,2.014299166238352e-01,1.103290383221710e-01,-2.465206533118455e-01,0.000000000000000e+00,0.000000000000000e+00,0.000000000000000e+00,6.483074999999850e-03,9.249999999835917e-04,4.319999999999981e-02,3.050000000063037e-04,nan
9.950000000000000e+01,-2.437634770570880e-02,5.105186305954091e-01,8.325754709835281e-01,-2.135289362219439e-01,1.982582533582066e-01,1.208536454796351e-01,-2.426382012257022e-01,0.000000000000000e+00,0.000000000000000e+00,0.000000000000000e+00,6.483074999999833e-03,9.249999999826827e-04,4.319999999999977e-02,3.050000000068085e-04,nan
9.975000000000000e+01,-5.642434158152349e-02,4.878078124064313e-01,8.415586713742031e-01,-2.250307411604678e-01,1.948593814677102e-01,1.310349098650752e-01,-2.384776070908835e-01,0.000000000000000e+00,0.000000000000000e+00,0.000000000000000e+00,6.483074999999813e-03,9.249999999818570e-04,4.319999999999971e-02,3.050000000073654e-04,nan
1.000000000000000e+02,-8.909143420108200e-02,4.650002901998578e-01,8.488361020734150e-01,-2.351908124966911e-01,1.912560067207543e-01,1.408565453265674e-01,-2.340666615225488e-01,0.000000000000000e+00,0.000000000000000e+00,0.000000000000000e+00,6.483074999999795e-03,9.249999999811145e-04,4.319999999999967e-02,3.050000000079569e-04,nan
1.002500000000000e+02,-1.222782138119303e-01,4.421891522349410e-01,8.543775433616326e-01,-2.440405816089809e-01,1.874711376653905e-01,1.503057443260648e-01,-2.294335256564596e-01,0.000000000000000e+00,0.000000000000000e+00,0.000000000000000e+00,6.483074999999777e-03,9.249999999804900e-04,4.319999999999961e-02,3.050000000085762e-04,nan
1.005000000000000e+02,-1.558847896879879e-01,4.194621677290188e-01,8.581608926080532e-01,-2.516173773533017e-01,1.835277847933235e-01,1.593730782940829e-01,-2.246063629307441e-01,0.000000000000000e+00,0.000000000000000e+00,0.000000000000000e+00,6.483074999999760e-03,9.249999999799419e-04,4.319999999999957e-02,3.050000000092102e-04,nan
1.007500000000000e+02,-1.898114756475462e-01,3.969013664019120e-01,8.601718616168935e-01,-2.579637136174849e-01,1.794486859505422e-01,1.680523469489960e-01,-2.196130029928362e-01,0.000000000000000e+00,0.000000000000000e+00,0.000000000000000e+00,6.483074999999752e-03,9.249999999794978e-04,4.319999999999953e-02,3.050000000098399e-04,nan
1.010000000000000e+02,-2.239594081932104e-01,3.745827267131651e-01,8.604036113198188e-01,-2.631265664232551e-01,1.752560619561874e-01,1.763403856056741e-01,-2.144806425805163e-01,0.000000000000000e+00,0.000000000000000e+00,0.000000000000000e+00,6.483074999999740e-03,9.249999999791161e-04,4.319999999999950e-02,3.050000000104861e-04,nan
1.012500000000000e+02,-2.582310954342728e-01,3.525759681220161e-01,8.588563382623482e-01,-2.671566549428058e-01,1.709714049454868e-01,1.842368397381307e-01,-2.092355864563755e-01,0.000000000000000e+00,0.000000000000000e+00,0.000000000000000e+00,6.483074999999729e-03,9.249999999788872e-04,4.319999999999946e-02,3.050000000111011e-04,nan
1.015000000000000e+02,-2.925308953173144e-01,3.309444405793563e-01,8.555368267028329e-01,-2.701077390407656e-01,1.666153006070463e-01,1.917439158949270e-01,-2.039030298281078e-01,0.000000000000000e+00,0.000000000000000e+00,0.000000000000000e+00,6.483074999999723e-03,9.249999999786859e-04,4.319999999999945e-02,3.050000000116944e-04,nan
1.017500000000000e+02,-3.267654237605127e-01,3.097451028527817e-01,8.504579791248510e-01,-2.720359440151370e-01,1.622072842899474e-01,1.988661175662246e-01,-1.985068822245804e-01,0.000000000000000e+00,0.000000000000000e+00,0.000000000000000e+00,6.483074999999718e-03,9.249999999786027e-04,4.319999999999943e-02,3.050000000122625e-04,nan
1.020000000000000e+02,-3.608438950200886e-01,2.890285801787555e-01,8.436383366645210e-01,-2.729991212009747e-01,1.577657299447460e-01,2.056099738465717e-01,-1.930696315597486e-01,0.000000000000000e+00,0.000000000000000e+00,0.000000000000000e+00,6.483074999999713e-03,9.249999999785506e-04,4.319999999999941e-02,3.050000000127959e-04,nan
1.022500000000000e+02,-3.946783979973045e-01,2.688392910947959e-01,8.351015994756043e-01,-2.730562511117743e-01,1.533077700507814e-01,2.119837678069927e-01,-1.876122461230051e-01,0.000000000000000e+00,0.000000000000000e+00,0.000000000000000e+00,6.483074999999710e-03,9.249999999785853e-04,4.319999999999939e-02,3.050000000132625e-04,nan
1.025000000000000e+02,-4.281841132261447e-01,2.492156330773846e-01,8.248761554898854e-01,-2.722668939015632e-01,1.488492440721175e-01,2.179972704578283e-01,-1.821541114878099e-01,0.000000000000000e+00,0.000000000000000e+00,0.000000000000000e+00,6.483074999999710e-03,9.249999999786339e-04,4.319999999999939e-02,3.050000000137016e-04,nan
1.027500000000000e+02,-4.612794759863835e-01,2.301902167353990e-01,8.129946244571365e-01,-2.706906901923986e-01,1.444046725663587e-01,2.236614851151368e-01,-1.767129988187340e-01,0.000000000000000e+00,0.000000000000000e+00,0.000000000000000e+00,6.483074999999715e-03,9.249999999787310e-04,4.319999999999941e-02,3.050000000141221e-04,nan
1.030000000000000e+02,-4.938862913970229e-01,2.117901387169823e-01,7.994934226317676e-01,-2.683869137660746e-01,1.399872538265853e-01,2.289884059322202e-01,-1.713050607583957e-01,0.000000000000000e+00,0.000000000000000e+00,0.000000000000000e+00,6.483074999999721e-03,9.249999999788594e-04,4.319999999999942e-02,3.050000000144855e-04,nan
1.032500000000000e+02,-5.259298075011959e-01,1.940372841126838e-01,7.844123520600804e-01,-2.654140762874143e-01,1.356088798434015e-01,2.339907933657048e-01,-1.659448509616349e-01,0.000000000000000e+00,0.000000000000000e+00,0.000000000000000e+00,6.483074999999724e-03,9.249999999790294e-04,4.319999999999942e-02,3.050000000147934e-04,nan
1.035000000000000e+02,-5.573387522991448e-01,1.769486499160584e-01,7.677942171461316e-01,-2.618295831174843e-01,1.312801684055160e-01,2.386819684423976e-01,-1.606453633827342e-01,0.000000000000000e+00,0.000000000000000e+00,0.000000000000000e+00,6.483074999999728e-03,9.249999999792410e-04,4.319999999999942e-02,3.050000000150207e-04,nan
1.037500000000000e+02,-5.880453404646364e-01,1.605366819776481e-01,7.496844700554536e-01,-2.576894383848728e-01,1.270105082867861e-01,2.430756268976993e-01,-1.554180875800137e-01,0.000000000000000e+00,0.000000000000000e+00,0.000000000000000e+00,6.483074999999733e-03,9.249999999794284e-04,4.319999999999943e-02,3.050000000152349e-04,nan
1.040000000000000e+02,-6.179852551338429e-01,1.448096188103444e-01,7.301308855628972e-01,-2.530479967996219e-01,1.228081146698005e-01,2.471856735780951e-01,-1.502730765495466e-01,0.000000000000000e+00,0.000000000000000e+00,0.000000000000000e+00,6.483074999999739e-03,9.249999999796366e-04,4.319999999999945e-02,3.050000000154266e-04,nan
1.042500000000000e+02,-6.470976097221849e-01,1.297718365330283e-01,7.091832651632162e-01,-2.479577591992628e-01,1.186800922077118e-01,2.510260769408625e-01,-1.452190239077391e-01,0.000000000000000e+00,0.000000000000000e+00,0.000000000000000e+00,6.483074999999745e-03,9.249999999798586e-04,4.319999999999946e-02,3.050000000155871e-04,nan
1.045000000000000e+02,-6.753248942369646e-01,1.154241901432725e-01,6.868931696333336e-01,-2.424692084877475e-01,1.146325034070749e-01,2.546107430394537e-01,-1.402633475865141e-01,0.000000000000000e+00,0.000000000000000e+00,0.000000000000000e+00,6.483074999999749e-03,9.249999999800945e-04,4.319999999999947e-02,3.050000000157120e-04,nan
1.047500000000000e+02,-7.026129100395857e-01,1.017643471649754e-01,6.633136787514007e-01,-2.366306824422295e-01,1.106704403081563e-01,2.579534080446278e-01,-1.354122775643222e-01,0.000000000000000e+00,0.000000000000000e+00,0.000000000000000e+00,6.483074999999753e-03,9.249999999803166e-04,4.319999999999947e-02,3.050000000158178e-04,nan
1.050000000000000e+02,-7.289106964931790e-01,8.878711050658791e-02,6.384991765245437e-01,-2.304882797957407e-01,1.067980977322170e-01,2.610675481082532e-01,-1.306709455148890e-01,0.000000000000000e+00,0.000000000000000e+00,0.000000000000000e+00,6.483074999999762e-03,9.249999999805213e-04,4.319999999999950e-02,3.050000000158750e-04,nan
1.052500000000000e+02,-7.541704524269742e-01,7.648472807982711e-02,6.125051600378042e-01,-2.240857960329303e-01,1.030188466475257e-01,2.639663052162537e-01,-1.260434746010675e-01,0.000000000000000e+00,0.000000000000000e+00,0.000000000000000e+00,6.483074999999765e-03,9.249999999807225e-04,4.319999999999951e-02,3.050000000159011e-04,nan
1.055000000000000e+02,-7.783474548705178e-01,6.484718736234729e-02,5.853880698940378e-01,-2.174646854399886e-01,9.933530647007806e-02,2.666624275864830e-01,-1.215330679645682e-01,0.000000000000000e+00,0.000000000000000e+00,0.000000000000000e+00,6.483074999999774e-03,9.249999999809133e-04,4.319999999999953e-02,3.050000000158950e-04,nan
1.057500000000000e+02,-8.013999770676887e-01,5.386249363974684e-02,5.572051401517111e-01,-2.106640461097440e-01,9.574941535645821e-02,2.691682231337257e-01,-1.171420947578817e-01,0.000000000000000e+00,0.000000000000000e+00,0.000000000000000e+00,6.483074999999783e-03,9.249999999810885e-04,4.319999999999956e-02,3.050000000158716e-04,nan
1.060000000000000e+02,-8.232892073778438e-01,4.351693113462394e-02,5.280142656690024e-01,-2.037206248022279e-01,9.226249776228347e-02,2.714955245357514e-01,-1.128721728290924e-01,0.000000000000000e+00,0.000000000000000e+00,0.000000000000000e+00,6.483074999999795e-03,9.249999999812551e-04,4.319999999999960e-02,3.050000000158299e-04,nan
1.062500000000000e+02,-8.439791703120558e-01,3.379530662747721e-02,4.978738848141767e-01,-1.966688387858347e-01,8.887532872919494e-02,2.736556644806979e-01,-1.087242474022516e-01,0.000000000000000e+00,0.000000000000000e+00,0.000000000000000e+00,6.483074999999806e-03,9.249999999813990e-04,4.319999999999963e-02,3.050000000157623e-04,nan
1.065000000000000e+02,-8.634366506368757e-01,2.468117550188042e-02,4.668428755914016e-01,-1.895408120230844e-01,8.558819452660271e-02,2.756594597477399e-01,-1.046986652957888e-01,0.000000000000000e+00,0.000000000000000e+00,0.000000000000000e+00,6.483074999999820e-03,9.249999999815430e-04,4.319999999999967e-02,3.050000000156816e-04,nan
1.067500000000000e+02,-8.816311212053600e-01,1.615705041122162e-02,4.349804633472272e-01,-1.823664233087347e-01,8.240094941248703e-02,2.775172028620391e-01,-1.007952443904601e-01,0.000000000000000e+00,0.000000000000000e+00,0.000000000000000e+00,6.483074999999827e-03,9.249999999816627e-04,4.319999999999970e-02,3.050000000155853e-04,nan
1.070000000000000e+02,-8.985346749430575e-01,8.204592973451511e-03,4.023461383568456e-01,-1.751733642094264e-01,7.931306839224167e-02,2.792386601648137e-01,-9.701333819870711e-02,0.000000000000000e+00,0.000000000000000e+00,0.000000000000000e+00,6.483074999999831e-03,9.249999999817538e-04,4.319999999999970e-02,3.050000000154839e-04,nan
1.072500000000000e+02,-9.141219612223507e-01,8.047890608271549e-04,3.689995817335700e-01,-1.679872048878174e-01,7.632369594793617e-02,2.808330752446651e-01,-9.335189550160278e-02,0.000000000000000e+00,0.000000000000000e+00,0.000000000000000e+00,6.483074999999839e-03,9.249999999818266e-04,4.319999999999973e-02,3.050000000153698e-04,nan
1.075000000000000e+02,-9.283701266985802e-01,-6.061891629590159e-03,3.350005982537605e-01,-1.608314661164165e-01,7.343169078478827e-02,2.823091767829011e-01,-8.980951511064676e-02,0.000000000000000e+00,0.000000000000000e+00,0.000000000000000e+00,6.483074999999850e-03,9.249999999818891e-04,4.319999999999977e-02,3.050000000152605e-04,nan
1.077500000000000e+02,-9.412587605521674e-01,-1.241535095549255e-02,3.004090548380363e-01,-1.537276959944677e-01,7.063566669943158e-02,2.836751899703135e-01,-8.638449588240710e-02,0.000000000000000e+00,0.000000000000000e+00,0.000000000000000e+00,6.483074999999856e-03,9.249999999819437e-04,4.319999999999979e-02,3.050000000151499e-04,nan
1.080000000000000e+02,-9.527698439788399e-01,-1.827573183577290e-02,2.652848235745451e-01,-1.466955500737031e-01,6.793402971804398e-02,2.849388507533764e-01,-8.307488216722496e-02,0.000000000000000e+00,0.000000000000000e+00,0.000000000000000e+00,6.483074999999869e-03,9.249999999819797e-04,4.319999999999983e-02,3.050000000150324e-04,nan
1.082500000000000e+02,-9.628877036915475e-01,-2.366330103088684e-02,2.296877283087194e-01,-1.397528737748180e-01,6.532501168374599e-02,2.861074222625320e-01,-7.987850491156349e-02,0.000000000000000e+00,0.000000000000000e+00,0.000000000000000e+00,6.483074999999874e-03,9.249999999820036e-04,4.319999999999985e-02,3.050000000149196e-04,nan
1.085000000000000e+02,-9.715989691393712e-01,-2.859834433384040e-02,1.936774939545803e-01,-1.329157861359893e-01,6.280670049388970e-02,2.871877128630855e-01,-7.679301865954147e-02,0.000000000000000e+00,0.000000000000000e+00,0.000000000000000e+00,6.483074999999874e-03,9.249999999820229e-04,4.319999999999985e-02,3.050000000148054e-04,nan
1.087500000000000e+02,-9.788925331076259e-01,-3.310107331363213e-02,1.573136978041194e-01,-1.261987640780029e-01,6.037706720074402e-02,2.881860953496586e-01,-7.381593471496557e-02,0.000000000000000e+00,0.000000000000000e+00,0.000000000000000e+00,6.483074999999877e-03,9.249999999820266e-04,4.319999999999986e-02,3.050000000146967e-04,nan
1.090000000000000e+02,-9.847595153366082e-01,-3.719154277004315e-02,1.206557222229573e-01,-1.196147264982414e-01,5.803399019524169e-02,2.891085268779608e-01,-7.094465073271128e-02,0.000000000000000e+00,0.000000000000000e+00,0.000000000000000e+00,6.483074999999877e-03,9.249999999820283e-04,4.319999999999986e-02,3.050000000145913e-04,nan
1.092500000000000e+02,-9.891932287815718e-01,-4.088957808473149e-02,8.376270822215015e-02,-1.131751176188152e-01,5.577527669427662e-02,2.899605692928652e-01,-6.817647700931091e-02,0.000000000000000e+00,0.000000000000000e+00,0.000000000000000e+00,6.483074999999879e-03,9.249999999820154e-04,4.319999999999986e-02,3.050000000144888e-04,nan
1.095000000000000e+02,-9.921891481313094e-01,-4.421471168618398e-02,4.669350948774752e-02,-1.068899891135347e-01,5.359868174872477e-02,2.907474095696724e-01,-6.550865973854827e-02,0.000000000000000e+00,0.000000000000000e+00,0.000000000000000e+00,6.483074999999883e-03,9.249999999819965e-04,4.319999999999988e-02,3.050000000143911e-04,nan
1.097500000000000e+02,-9.937448802052748e-01,-4.718612788317970e-02,9.506646531810922e-03,-1.007680806253424e-01,5.150192498291804e-02,2.914738801364143e-01,-6.293840148997137e-02,0.000000000000000e+00,0.000000000000000e+00,0.000000000000000e+00,6.483074999999889e-03,9.249999999819628e-04,4.319999999999990e-02,3.050000000143011e-04,nan
1.100000000000000e+02,-9.938601358578244e-01,-4.982261536137088e-02,-2.773973929846633e-02,-9.481689836138345e-02,4.948270526757269e-02,2.921444788895365e-01,-6.046287915755159e-02,0.000000000000000e+00,0.000000000000000e+00,0.000000000000000e+00,6.483074999999891e-03,9.249999999819290e-04,4.319999999999991e-02,3.050000000142170e-04,nan
1.102500000000000e+02,-9.925367030315282e-01,-5.214252667906879e-02,-6.498793215257927e-02,-8.904279151822710e-02,4.753871351785970e-02,2.927633887538476e-01,-5.807925961309230e-02,0.000000000000000e+00,0.000000000000000e+00,0.000000000000000e+00,6.483074999999895e-03,9.249999999818863e-04,4.319999999999993e-02,3.050000000141386e-04,nan
1.105000000000000e+02,-9.897784206183612e-01,-5.416374414028580e-02,-1.021806884921894e-01,-8.345102634593787e-02,4.566764379696833e-02,2.933344966707697e-01,-5.578471328511408e-02,0.000000000000000e+00,0.000000000000000e+00,0.000000000000000e+00,6.483074999999902e-03,9.249999999818289e-04,4.319999999999995e-02,3.050000000140711e-04,nan
1.107500000000000e+02,-9.855911528070030e-01,-5.590365146472843e-02,-1.392612844839947e-01,-7.804585770776740e-02,4.386720289361153e-02,2.938614119272049e-01,-5.357642586937435e-02,0.000000000000000e+00,0.000000000000000e+00,0.000000000000000e+00,6.483074999999904e-03,9.249999999817758e-04,4.319999999999996e-02,3.050000000140065e-04,nan
1.110000000000000e+02,-9.799827636155953e-01,-5.737911071514596e-02,-1.761735640214325e-01,-7.283059803314487e-02,4.213511852980770e-02,2.943474837612921e-01,-5.145160836235096e-02,0.000000000000000e+00,0.000000000000000e+00,0.000000000000000e+00,6.483074999999902e-03,9.249999999817227e-04,4.319999999999995e-02,3.050000000139478e-04,nan
1.112500000000000e+02,-9.729630913314892e-01,-5.860644398177010e-02,-2.128619873904032e-01,-6.780768359626810e-02,4.046914634322632e-02,2.947958182014411e-01,-4.940750559427306e-02,0.000000000000000e+00,0.000000000000000e+00,0.000000000000000e+00,6.483074999999904e-03,9.249999999816628e-04,4.319999999999996e-02,3.050000000138979e-04,nan
1.115000000000000e+02,-9.645439226022141e-01,-5.960141936121782e-02,-2.492716805633854e-01,-6.297873808173723e-02,3.886707577661126e-02,2.952092941117959e-01,-4.744140342387078e-02,0.000000000000000e+00,0.000000000000000e+00,0.000000000000000e+00,6.483074999999909e-03,9.249999999815957e-04,4.319999999999998e-02,3.050000000138576e-04,nan
1.117500000000000e+02,-9.547389659446968e-01,-6.037924080296636e-02,-2.853484850803294e-01,-5.834463342304685e-02,3.732673499545024e-02,2.955905784310995e-01,-4.555063474312806e-02,0.000000000000000e+00,0.000000000000000e+00,0.000000000000000e+00,6.483074999999910e-03,9.249999999815419e-04,4.320000000000000e-02,3.050000000138179e-04,nan
1.120000000000000e+02,-9.435638244623173e-01,-6.095454143022196e-02,-3.210390084530549e-01,-5.390554792000470e-02,3.584599494424705e-02,2.959421406032183e-01,-4.373258442708845e-02,0.000000000000000e+00,0.000000000000000e+00,0.000000000000000e+00,6.483074999999915e-03,9.249999999814828e-04,4.320000000000000e-02,3.050000000137858e-04,nan
1.122500000000000e+02,-9.310359675814494e-01,-6.134137997363827e-02,-3.562906750119950e-01,-4.966102165784791e-02,3.442277264154772e-02,2.962662662066781e-01,-4.198469335127108e-02,0.000000000000000e+00,0.000000000000000e+00,0.000000000000000e+00,6.483074999999916e-03,9.249999999814238e-04,4.320000000000001e-02,3.050000000137606e-04,nan
1.125000000000000e+02,-9.171747016405144e-01,-6.155323998589172e-02,-3.910517770996135e-01,-4.561000926448621e-02,3.305503380431256e-02,2.965650697977926e-01,-4.030446158755323e-02,0.000000000000000e+00,0.000000000000000e+00,0.000000000000000e+00,6.483074999999911e-03,9.249999999813678e-04,4.320000000000000e-02,3.050000000137370e-04,nan
1.127500000000000e+02,-9.020011391851382e-01,-6.160303153262450e-02,-4.252715265032251e-01,-4.175093005335660e-02,3.174079488333359e-02,2.968405069875957e-01,-3.868945087848998e-02,0.000000000000000e+00,0.000000000000000e+00,0.000000000000000e+00,6.483074999999909e-03,9.249999999813043e-04,4.319999999999999e-02,3.050000000137244e-04,nan
1.130000000000000e+02,-8.855381668426285e-01,-6.150309508078164e-02,-4.589001060109017e-01,-3.808171560821339e-02,3.047812458317123e-02,2.970943857770759e-01,-3.713728647997269e-02,0.000000000000000e+00,0.000000000000000e+00,0.000000000000000e+00,6.483074999999915e-03,9.249999999812424e-04,4.320000000000001e-02,3.050000000137192e-04,nan
1.132500000000000e+02,-8.678104116676657e-01,-6.126520732898395e-02,-4.918887209673455e-01,-3.459985487313850e-02,2.926514493251475e-02,2.973283771783732e-01,-3.564565845286211e-02,0.000000000000000e+00,0.000000000000000e+00,0.000000000000000e+00,6.483074999999911e-03,9.249999999811874e-04,4.320000000000000e-02,3.050000000137136e-04,nan
1.135000000000000e+02,-8.488442058687344e-01,-6.090058874638379e-02,-5.241896507017046e-01,-3.130243681642727e-02,2.810003196393603e-02,2.975440251518154e-01,-3.421232247574201e-02,0.000000000000000e+00,0.000000000000000e+00,0.000000000000000e+00,6.483074999999911e-03,9.249999999811325e-04,4.320000000000000e-02,3.050000000137118e-04,nan
1.137500000000000e+02,-8.286675498414577e-01,-6.041991260655515e-02,-5.557562996960820e-01,-2.818619074103977e-02,2.698101605567703e-02,2.977427558901007e-01,-3.283510024319134e-02,0.000000000000000e+00,0.000000000000000e+00,0.000000000000000e+00,6.483074999999907e-03,9.249999999810792e-04,4.319999999999999e-02,3.050000000137136e-04,nan
1.140000000000000e+02,-8.073100734506022e-01,-5.983331532147766e-02,-5.865432483616835e-01,-2.524752431721765e-02,2.590638198235617e-02,2.979258864817433e-01,-3.151187950692765e-02,0.000000000000000e+00,0.000000000000000e+00,0.000000000000000e+00,6.483074999999906e-03,9.249999999810292e-04,4.319999999999998e-02,3.050000000137205e-04,nan
1.142500000000000e+02,-7.848029955171344e-01,-5.915040789769580e-02,-6.165063032889666e-01,-2.248255941484051e-02,2.487446871626172e-02,2.980946329861643e-01,-3.024061381078686e-02,0.000000000000000e+00,0.000000000000000e+00,0.000000000000000e+00,6.483074999999910e-03,9.249999999809834e-04,4.320000000000000e-02,3.050000000137344e-04,nan
1.145000000000000e+02,-7.611790814803435e-01,-5.838028835237910e-02,-6.456025468386171e-01,-1.988716581428707e-02,2.388366901618415e-02,2.982501179526773e-01,-2.901932196473092e-02,0.000000000000000e+00,0.000000000000000e+00,0.000000000000000e+00,6.483074999999915e-03,9.249999999809415e-04,4.320000000000002e-02,3.050000000137504e-04,nan
1.147500000000000e+02,-7.364725992177567e-01,-5.753155494137598e-02,-6.737903859415236e-01,-1.745699287511216e-02,2.293242883648795e-02,2.983933774151418e-01,-2.784608729786934e-02,0.000000000000000e+00,0.000000000000000e+00,0.000000000000000e+00,6.483074999999918e-03,9.249999999808988e-04,4.320000000000003e-02,3.050000000137691e-04,nan
1.150000000000000e+02,-7.107192730173728e-01,-5.661232006454861e-02,-7.010295999780215e-01,-1.518749924186143e-02,2.201924658529916e-02,2.985253673933299e-01,-2.671905672579852e-02,0.000000000000000e+00,0.000000000000000e+00,0.000000000000000e+00,6.483074999999915e-03,9.249999999808566e-04,4.320000000000002e-02,3.050000000137851e-04,nan
1.152500000000000e+02,-6.839562357076949e-01,-5.563022472578806e-02,-7.272813876094079e-01,-1.307398066591956e-02,2.114267225725338e-02,2.986469699311190e-01,-2.563643966336051e-02,0.000000000000000e+00,0.000000000000000e+00,0.000000000000000e+00,6.483074999999916e-03,9.249999999808228e-04,4.320000000000002e-02,3.050000000138068e-04,nan
1.155000000000000e+02,-6.562219789611807e-01,-5.459245343623014e-02,-7.525084124379872e-01,-1.111159602150402e-02,2.030130646317549e-02,2.987589987005523e-01,-2.459650681015974e-02,0.000000000000000e+00,0.000000000000000e+00,0.000000000000000e+00,6.483074999999914e-03,9.249999999807907e-04,4.320000000000002e-02,3.050000000138272e-04,nan
1.157500000000000e+02,-6.275563017961052e-01,-5.350574945940414e-02,-7.766748473756047e-01,-9.295391592843790e-03,1.949379937631491e-02,2.988622041996298e-01,-2.359758883281109e-02,0.000000000000000e+00,0.000000000000000e+00,0.000000000000000e+00,6.483074999999914e-03,9.249999999807614e-04,4.320000000000001e-02,3.050000000138502e-04,nan
1.160000000000000e+02,-5.980002573104738e-01,-5.237643030642571e-02,-7.997464176046958e-01,-7.620323708277735e-03,1.871884961230915e-02,2.989572785704416e-01,-2.263807496489112e-02,0.000000000000000e+00,0.000000000000000e+00,0.000000000000000e+00,6.483074999999915e-03,9.249999999807343e-04,4.320000000000002e-02,3.050000000138745e-04,nan
1.162500000000000e+02,-5.675960976895932e-01,-5.121040339796363e-02,-8.216904420202369e-01,-6.081279795517916e-03,1.797520305786517e-02,2.990448600629710e-01,-2.171641154288947e-02,0.000000000000000e+00,0.000000000000000e+00,0.000000000000000e+00,6.483074999999915e-03,9.249999999807115e-04,4.320000000000002e-02,3.050000000138994e-04,nan
1.165000000000000e+02,-5.363872175362336e-01,-5.001318181763179e-02,-8.424758730455988e-01,-4.673097930688828e-03,1.726165166120596e-02,2.991255371685861e-01,-2.083110049407931e-02,0.000000000000000e+00,0.000000000000000e+00,0.000000000000000e+00,6.483074999999918e-03,9.249999999806915e-04,4.320000000000002e-02,3.050000000139261e-04,nan
1.167500000000000e+02,-5.044180955790392e-01,-4.878990008874290e-02,-8.620733347200975e-01,-3.390584952007656e-03,1.657703219560667e-02,2.991998524459334e-01,-1.998069779011302e-02,0.000000000000000e+00,0.000000000000000e+00,0.000000000000000e+00,6.483074999999916e-03,9.249999999806745e-04,4.320000000000002e-02,3.050000000139551e-04,nan
1.170000000000000e+02,-4.717342348210027e-01,-4.754532991306409e-02,-8.804551589610035e-01,-2.228533207140328e-03,1.592022500581600e-02,2.992683060606613e-01,-1.916381187827747e-02,0.000000000000000e+00,0.000000000000000e+00,0.000000000000000e+00,6.483074999999918e-03,9.249999999806584e-04,4.320000000000003e-02,3.050000000139825e-04,nan
1.172500000000000e+02,-4.383821011954548e-01,-4.628389581638510e-02,-8.975954199078442e-01,-1.181736001376316e-03,1.529015274580641e-02,2.993313590591328e-01,-1.837910210068503e-02,0.000000000000000e+00,0.000000000000000e+00,0.000000000000000e+00,6.483074999999919e-03,9.249999999806464e-04,4.320000000000003e-02,3.050000000140087e-04,nan
1.175000000000000e+02,-4.044090608021481e-01,-4.500969065139395e-02,-9.134699662620017e-01,-2.450018118304590e-04,1.468577911510157e-02,2.993894363950674e-01,-1.762527711021143e-02,0.000000000000000e+00,0.000000000000000e+00,0.000000000000000e+00,6.483074999999920e-03,9.249999999806399e-04,4.320000000000004e-02,3.050000000140369e-04,nan
1.177500000000000e+02,-3.698633158006868e-01,-4.372649091359251e-02,-9.280564515398423e-01,5.868326690817488e-04,1.410610759987486e-02,2.994429297268629e-01,-1.690109329069801e-02,0.000000000000000e+00,0.000000000000000e+00,0.000000000000000e+00,6.483074999999918e-03,9.249999999806314e-04,4.320000000000003e-02,3.050000000140640e-04,nan
1.180000000000000e+02,-3.347938390427879e-01,-4.243777183081387e-02,-9.413343621628893e-01,1.318890599625335e-03,1.355018022408352e-02,2.994922000022146e-01,-1.620535318779651e-02,0.000000000000000e+00,0.000000000000000e+00,0.000000000000000e+00,6.483074999999922e-03,9.249999999806275e-04,4.320000000000004e-02,3.050000000140900e-04,nan
1.182500000000000e+02,-2.992503075286717e-01,-4.114672219135639e-02,-9.532850433138583e-01,1.956244104893688e-03,1.301707631508647e-02,2.995375798455578e-01,-1.553690395583126e-02,0.000000000000000e+00,0.000000000000000e+00,0.000000000000000e+00,6.483074999999921e-03,9.249999999806271e-04,4.320000000000004e-02,3.050000000141154e-04,nan
1.185000000000000e+02,-2.632830347763221e-01,-3.985625887985967e-02,-9.638917224926763e-01,2.503904385808899e-03,1.250591128747594e-02,2.995793757628320e-01,-1.489463582517310e-02,0.000000000000000e+00,0.000000000000000e+00,0.000000000000000e+00,6.483074999999925e-03,9.249999999806288e-04,4.320000000000005e-02,3.050000000141407e-04,nan
1.187500000000000e+02,-2.269429021954269e-01,-3.856904109384003e-02,-9.731395307119285e-01,2.966812765624253e-03,1.201583544822438e-02,2.996178701770750e-01,-1.427748059384617e-02,0.000000000000000e+00,0.000000000000000e+00,0.000000000000000e+00,6.483074999999924e-03,9.249999999806322e-04,4.320000000000006e-02,3.050000000141648e-04,nan
1.190000000000000e+02,-1.902812895605278e-01,-3.728748421730380e-02,-9.810155212764686e-01,3.349832620524853e-03,1.154603282569835e-02,2.996533233074334e-01,-1.368441014641287e-02,0.000000000000000e+00,0.000000000000000e+00,0.000000000000000e+00,6.483074999999927e-03,9.249999999806340e-04,4.320000000000006e-02,3.050000000141865e-04,nan
1.192500000000000e+02,-1.533500046803241e-01,-3.601377333108961e-02,-9.875086860971999e-01,3.657742142846233e-03,1.109572002461032e-02,2.996859749032940e-01,-1.311443500259079e-02,0.000000000000000e+00,0.000000000000000e+00,0.000000000000000e+00,6.483074999999923e-03,9.249999999806379e-04,4.320000000000004e-02,3.050000000142079e-04,nan
1.195000000000000e+02,-1.162012123621629e-01,-3.474987634257425e-02,-9.926099694942848e-01,3.895227887328565e-03,1.066414510856160e-02,2.997160458444209e-01,-1.256660289754018e-02,0.000000000000000e+00,0.000000000000000e+00,0.000000000000000e+00,6.483074999999928e-03,9.249999999806454e-04,4.320000000000006e-02,3.050000000142277e-04,nan
1.197500000000000e+02,-7.888736277255853e-02,-3.349755672013215e-02,-9.963122794502450e-01,4.066879052692390e-03,1.025058651146558e-02,2.997437396172014e-01,-1.203999739531198e-02,0.000000000000000e+00,0.000000000000000e+00,0.000000000000000e+00,6.483074999999933e-03,9.249999999806559e-04,4.320000000000008e-02,3.050000000142465e-04,nan
1.200000000000000e+02,-4.146111929611206e-02,-3.225838582028017e-02,-9.986104962785745e-01,4.177182452658023e-03,9.854351978825714e-03,2.997692436763860e-01,-1.153373653655710e-02,0.000000000000000e+00,0.000000000000000e+00,0.000000000000000e+00,6.483074999999928e-03,9.249999999806634e-04,4.320000000000006e-02,3.050000000142643e-04,nan
1.202500000000000e+02,-3.975285996471061e-03,-3.103375479778619e-02,-9.995014786786107e-01,4.230518132333031e-03,9.474777539570283e-03,2.997927307010197e-01,-1.104697152126053e-02,0.000000000000000e+00,0.000000000000000e+00,0.000000000000000e+00,6.483074999999932e-03,9.249999999806736e-04,4.320000000000008e-02,3.050000000142805e-04,nan
1.205000000000000e+02,3.351726521601504e-02,-2.982488609118224e-02,-9.989840671524649e-01,4.231155587658286e-03,9.111226508911652e-03,2.998143597526282e-01,-1.057888542697279e-02,0.000000000000000e+00,0.000000000000000e+00,0.000000000000000e+00,6.483074999999934e-03,9.249999999806837e-04,4.320000000000009e-02,3.050000000142952e-04,nan
1.207500000000000e+02,7.096366760450848e-02,-2.863284447811761e-02,-9.970590847648233e-01,4.183250547332195e-03,8.763088522496333e-03,2.998342773431332e-01,-1.012869196276112e-02,0.000000000000000e+00,0.000000000000000e+00,0.000000000000000e+00,6.483074999999928e-03,9.249999999806934e-04,4.320000000000006e-02,3.050000000143089e-04,nan
1.210000000000000e+02,1.083111327077823e-01,-2.745854769682365e-02,-9.937293352313760e-01,4.090842278323149e-03,8.429778601940567e-03,2.998526184194131e-01,-9.695634258887444e-03,0.000000000000000e+00,0.000000000000000e+00,0.000000000000000e+00,6.483074999999922e-03,9.249999999807043e-04,4.320000000000004e-02,3.050000000143213e-04,nan
1.212500000000000e+02,1.455070234178901e-01,-2.630277663165125e-02,-9.889995983265124e-01,3.957851377731376e-03,8.110736251699963e-03,2.998695072709093e-01,-9.278983692037704e-03,0.000000000000000e+00,0.000000000000000e+00,0.000000000000000e+00,6.483074999999922e-03,9.249999999807159e-04,4.320000000000004e-02,3.050000000143319e-04,nan
1.215000000000000e+02,1.824989269269721e-01,-2.516618506219619e-02,-9.828766226057412e-01,3.788078015372478e-03,7.805424587098355e-03,2.998850583662036e-01,-8.878038745770655e-03,0.000000000000000e+00,0.000000000000000e+00,0.000000000000000e+00,6.483074999999925e-03,9.249999999807291e-04,4.320000000000005e-02,3.050000000143415e-04,nan
1.217500000000000e+02,2.192347274368466e-01,-2.404930897695294e-02,-9.753691154430361e-01,3.585200593025357e-03,7.513329493237663e-03,2.998993771240421e-01,-8.492123905723001e-03,0.000000000000000e+00,0.000000000000000e+00,0.000000000000000e+00,6.483074999999925e-03,9.249999999807406e-04,4.320000000000005e-02,3.050000000143501e-04,nan
1.220000000000000e+02,2.556626785253108e-01,-2.295257545374558e-02,-9.664877303879890e-01,3.352774787816472e-03,7.233958814424259e-03,2.999125606238690e-01,-8.120588588997184e-03,0.000000000000000e+00,0.000000000000000e+00,0.000000000000000e+00,6.483074999999923e-03,9.249999999807517e-04,4.320000000000004e-02,3.050000000143578e-04,nan
1.222500000000000e+02,2.917314750635427e-01,-2.187631111038129e-02,-9.562450518522492e-01,3.094232948700380e-03,6.966841573676785e-03,2.999246982605476e-01,-7.762806107065981e-03,0.000000000000000e+00,0.000000000000000e+00,0.000000000000000e+00,6.483074999999927e-03,9.249999999807645e-04,4.320000000000006e-02,3.050000000143638e-04,nan
1.225000000000000e+02,3.273903245796402e-01,-2.082075013006605e-02,-9.446555771392526e-01,2.812883816442854e-03,6.711527221822664e-03,2.999358723475900e-01,-7.418172661452237e-03,0.000000000000000e+00,0.000000000000000e+00,0.000000000000000e+00,6.483074999999934e-03,9.249999999807775e-04,4.320000000000008e-02,3.050000000143686e-04,nan
1.227500000000000e+02,3.625890179641577e-01,-1.978604186711957e-02,-9.317356958356899e-01,2.511912538917526e-03,6.467584915644839e-03,2.999461586728869e-01,-7.086106371380091e-03,0.000000000000000e+00,0.000000000000000e+00,0.000000000000000e+00,6.483074999999935e-03,9.249999999807901e-04,4.320000000000009e-02,3.050000000143722e-04,nan
1.230000000000000e+02,3.972779994144870e-01,-1.877225803943456e-02,-9.175036665875231e-01,2.194380954890056e-03,6.234602824504451e-03,2.999556270106220e-01,-6.766046332544210e-03,0.000000000000000e+00,0.000000000000000e+00,0.000000000000000e+00,6.483074999999944e-03,9.249999999808027e-04,4.320000000000011e-02,3.050000000143753e-04,nan
1.232500000000000e+02,4.314084355160943e-01,-1.777939951494982e-02,-9.019795912876377e-01,1.863228120785254e-03,6.012187464838325e-03,2.999643415927685e-01,-6.457451706104280e-03,0.000000000000000e+00,0.000000000000000e+00,0.000000000000000e+00,6.483074999999946e-03,9.249999999808149e-04,4.320000000000012e-02,3.050000000143769e-04,nan
1.235000000000000e+02,4.649322833599252e-01,-1.680740270015251e-02,-8.851853867064089e-01,1.521271056212595e-03,5.799963061910834e-03,2.999723615433104e-01,-6.159800836981939e-03,0.000000000000000e+00,0.000000000000000e+00,0.000000000000000e+00,6.483074999999949e-03,9.249999999808264e-04,4.320000000000013e-02,3.050000000143776e-04,nan
1.237500000000000e+02,4.978023575967716e-01,-1.585614553929885e-02,-8.671447536005595e-01,1.171205685264469e-03,5.597570938187012e-03,2.999797412780762e-01,-5.872590400514820e-03,0.000000000000000e+00,0.000000000000000e+00,0.000000000000000e+00,6.483074999999946e-03,9.249999999808363e-04,4.320000000000012e-02,3.050000000143783e-04,nan
1.240000000000000e+02,5.299723963310029e-01,-1.492545313364802e-02,-8.478831433396932e-01,8.156079517995023e-04,5.404668927686948e-03,2.999865308728595e-01,-5.595334576506887e-03,0.000000000000000e+00,0.000000000000000e+00,0.000000000000000e+00,6.483074999999941e-03,9.249999999808462e-04,4.320000000000010e-02,3.050000000143788e-04,nan
1.242500000000000e+02,5.613971257578291e-01,-1.401510299054716e-02,-8.274277220938019e-01,4.569350880809256e-04,5.220930815679394e-03,2.999927764022836e-01,-5.327564249704250e-03,0.000000000000000e+00,0.000000000000000e+00,0.000000000000000e+00,6.483074999999942e-03,9.249999999808563e-04,4.320000000000010e-02,3.050000000143777e-04,nan
1.245000000000000e+02,5.920323234501634e-01,-1.312482991268979e-02,-8.058073326288643e-01,9.752701725756769e-05,5.046045803074805e-03,2.999985202516787e-01,-5.068826235720670e-03,0.000000000000000e+00,0.000000000000000e+00,0.000000000000000e+00,6.483074999999939e-03,9.249999999808658e-04,4.320000000000010e-02,3.050000000143766e-04,nan
1.247500000000000e+02,6.218348802031914e-01,-1.225433053829978e-02,-7.830524537613558e-01,-2.603921287467246e-04,4.879717994883812e-03,3.000038014040630e-01,-4.818682531435990e-03,0.000000000000000e+00,0.000000000000000e+00,0.000000000000000e+00,6.483074999999937e-03,9.249999999808745e-04,4.320000000000009e-02,3.050000000143748e-04,nan
1.250000000000000e+02,6.507628603469177e-01,-1.140326754337344e-02,-7.591951575261173e-01,-6.147123933300568e-04,4.721665912116131e-03,3.000086557041499e-01,-4.576709588893311e-03,0.000000000000000e+00,0.000000000000000e+00,0.000000000000000e+00,6.483074999999937e-03,9.249999999808828e-04,4.320000000000009e-02,3.050000000143725e-04,nan
1.252500000000000e+02,6.787755604392621e-01,-1.057127351744515e-02,-7.342690641155226e-01,-9.634362976894099e-04,4.571622026506419e-03,3.000131161011566e-01,-4.342497611726065e-03,0.000000000000000e+00,0.000000000000000e+00,0.000000000000000e+00,6.483074999999938e-03,9.249999999808910e-04,4.320000000000009e-02,3.050000000143692e-04,nan
1.255000000000000e+02,7.058335662546867e-01,-9.757954524632599e-03,-7.083092946512919e-01,-1.304677077107238e-03,4.429332317467390e-03,3.000172128720429e-01,-4.115649873153906e-03,0.000000000000000e+00,0.000000000000000e+00,0.000000000000000e+00,6.483074999999935e-03,9.249999999808979e-04,4.320000000000007e-02,3.050000000143664e-04,nan
1.257500000000000e+02,7.318988079858785e-01,-8.962893361968594e-03,-6.813524218535785e-01,-1.636656865550217e-03,4.294555850686140e-03,3.000209738266854e-01,-3.895782054596023e-03,0.000000000000000e+00,0.000000000000000e+00,0.000000000000000e+00,6.483074999999933e-03,9.249999999809050e-04,4.320000000000006e-02,3.050000000143627e-04,nan
1.260000000000000e+02,7.569346135786543e-01,-8.185652527240730e-03,-6.534364186751360e-01,-1.957704842191123e-03,4.167064377796828e-03,3.000244244963635e-01,-3.682521603961527e-03,0.000000000000000e+00,0.000000000000000e+00,0.000000000000000e+00,6.483074999999935e-03,9.249999999809118e-04,4.320000000000008e-02,3.050000000143579e-04,nan
1.262500000000000e+02,7.809057601230206e-01,-7.425776908741489e-03,-6.246006049714217e-01,-2.266255352608128e-03,4.046641956581391e-03,3.000275883068306e-01,-3.475507112689068e-03,0.000000000000000e+00,0.000000000000000e+00,0.000000000000000e+00,6.483074999999933e-03,9.249999999809179e-04,4.320000000000007e-02,3.050000000143536e-04,nan
1.265000000000000e+02,8.037785232261769e-01,-6.682796209481943e-03,-5.948855922804385e-01,-2.560846016592940e-03,3.933084591169453e-03,3.000304867371349e-01,-3.274387710620879e-03,0.000000000000000e+00,0.000000000000000e+00,0.000000000000000e+00,6.483074999999933e-03,9.249999999809235e-04,4.320000000000006e-02,3.050000000143495e-04,nan
1.267500000000000e+02,8.255207242962210e-01,-5.956227118545068e-03,-5.643332267889302e-01,-2.840115833709197e-03,3.826199891729084e-03,3.000331394652619e-01,-3.078822477810388e-03,0.000000000000000e+00,0.000000000000000e+00,0.000000000000000e+00,6.483074999999935e-03,9.249999999809282e-04,4.320000000000008e-02,3.050000000143452e-04,nan
1.270000000000000e+02,8.461017756683741e-01,-5.245575242352396e-03,-5.329865305642363e-01,-3.102803296984191e-03,3.725806753161164e-03,3.000355645015797e-01,-2.888479872376712e-03,0.000000000000000e+00,0.000000000000000e+00,0.000000000000000e+00,6.483074999999931e-03,9.249999999809328e-04,4.320000000000006e-02,3.050000000143402e-04,nan
1.272500000000000e+02,8.654927235086919e-01,-4.550336808692465e-03,-5.008896411336873e-01,-3.347744524389232e-03,3.631735052331708e-03,3.000377783109905e-01,-2.703037173533757e-03,0.000000000000000e+00,0.000000000000000e+00,0.000000000000000e+00,6.483074999999927e-03,9.249999999809366e-04,4.320000000000005e-02,3.050000000143355e-04,nan
1.275000000000000e+02,8.836662884334767e-01,-3.870000156413918e-03,-4.680877494958475e-01,-3.573871417065673e-03,3.543825363398688e-03,3.000397959246104e-01,-2.522179938936096e-03,0.000000000000000e+00,0.000000000000000e+00,0.000000000000000e+00,6.483074999999928e-03,9.249999999809405e-04,4.320000000000006e-02,3.050000000143304e-04,nan
1.277500000000000e+02,9.005969037859145e-01,-3.204047023721744e-03,-4.346270366502346e-01,-3.780209852583422e-03,3.461928690812223e-03,3.000416310417341e-01,-2.345601475498095e-03,0.000000000000000e+00,0.000000000000000e+00,0.000000000000000e+00,6.483074999999928e-03,9.249999999809438e-04,4.320000000000005e-02,3.050000000143253e-04,nan
1.280000000000000e+02,9.162607515148743e-01,-2.551953648034670e-03,-4.005546087343060e-01,-3.965877920875554e-03,3.385906219589668e-03,3.000432961227730e-01,-2.173002322856839e-03,0.000000000000000e+00,0.000000000000000e+00,0.000000000000000e+00,6.483074999999928e-03,9.249999999809467e-04,4.320000000000006e-02,3.050000000143202e-04,nan
1.282500000000000e+02,9.306357956042690e-01,-1.913191690366466e-03,-3.659184308585518e-01,-4.130084209874932e-03,3.315629082489945e-03,3.000448024737949e-01,-2.004089748663079e-03,0.000000000000000e+00,0.000000000000000e+00,0.000000000000000e+00,6.483074999999929e-03,9.249999999809496e-04,4.320000000000006e-02,3.050000000143151e-04,nan
1.285000000000000e+02,9.437018130049277e-01,-1.287228997185905e-03,-3.307672597324332e-01,-4.272126147285415e-03,3.250978143734296e-03,3.000461603232374e-01,-1.838577254897701e-03,0.000000000000000e+00,0.000000000000000e+00,0.000000000000000e+00,6.483074999999936e-03,9.249999999809521e-04,4.320000000000008e-02,3.050000000143097e-04,nan
1.287500000000000e+02,9.554404220245273e-01,-6.735302126908389e-04,-2.951505751756682e-01,-4.391388404349709e-03,3.191843798943643e-03,3.000473788913137e-01,-1.676184094423887e-03,0.000000000000000e+00,0.000000000000000e+00,0.000000000000000e+00,6.483074999999942e-03,9.249999999809543e-04,4.320000000000010e-02,3.050000000143047e-04,nan
1.290000000000000e+02,9.658351081347983e-01,-7.155725440287257e-05,-2.591185106109916e-01,-4.487341366926819e-03,3.138125790985624e-03,3.000484664525803e-01,-1.516634796997276e-03,0.000000000000000e+00,0.000000000000000e+00,0.000000000000000e+00,6.483074999999935e-03,9.249999999809559e-04,4.320000000000009e-02,3.050000000143000e-04,nan
1.292500000000000e+02,9.748712471589372e-01,5.192303350482337e-04,-2.227217826359968e-01,-4.559539678663179e-03,3.089733041447338e-03,3.000494303920923e-01,-1.359658703967836e-03,0.000000000000000e+00,0.000000000000000e+00,0.000000000000000e+00,6.483074999999938e-03,9.249999999809574e-04,4.320000000000009e-02,3.050000000142950e-04,nan
1.295000000000000e+02,9.825361258059238e-01,1.099375147125754e-03,-1.860116197730066e-01,-4.607620860530994e-03,3.046583497472686e-03,3.000502772555209e-01,-1.204989510917884e-03,0.000000000000000e+00,0.000000000000000e+00,0.000000000000000e+00,6.483074999999935e-03,9.249999999809584e-04,4.320000000000008e-02,3.050000000142900e-04,nan
1.297500000000000e+02,9.888189595222471e-01,1.669421764798518e-03,-1.490396904971093e-01,-4.631304010514117e-03,3.008603993726010e-03,3.000510127935802e-01,-1.052364817490647e-03,0.000000000000000e+00,0.000000000000000e+00,0.000000000000000e+00,6.483074999999929e-03,9.249999999809591e-04,4.320000000000006e-02,3.050000000142849e-04,nan
1.300000000000000e+02,9.937109076353998e-01,2.229916705445825e-03,-1.118580306435464e-01,-4.630388586743973e-03,2.975730129266486e-03,3.000516420010571e-01,-9.015256836729118e-04,0.000000000000000e+00,0.000000000000000e+00,0.000000000000000e+00,6.483074999999930e-03,9.249999999809599e-04,4.320000000000006e-02,3.050000000142802e-04,nan
1.302500000000000e+02,9.972050857673719e-01,2.781408436595180e-03,-7.451897029653645e-02,-4.604753276924441e-03,2.947906159140363e-03,3.000521691507133e-01,-7.522161918036373e-04,0.000000000000000e+00,0.000000000000000e+00,0.000000000000000e+00,6.483074999999937e-03,9.249999999809605e-04,4.320000000000009e-02,3.050000000142756e-04,nan
1.305000000000000e+02,9.992965755002925e-01,3.324447451895807e-03,-3.707506026237259e-02,-4.554354956433523e-03,2.925084900520736e-03,3.000525978222865e-01,-6.041830135878741e-04,0.000000000000000e+00,0.000000000000000e+00,0.000000000000000e+00,6.483074999999937e-03,9.249999999809604e-04,4.320000000000009e-02,3.050000000142709e-04,nan
1.307500000000000e+02,9.999824312802954e-01,3.859586394795957e-03,4.210017697683770e-04,-4.479227737049465e-03,2.907227653247031e-03,3.000529309267893e-01,-4.571749814019347e-04,0.000000000000000e+00,0.000000000000000e+00,0.000000000000000e+00,6.483074999999936e-03,9.249999999809604e-04,4.320000000000009e-02,3.050000000142661e-04,nan
1.310000000000000e+02,9.992616845496337e-01,4.387380217459004e-03,3.791644527541127e-02,-4.379482107818436e-03,2.894304134638799e-03,3.000531707262681e-01,-3.109426631814625e-04,0.000000000000000e+00,0.000000000000000e+00,0.000000000000000e+00,6.483074999999928e-03,9.249999999809598e-04,4.320000000000006e-02,3.050000000142611e-04,nan
1.312500000000000e+02,9.971353451010344e-01,4.908386362521637e-03,7.535850104656538e-02,-4.255304169158116e-03,2.886292428480763e-03,3.000533188491586e-01,-1.652379401888358e-04,0.000000000000000e+00,0.000000000000000e+00,0.000000000000000e+00,6.483074999999924e-03,9.249999999809588e-04,4.320000000000004e-02,3.050000000142562e-04,nan
1.315000000000000e+02,9.936063996522478e-01,5.423164955366991e-03,1.126944753433541e-01,-4.106954960875140e-03,2.883178948098387e-03,3.000533763013388e-01,-1.981358696022159e-05,0.000000000000000e+00,0.000000000000000e+00,0.000000000000000e+00,6.483074999999925e-03,9.249999999809580e-04,4.320000000000005e-02,3.050000000142519e-04,nan
1.317500000000000e+02,9.886798076427192e-01,5.932278994655583e-03,1.498718239411356e-01,-3.934769884362772e-03,2.884958413465417e-03,3.000533434729572e-01,1.255771472644596e-04,0.000000000000000e+00,0.000000000000000e+00,0.000000000000000e+00,6.483074999999925e-03,9.249999999809568e-04,4.320000000000004e-02,3.050000000142474e-04,nan
1.320000000000000e+02,9.823624942582770e-01,6.436294528927897e-03,1.868382259689060e-01,-3.739158218836810e-03,2.891633842307141e-03,3.000532201410814e-01,2.711809563233938e-04,0.000000000000000e+00,0.000000000000000e+00,0.000000000000000e+00,6.483074999999924e-03,9.249999999809553e-04,4.320000000000004e-02,3.050000000142429e-04,nan
1.322500000000000e+02,9.746633406936913e-01,6.935780807163558e-03,2.235416574350710e-01,-3.520602731061083e-03,2.903216555185226e-03,3.000530054681850e-01,4.172448948202160e-04,0.000000000000000e+00,0.000000000000000e+00,0.000000000000000e+00,6.483074999999929e-03,9.249999999809541e-04,4.320000000000006e-02,3.050000000142386e-04,nan
1.325000000000000e+02,9.655931716668917e-01,7.431310391254039e-03,2.599304643371154e-01,-3.279659377607369e-03,2.919726194572194e-03,3.000526979964616e-01,5.640167964103680e-04,0.000000000000000e+00,0.000000000000000e+00,0.000000000000000e+00,6.483074999999929e-03,9.249999999809519e-04,4.320000000000006e-02,3.050000000142344e-04,nan
1.327500000000000e+02,9.551647402025712e-01,7.923459218418302e-03,2.959534352522976e-01,-3.016957098286676e-03,2.941190757945817e-03,3.000522956379299e-01,7.117456933808189e-04,0.000000000000000e+00,0.000000000000000e+00,0.000000000000000e+00,6.483074999999931e-03,9.249999999809496e-04,4.320000000000006e-02,3.050000000142302e-04,nan
1.330000000000000e+02,9.433927097067878e-01,8.412806601664283e-03,3.315598733072291e-01,-2.733197698978033e-03,2.967646644955852e-03,3.000517956602604e-01,8.606822382192467e-04,0.000000000000000e+00,0.000000000000000e+00,0.000000000000000e+00,6.483074999999933e-03,9.249999999809477e-04,4.320000000000007e-02,3.050000000142260e-04,nan
1.332500000000000e+02,9.302936333580538e-01,8.899935156473845e-03,3.666996674250957e-01,-2.429155821665833e-03,2.999138718737814e-03,3.000511946682282e-01,1.011079127871475e-03,0.000000000000000e+00,0.000000000000000e+00,0.000000000000000e+00,6.483074999999930e-03,9.249999999809449e-04,4.320000000000006e-02,3.050000000142216e-04,nan
1.335000000000000e+02,9.158859308442322e-01,9.385430641965311e-03,4.013233627503042e-01,-2.105678999075692e-03,3.035720381470759e-03,3.000504885806676e-01,1.163191531389574e-03,0.000000000000000e+00,0.000000000000000e+00,0.000000000000000e+00,6.483074999999928e-03,9.249999999809424e-04,4.320000000000006e-02,3.050000000142180e-04,nan
1.337500000000000e+02,9.001898624783543e-01,9.869881704866247e-03,4.353822301515185e-01,-1.763687790870473e-03,3.077453664298362e-03,3.000496726027708e-01,1.317277521677586e-03,0.000000000000000e+00,0.000000000000000e+00,0.000000000000000e+00,6.483074999999935e-03,9.249999999809395e-04,4.320000000000008e-02,3.050000000142146e-04,nan
1.340000000000000e+02,8.832275007302208e-01,1.035387951471099e-02,4.688283347053691e-01,-1.404175997931064e-03,3.124409331755022e-03,3.000487411935422e-01,1.473598512047288e-03,0.000000000000000e+00,0.000000000000000e+00,0.000000000000000e+00,6.483074999999929e-03,9.249999999809361e-04,4.320000000000006e-02,3.050000000142104e-04,nan
1.342500000000000e+02,8.650226992143419e-01,1.083801727876232e-02,5.016146030645841e-01,-1.028210950799240e-03,3.176667000861127e-03,3.000476880281926e-01,1.632419698302753e-03,0.000000000000000e+00,0.000000000000000e+00,0.000000000000000e+00,6.483074999999935e-03,9.249999999809325e-04,4.320000000000008e-02,3.050000000142062e-04,nan
1.345000000000000e+02,8.456010591784209e-01,1.132288962524671e-02,5.336948896158884e-01,-6.369338679012366e-04,3.234315275074263e-03,3.000465059552107e-01,1.794010507079726e-03,0.000000000000000e+00,0.000000000000000e+00,0.000000000000000e+00,6.483074999999931e-03,9.249999999809287e-04,4.320000000000006e-02,3.050000000142025e-04,nan
1.347500000000000e+02,8.249898935401579e-01,1.180909184358736e-02,5.650240413347613e-01,-2.315602786990694e-04,3.297451893305701e-03,3.000451869478295e-01,1.958645051173901e-03,0.000000000000000e+00,0.000000000000000e+00,0.000000000000000e+00,6.483074999999936e-03,9.249999999809243e-04,4.320000000000008e-02,3.050000000141990e-04,nan
1.350000000000000e+02,8.032181885236729e-01,1.229721897042132e-02,5.955579612460131e-01,1.866194935691209e-04,3.366183894234266e-03,3.000437220495524e-01,2.126602592601140e-03,0.000000000000000e+00,0.000000000000000e+00,0.000000000000000e+00,6.483074999999937e-03,9.249999999809196e-04,4.320000000000009e-02,3.050000000141951e-04,nan
1.352500000000000e+02,7.803165629502874e-01,1.278786471029577e-02,6.252536704011548e-01,6.162397953995312e-04,3.440627796172454e-03,3.000421013133743e-01,2.298168014142403e-03,0.000000000000000e+00,0.000000000000000e+00,0.000000000000000e+00,6.483074999999939e-03,9.249999999809144e-04,4.320000000000009e-02,3.050000000141912e-04,nan
1.355000000000000e+02,7.563172252417786e-01,1.328162018005717e-02,6.540693682856712e-01,1.055859059141587e-03,3.520909792762569e-03,3.000403137342837e-01,2.473632300136672e-03,0.000000000000000e+00,0.000000000000000e+00,0.000000000000000e+00,6.483074999999933e-03,9.249999999809088e-04,4.320000000000007e-02,3.050000000141874e-04,nan
1.357500000000000e+02,7.312539281975042e-01,1.377907246607508e-02,6.819644915715798e-01,1.503959178618429e-03,3.607165964803494e-03,3.000383471745922e-01,2.653293027296404e-03,0.000000000000000e+00,0.000000000000000e+00,0.000000000000000e+00,6.483074999999935e-03,9.249999999809029e-04,4.320000000000008e-02,3.050000000141845e-04,nan
1.360000000000000e+02,7.051619216100115e-01,1.428080298358308e-02,7.088997711330484e-01,1.958944851696665e-03,3.699542508531722e-03,3.000361882815804e-01,2.837454866331945e-03,0.000000000000000e+00,0.000000000000000e+00,0.000000000000000e+00,6.483074999999938e-03,9.249999999808974e-04,4.320000000000009e-02,3.050000000141824e-04,nan
1.362500000000000e+02,6.780779027868515e-01,1.478738562757234e-02,7.348372872453648e-01,2.419142897827496e-03,3.798195980703162e-03,3.000338223969109e-01,3.026430095183922e-03,0.000000000000000e+00,0.000000000000000e+00,0.000000000000000e+00,6.483074999999942e-03,9.249999999808909e-04,4.320000000000011e-02,3.050000000141793e-04,nan
1.365000000000000e+02,6.500399650493518e-01,1.529938470484239e-02,7.597405228901911e-01,2.882801559176807e-03,3.903293560845175e-03,3.000312334571896e-01,3.220539124675694e-03,0.000000000000000e+00,0.000000000000000e+00,0.000000000000000e+00,6.483074999999948e-03,9.249999999808845e-04,4.320000000000013e-02,3.050000000141780e-04,nan
1.367500000000000e+02,6.210875442820223e-01,1.581735263699875e-02,7.835744150927922e-01,3.348089794579248e-03,4.015013331071116e-03,3.000284038850055e-01,3.420111037411579e-03,0.000000000000000e+00,0.000000000000000e+00,0.000000000000000e+00,6.483074999999949e-03,9.249999999808774e-04,4.320000000000013e-02,3.050000000141765e-04,nan
1.370000000000000e+02,5.912613636090966e-01,1.634182742439143e-02,8.063054042197929e-01,3.813096576191581e-03,4.133544573872315e-03,3.000253144697136e-01,3.625484140760476e-03,0.000000000000000e+00,0.000000000000000e+00,0.000000000000000e+00,6.483074999999949e-03,9.249999999808701e-04,4.320000000000013e-02,3.050000000141754e-04,nan
1.372500000000000e+02,5.606033762774335e-01,1.687332986121328e-02,8.279014811690115e-01,4.275830199384546e-03,4.259088088324942e-03,3.000219442371538e-01,3.837006534778831e-03,0.000000000000000e+00,0.000000000000000e+00,0.000000000000000e+00,6.483074999999955e-03,9.249999999808627e-04,4.320000000000015e-02,3.050000000141753e-04,nan
1.375000000000000e+02,5.291567068276032e-01,1.741236049222484e-02,8.483322323859969e-01,4.734217617100870e-03,4.391856525171370e-03,3.000182703074272e-01,4.055036695941264e-03,0.000000000000000e+00,0.000000000000000e+00,0.000000000000000e+00,6.483074999999954e-03,9.249999999808549e-04,4.320000000000014e-02,3.050000000141750e-04,nan
1.377500000000000e+02,4.969655906374879e-01,1.795939630184564e-02,8.675688826451025e-01,5.186103810620615e-03,4.532074741257426e-03,3.000142677397704e-01,4.279944077561612e-03,0.000000000000000e+00,0.000000000000000e+00,0.000000000000000e+00,6.483074999999950e-03,9.249999999808473e-04,4.320000000000013e-02,3.050000000141756e-04,nan
1.380000000000000e+02,4.640753119251001e-01,1.851488712665252e-02,8.855843355362210e-01,5.629251209414250e-03,4.679980173828234e-03,3.000099093634808e-01,4.512109727801462e-03,0.000000000000000e+00,0.000000000000000e+00,0.000000000000000e+00,6.483074999999952e-03,9.249999999808392e-04,4.320000000000014e-02,3.050000000141766e-04,nan
1.382500000000000e+02,4.305321402995744e-01,1.907925178265595e-02,9.023532116017016e-01,6.061339173529428e-03,4.835823235205920e-03,3.000051655937533e-01,4.751926926177158e-03,0.000000000000000e+00,0.000000000000000e+00,0.000000000000000e+00,6.483074999999951e-03,9.249999999808297e-04,4.320000000000013e-02,3.050000000141774e-04,nan
1.385000000000000e+02,3.963832659514238e-01,1.965287389908957e-02,9.178518840714684e-01,6.479963552749726e-03,4.999867728392327e-03,3.000000042311881e-01,4.999801839489708e-03,0.000000000000000e+00,0.000000000000000e+00,0.000000000000000e+00,6.483074999999948e-03,9.249999999808216e-04,4.320000000000012e-02,3.050000000141799e-04,nan
1.387500000000000e+02,3.616767335751486e-01,2.023609745084612e-02,9.320585121479315e-01,6.882636337582907e-03,5.172391284158660e-03,2.999943902436198e-01,5.256154198114602e-03,0.000000000000000e+00,0.000000000000000e+00,0.000000000000000e+00,6.483074999999948e-03,9.249999999808126e-04,4.320000000000013e-02,3.050000000141827e-04,nan
1.390000000000000e+02,3.264613751191555e-01,2.082922198213143e-02,9.449530717959587e-01,7.266785417983045e-03,5.353685820201527e-03,2.999882855287999e-01,5.521417993600049e-03,0.000000000000000e+00,0.000000000000000e+00,0.000000000000000e+00,6.483074999999946e-03,9.249999999808039e-04,4.320000000000012e-02,3.050000000141863e-04,nan
1.392500000000000e+02,2.907867414596755e-01,2.143249751438642e-02,9.565173839969348e-01,7.629754466585155e-03,5.544058022961020e-03,2.999816486563380e-01,5.796042198532295e-03,0.000000000000000e+00,0.000000000000000e+00,0.000000000000000e+00,6.483074999999952e-03,9.249999999807960e-04,4.320000000000014e-02,3.050000000141914e-04,nan
1.395000000000000e+02,2.547030330969580e-01,2.204611913205087e-02,9.667351404297583e-01,7.968802964132828e-03,5.743829852710737e-03,2.999744345871672e-01,6.080491509634889e-03,0.000000000000000e+00,0.000000000000000e+00,0.000000000000000e+00,6.483074999999949e-03,9.249999999807869e-04,4.320000000000013e-02,3.050000000141963e-04,nan
1.397500000000000e+02,2.182610299734697e-01,2.267022124031474e-02,9.755919265455533e-01,8.281106385709046e-03,5.953339072541863e-03,2.999665943686547e-01,6.375247115074967e-03,0.000000000000000e+00,0.000000000000000e+00,0.000000000000000e+00,6.483074999999949e-03,9.249999999807765e-04,4.320000000000013e-02,3.050000000142024e-04,nan
1.400000000000000e+02,1.815120205151215e-01,2.330487148962590e-02,9.830752420068495e-01,8.563756567337263e-03,6.172939801873125e-03,2.999580748033107e-01,6.680807486952866e-03,0.000000000000000e+00,0.000000000000000e+00,0.000000000000000e+00,6.483074999999957e-03,9.249999999807678e-04,4.320000000000015e-02,3.050000000142100e-04,nan
1.402500000000000e+02,1.445077299976990e-01,2.395006436240192e-02,9.891745184660466e-01,8.813762273504397e-03,6.403003095125174e-03,2.999488180888779e-01,6.997689199951538e-03,0.000000000000000e+00,0.000000000000000e+00,0.000000000000000e+00,6.483074999999950e-03,9.249999999807581e-04,4.320000000000013e-02,3.050000000142171e-04,nan
1.405000000000000e+02,1.073002483416633e-01,2.460571441813192e-02,9.938811346620983e-01,9.028049987168468e-03,6.643917546201223e-03,2.999387614273999e-01,7.326427777118351e-03,0.000000000000000e+00,0.000000000000000e+00,0.000000000000000e+00,6.483074999999951e-03,9.249999999807506e-04,4.320000000000014e-02,3.050000000142264e-04,nan
1.407500000000000e+02,6.994195743932614e-02,2.527164919385551e-02,9.971884288185394e-01,9.203464944851530e-03,6.896089919414955e-03,2.999278366006506e-01,7.667578563743412e-03,0.000000000000000e+00,0.000000000000000e+00,0.000000000000000e+00,6.483074999999946e-03,9.249999999807426e-04,4.320000000000012e-02,3.050000000142365e-04,nan
1.410000000000000e+02,3.248545811907312e-02,2.594760175787512e-02,9.990917083302230e-01,9.336772440482186e-03,7.159945807501194e-03,2.999159695090997e-01,8.021717630284489e-03,0.000000000000000e+00,0.000000000000000e+00,0.000000000000000e+00,6.483074999999948e-03,9.249999999807353e-04,4.320000000000013e-02,3.050000000142475e-04,nan
1.412500000000000e+02,-5.016503148180773e-03,2.663320291549959e-02,9.995882567304358e-01,9.424659422740884e-03,7.435930317333883e-03,2.999030796713412e-01,8.389442705268303e-03,0.000000000000000e+00,0.000000000000000e+00,0.000000000000000e+00,6.483074999999942e-03,9.249999999807276e-04,4.320000000000011e-02,3.050000000142594e-04,nan
1.415000000000000e+02,-4.251110769478692e-02,2.732797306663498e-02,9.986773379344102e-01,9.463736411774289e-03,7.724508783958454e-03,2.998890796806629e-01,8.771374139069940e-03,0.000000000000000e+00,0.000000000000000e+00,0.000000000000000e+00,6.483074999999944e-03,9.249999999807215e-04,4.320000000000011e-02,3.050000000142724e-04,nan
1.417500000000000e+02,-7.994553814872922e-02,2.803131371613985e-02,9.963601977596551e-01,9.450539762281728e-03,8.026167513521013e-03,2.998738746151457e-01,9.168155899435555e-03,0.000000000000000e+00,0.000000000000000e+00,0.000000000000000e+00,6.483074999999944e-03,9.249999999807140e-04,4.320000000000011e-02,3.050000000142870e-04,nan
1.420000000000000e+02,-1.172670518668987e-01,2.874249863905020e-02,9.926400627279693e-01,9.381534301135348e-03,8.341414555643526e-03,2.998573613973943e-01,9.580456599566720e-03,0.000000000000000e+00,0.000000000000000e+00,0.000000000000000e+00,6.483074999999946e-03,9.249999999807096e-04,4.320000000000012e-02,3.050000000143019e-04,nan
1.422500000000000e+02,-1.544230542038159e-01,2.946066470406088e-02,9.875221361584886e-01,9.253116368875328e-03,8.670780505751320e-03,2.998394280996665e-01,1.000897055952634e-02,0.000000000000000e+00,0.000000000000000e+00,0.000000000000000e+00,6.483074999999948e-03,9.249999999807056e-04,4.320000000000013e-02,3.050000000143177e-04,nan
1.425000000000000e+02,-1.913611715107283e-01,3.018480236003220e-02,9.810135915656394e-01,9.061617295620423e-03,9.014819337804913e-03,2.998199531898246e-01,1.045441890165407e-02,0.000000000000000e+00,0.000000000000000e+00,0.000000000000000e+00,6.483074999999949e-03,9.249999999807027e-04,4.320000000000013e-02,3.050000000143344e-04,nan
1.427500000000000e+02,-2.280293237605994e-01,3.091374579177649e-02,9.731235633804308e-01,8.803307343151018e-03,9.374109267821333e-03,2.997988047131532e-01,1.091755068059184e-02,0.000000000000000e+00,0.000000000000000e+00,0.000000000000000e+00,6.483074999999943e-03,9.249999999807004e-04,4.320000000000011e-02,3.050000000143515e-04,nan
1.430000000000000e+02,-2.643757966952822e-01,3.164616275298052e-02,9.638631350180946e-01,8.474400146154248e-03,9.749253648488302e-03,2.997758394046834e-01,1.139914404841476e-02,0.000000000000000e+00,0.000000000000000e+00,0.000000000000000e+00,6.483074999999944e-03,9.249999999807008e-04,4.320000000000011e-02,3.050000000143698e-04,nan
1.432500000000000e+02,-3.003493133921660e-01,3.238054408583968e-02,9.532453243197024e-01,8.071057686867120e-03,1.014088189507617e-02,2.997509017262238e-01,1.190000745523710e-02,0.000000000000000e+00,0.000000000000000e+00,0.000000000000000e+00,6.483074999999940e-03,9.249999999807035e-04,4.320000000000011e-02,3.050000000143885e-04,nan
1.435000000000000e+02,-3.358991051487861e-01,3.311519293882895e-02,9.412850664000114e-01,7.589395838611114e-03,1.054965044273478e-02,2.997238228218327e-01,1.242098088551444e-02,0.000000000000000e+00,0.000000000000000e+00,0.000000000000000e+00,6.483074999999941e-03,9.249999999807066e-04,4.320000000000010e-02,3.050000000144078e-04,nan
1.437500000000000e+02,-3.709749815853040e-01,3.384821369602185e-02,9.279991939384409e-01,7.025490514977882e-03,1.097624373512291e-02,2.996944193849559e-01,1.296293713008715e-02,0.000000000000000e+00,0.000000000000000e+00,0.000000000000000e+00,6.483074999999942e-03,9.249999999807102e-04,4.320000000000011e-02,3.050000000144280e-04,nan
1.440000000000000e+02,-4.055273998664227e-01,3.457750063350107e-02,9.134064149547405e-01,6.375384462697566e-03,1.142137524415342e-02,2.996624924299148e-01,1.352678309380517e-02,0.000000000000000e+00,0.000000000000000e+00,0.000000000000000e+00,6.483074999999937e-03,9.249999999807175e-04,4.320000000000009e-02,3.050000000144476e-04,nan
1.442500000000000e+02,-4.395075329461787e-01,3.530072632069314e-02,8.975272881155730e-01,5.635094737495234e-03,1.188578852044439e-02,2.996278259598470e-01,1.411346113833350e-02,0.000000000000000e+00,0.000000000000000e+00,0.000000000000000e+00,6.483074999999933e-03,9.249999999807255e-04,4.320000000000008e-02,3.050000000144676e-04,nan
1.445000000000000e+02,-4.728673367411863e-01,3.601532978691685e-02,8.803841956228985e-01,4.800620903513519e-03,1.237025827384180e-02,2.995901855225744e-01,1.472395045945842e-02,0.000000000000000e+00,0.000000000000000e+00,0.000000000000000e+00,6.483074999999928e-03,9.249999999807342e-04,4.320000000000006e-02,3.050000000144894e-04,nan
1.447500000000000e+02,-5.055596161402975e-01,3.671850447607003e-02,8.620013137397090e-01,3.867953998146103e-03,1.287559148311741e-02,2.995493166452106e-01,1.535926849789064e-02,0.000000000000000e+00,0.000000000000000e+00,0.000000000000000e+00,6.483074999999923e-03,9.249999999807433e-04,4.320000000000004e-02,3.050000000145111e-04,nan
1.450000000000000e+02,-5.375380897612867e-01,3.740718601520817e-02,8.424045810133020e-01,2.833086305382542e-03,1.340262853364319e-02,2.995049431376020e-01,1.602047238218700e-02,0.000000000000000e+00,0.000000000000000e+00,0.000000000000000e+00,6.483074999999918e-03,9.249999999807565e-04,4.320000000000002e-02,3.050000000145343e-04,nan
1.452500000000000e+02,-5.687574533680981e-01,3.807803982580273e-02,8.216216642609132e-01,1.692021982004404e-03,1.395224438149325e-02,2.994567652539383e-01,1.670866040198080e-02,0.000000000000000e+00,0.000000000000000e+00,0.000000000000000e+00,6.483074999999925e-03,9.249999999807752e-04,4.320000000000005e-02,3.050000000145538e-04,nan
1.455000000000000e+02,-5.991734418654185e-01,3.872744860972389e-02,7.996819223871171e-01,4.407885821895274e-04,1.452534974202233e-02,2.994044577010515e-01,1.742497350921435e-02,0.000000000000000e+00,0.000000000000000e+00,0.000000000000000e+00,6.483074999999920e-03,9.249999999807933e-04,4.320000000000003e-02,3.050000000145742e-04,nan
1.457500000000000e+02,-6.287428897908532e-01,3.935149974548793e-02,7.766163681069640e-01,-9.245504727320970e-04,1.512289230050646e-02,2.993476674810706e-01,1.817059684449800e-02,0.000000000000000e+00,0.000000000000000e+00,0.000000000000000e+00,6.483074999999923e-03,9.249999999808135e-04,4.320000000000004e-02,3.050000000145952e-04,nan
1.460000000000000e+02,-6.574237902288320e-01,3.994597263406210e-02,7.524576276533262e-01,-2.407882431478846e-03,1.574585794190192e-02,2.992860115551706e-01,1.894676128506747e-02,0.000000000000000e+00,0.000000000000000e+00,0.000000000000000e+00,6.483074999999926e-03,9.249999999808374e-04,4.320000000000005e-02,3.050000000146141e-04,nan
1.462500000000000e+02,-6.851753520745408e-01,4.050632603755060e-02,7.272398985513692e-01,-4.013030707982129e-03,1.639527199617179e-02,2.992190743142008e-01,1.975474501006651e-02,0.000000000000000e+00,0.000000000000000e+00,0.000000000000000e+00,6.483074999999922e-03,9.249999999808602e-04,4.320000000000003e-02,3.050000000146341e-04,nan
1.465000000000000e+02,-7.119580555807180e-01,4.102768545841607e-02,7.009989055474199e-01,-5.743739284481855e-03,1.707220049493741e-02,2.991464048409476e-01,2.059587507803120e-02,0.000000000000000e+00,0.000000000000000e+00,0.000000000000000e+00,6.483074999999916e-03,9.249999999808873e-04,4.320000000000002e-02,3.050000000146518e-04,nan
1.467500000000000e+02,-7.377337061250445e-01,4.150483061154515e-02,6.737718547837835e-01,-7.603655971550518e-03,1.777775143442318e-02,2.990675139477176e-01,2.147152901048432e-02,0.000000000000000e+00,0.000000000000000e+00,0.000000000000000e+00,6.483074999999912e-03,9.249999999809160e-04,4.320000000000000e-02,3.050000000146711e-04,nan
1.470000000000000e+02,-7.624654861411581e-01,4.193218304647358e-02,6.455973863151994e-01,-9.596314473162230e-03,1.851307603876603e-02,2.989818709718041e-01,2.238313637444748e-02,0.000000000000000e+00,0.000000000000000e+00,0.000000000000000e+00,6.483074999999912e-03,9.249999999809468e-04,4.320000000000000e-02,3.050000000146846e-04,nan
1.472500000000000e+02,-7.861180051620313e-01,4.230379398247170e-02,6.165155250666495e-01,-1.172511520414640e-02,1.927937001674206e-02,2.988889003102265e-01,2.333218035542845e-02,0.000000000000000e+00,0.000000000000000e+00,0.000000000000000e+00,6.483074999999910e-03,9.249999999809803e-04,4.320000000000000e-02,3.050000000146987e-04,nan
1.475000000000000e+02,-8.086573479305910e-01,4.261333242499101e-02,5.865676303360821e-01,-1.399330480671467e-02,2.007787480380719e-02,2.987879776739187e-01,2.432019931102535e-02,0.000000000000000e+00,0.000000000000000e+00,0.000000000000000e+00,6.483074999999911e-03,9.249999999810153e-04,4.320000000000000e-02,3.050000000147082e-04,nan
1.477500000000000e+02,-8.300511205390686e-01,4.285407363821846e-02,5.557963439492639e-01,-1.640395431224777e-02,2.090987878004165e-02,2.986784260402876e-01,2.534878829368570e-02,0.000000000000000e+00,0.000000000000000e+00,0.000000000000000e+00,6.483074999999910e-03,9.249999999810522e-04,4.320000000000000e-02,3.050000000147162e-04,nan
1.480000000000000e+02,-8.502684945656576e-01,4.301888805521747e-02,5.242455371774097e-01,-1.895993589420471e-02,2.177671845310898e-02,2.985595112817808e-01,2.641960052934693e-02,0.000000000000000e+00,0.000000000000000e+00,0.000000000000000e+00,6.483074999999914e-03,9.249999999810911e-04,4.320000000000000e-02,3.050000000147197e-04,nan
1.482500000000000e+02,-8.692802491846594e-01,4.310023071439443e-02,4.919602565313855e-01,-2.166389815790193e-02,2.267977959367250e-02,2.984304374468014e-01,2.753434883664069e-02,0.000000000000000e+00,0.000000000000000e+00,0.000000000000000e+00,6.483074999999913e-03,9.249999999811362e-04,4.320000000000000e-02,3.050000000147234e-04,nan
1.485000000000000e+02,-8.870588112344395e-01,4.309013131886227e-02,4.589866685491342e-01,-2.451823991304455e-02,2.362049830883210e-02,2.982903416679990e-01,2.869480696904040e-02,0.000000000000000e+00,0.000000000000000e+00,0.000000000000000e+00,6.483074999999915e-03,9.249999999811791e-04,4.320000000000000e-02,3.050000000147186e-04,nan
1.487500000000000e+02,-9.035782932362244e-01,4.298018502372567e-02,4.253720036954362e-01,-2.752508237531816e-02,2.460036203702942e-02,2.981382886716705e-01,2.990281085974041e-02,0.000000000000000e+00,0.000000000000000e+00,0.000000000000000e+00,6.483074999999912e-03,9.249999999812249e-04,4.319999999999999e-02,3.050000000147121e-04,nan
1.490000000000000e+02,-9.188145293660748e-01,4.276154406544105e-02,3.911644994951665e-01,-3.068623974412257e-02,2.562091044549348e-02,2.979732648607455e-01,3.116025974614610e-02,0.000000000000000e+00,0.000000000000000e+00,0.000000000000000e+00,6.483074999999908e-03,9.249999999812717e-04,4.319999999999997e-02,3.050000000147030e-04,nan
1.492500000000000e+02,-9.327451093922932e-01,4.242491035726215e-02,3.564133430227512e-01,-3.400318810470686e-02,2.668373620863579e-02,2.977941719426261e-01,3.246911714759152e-02,0.000000000000000e+00,0.000000000000000e+00,0.000000000000000e+00,6.483074999999902e-03,9.249999999813205e-04,4.319999999999995e-02,3.050000000146889e-04,nan
1.495000000000000e+02,-9.453494106010943e-01,4.196052918543031e-02,3.211686128714860e-01,-3.747703260462208e-02,2.779048564282211e-02,2.975998200720474e-01,3.383141166625103e-02,0.000000000000000e+00,0.000000000000000e+00,0.000000000000000e+00,6.483074999999896e-03,9.249999999813672e-04,4.319999999999993e-02,3.050000000146711e-04,nan
1.497500000000000e+02,-9.566086277446140e-01,4.135818415227041e-02,2.854812207266700e-01,-4.110847285662382e-02,2.894285916961754e-02,2.973889204781516e-01,3.524923757713169e-02,0.000000000000000e+00,0.000000000000000e+00,0.000000000000000e+00,6.483074999999891e-03,9.249999999814180e-04,4.319999999999992e-02,3.050000000146505e-04,nan
1.500000000000000e+02,-9.665058010572604e-01,4.060719352477470e-02,2.494028526660198e-01,-4.489776652303137e-02,3.014261157588767e-02,2.971600775441757e-01,3.672475516848760e-02,0.000000000000000e+00,0.000000000000000e+00,0.000000000000000e+00,6.483074999999883e-03,9.249999999814656e-04,4.319999999999990e-02,3.050000000146237e-04,nan
1.502500000000000e+02,-9.750258423990563e-01,3.969640816066554e-02,2.129859103094398e-01,-4.884469104019176e-02,3.139155203500749e-02,2.969117803076079e-01,3.826019078893746e-02,0.000000000000000e+00,0.000000000000000e+00,0.000000000000000e+00,6.483074999999880e-03,9.249999999815122e-04,4.319999999999988e-02,3.050000000145890e-04,nan
1.505000000000000e+02,-9.821555595979793e-01,3.861421119839602e-02,1.762834519378082e-01,-5.294850344623990e-02,3.269154384884351e-02,2.966423933484226e-01,3.985783655195346e-02,0.000000000000000e+00,0.000000000000000e+00,0.000000000000000e+00,6.483074999999878e-03,9.249999999815580e-04,4.319999999999987e-02,3.050000000145497e-04,nan
1.507500000000000e+02,-9.878836790773792e-01,3.734851971314193e-02,1.393491336968301e-01,-5.720789828093584e-02,3.404450386509829e-02,2.963501470331653e-01,4.152004964217335e-02,0.000000000000000e+00,0.000000000000000e+00,0.000000000000000e+00,6.483074999999880e-03,9.249999999816003e-04,4.319999999999988e-02,3.050000000145047e-04,nan
1.510000000000000e+02,-9.922008668693408e-01,3.588678855762829e-02,1.022371509970423e-01,-6.162096353317353e-02,3.545240151900073e-02,2.960331270832960e-01,4.324925116112614e-02,0.000000000000000e+00,0.000000000000000e+00,0.000000000000000e+00,6.483074999999876e-03,9.249999999816449e-04,4.319999999999986e-02,3.050000000144560e-04,nan
1.512500000000000e+02,-9.950997481303218e-01,3.421601662468530e-02,6.500218021453723e-02,-6.618513461999082e-02,3.691725744215724e-02,2.956892634374561e-01,4.504792444240963e-02,0.000000000000000e+00,0.000000000000000e+00,0.000000000000000e+00,6.483074999999870e-03,9.249999999816807e-04,4.319999999999985e-02,3.050000000143996e-04,nan
1.515000000000000e+02,-9.965749252915062e-01,3.232275578779443e-02,2.769932078867200e-02,-7.089714639079608e-02,3.844114157461144e-02,2.953163183793071e-01,4.691861275807381e-02,0.000000000000000e+00,0.000000000000000e+00,0.000000000000000e+00,6.483074999999867e-03,9.249999999817168e-04,4.319999999999984e-02,3.050000000143402e-04,nan
1.517500000000000e+02,-9.966229949930001e-01,3.019312279661670e-02,-9.615962197276919e-03,-7.575298316232554e-02,4.002617070876592e-02,2.949118739054780e-01,4.886391632891322e-02,0.000000000000000e+00,0.000000000000000e+00,0.000000000000000e+00,6.483074999999863e-03,9.249999999817468e-04,4.319999999999982e-02,3.050000000142750e-04,nan
1.520000000000000e+02,-9.952425639681647e-01,2.781281442661896e-02,-4.688789487915883e-02,-8.074782680385363e-02,4.167450538577547e-02,2.944733183121165e-01,5.088648854152322e-02,0.000000000000000e+00,0.000000000000000e+00,0.000000000000000e+00,6.483074999999861e-03,9.249999999817799e-04,4.319999999999981e-02,3.050000000142063e-04,nan
1.522500000000000e+02,-9.924342640619093e-01,2.516712620544255e-02,-8.406045086052376e-02,-8.587600290873804e-02,4.338834605630951e-02,2.939978319837827e-01,5.298903126431231e-02,0.000000000000000e+00,0.000000000000000e+00,0.000000000000000e+00,6.483074999999860e-03,9.249999999817975e-04,4.319999999999981e-02,3.050000000141316e-04,nan
1.525000000000000e+02,-9.882007665844931e-01,2.224097506357108e-02,-1.210774068066624e-01,-9.113092510786887e-02,4.516992840820465e-02,2.934823723751883e-01,5.517428914318325e-02,0.000000000000000e+00,0.000000000000000e+00,0.000000000000000e+00,6.483074999999857e-03,9.249999999818141e-04,4.319999999999981e-02,3.050000000140520e-04,nan
1.527500000000000e+02,-9.825467962200797e-01,1.901892628309496e-02,-1.578823973654224e-01,-9.650503760344482e-02,4.702151775349410e-02,2.929236581848428e-01,5.744504274531452e-02,0.000000000000000e+00,0.000000000000000e+00,0.000000000000000e+00,6.483074999999860e-03,9.249999999818212e-04,4.319999999999981e-02,3.050000000139690e-04,nan
1.530000000000000e+02,-9.754791447266883e-01,1.548522514583421e-02,-1.944189694211490e-01,-1.019897560281902e-01,4.894540235665033e-02,2.923181527303181e-01,5.980410040643513e-02,0.000000000000000e+00,0.000000000000000e+00,0.000000000000000e+00,6.483074999999854e-03,9.249999999818316e-04,4.319999999999979e-02,3.050000000138795e-04,nan
1.532500000000000e+02,-9.670066846809445e-01,1.162383371060329e-02,-2.306306357172092e-01,-1.075754067661971e-01,5.094388557466682e-02,2.916620465479445e-01,6.225428862326524e-02,0.000000000000000e+00,0.000000000000000e+00,0.000000000000000e+00,6.483074999999843e-03,9.249999999818271e-04,4.319999999999977e-02,3.050000000137873e-04,nan
1.535000000000000e+02,-9.571403835367184e-01,7.418473178739620e-03,-2.664609279161755e-01,-1.132511649076101e-01,5.301927666793610e-02,2.909512392556600e-01,6.479844081851005e-02,0.000000000000000e+00,0.000000000000000e+00,0.000000000000000e+00,6.483074999999843e-03,9.249999999818167e-04,4.319999999999976e-02,3.050000000136980e-04,nan
1.537500000000000e+02,-9.458933182808348e-01,2.852672336836515e-03,-3.018534492053355e-01,-1.190049910510147e-01,5.517388012888966e-02,2.901813207368985e-01,6.743938429111743e-02,0.000000000000000e+00,0.000000000000000e+00,0.000000000000000e+00,6.483074999999836e-03,9.249999999817941e-04,4.319999999999974e-02,3.050000000135991e-04,nan
1.540000000000000e+02,-9.332806909808994e-01,-2.090177404530375e-03,-3.367519265991983e-01,-1.248235672153337e-01,5.740998336324578e-02,2.893475517262659e-01,7.017992514967453e-02,0.000000000000000e+00,0.000000000000000e+00,0.000000000000000e+00,6.483074999999836e-03,9.249999999817577e-04,4.319999999999974e-02,3.050000000135032e-04,nan
1.542500000000000e+02,-9.193198455291640e-01,-7.426759828004750e-03,-3.711002631405866e-01,-1.306922321780393e-01,5.972984254671911e-02,2.884448439047949e-01,7.302283101213883e-02,0.000000000000000e+00,0.000000000000000e+00,0.000000000000000e+00,6.483074999999829e-03,9.249999999817100e-04,4.319999999999972e-02,3.050000000134065e-04,nan
1.545000000000000e+02,-9.040302858913272e-01,-1.317376400652823e-02,-4.048425902581252e-01,-1.365949166193139e-01,6.213566646851441e-02,2.874677396443482e-01,7.597081124098540e-02,0.000000000000000e+00,0.000000000000000e+00,0.000000000000000e+00,6.483074999999821e-03,9.249999999816471e-04,4.319999999999969e-02,3.050000000133155e-04,nan
1.547500000000000e+02,-8.874336961691628e-01,-1.934780607854017e-02,-4.379233206009315e-01,-1.425140785232781e-01,6.462959816228364e-02,2.864103915777504e-01,7.902649446982266e-02,0.000000000000000e+00,0.000000000000000e+00,0.000000000000000e+00,6.483074999999814e-03,9.249999999815777e-04,4.319999999999967e-02,3.050000000132265e-04,nan
1.550000000000000e+02,-8.695539627796537e-01,-2.596534207729360e-02,-4.702872017413538e-01,-1.484306393683492e-01,6.721369411600130e-02,2.852665422140536e-01,8.219240316623951e-02,0.000000000000000e+00,0.000000000000000e+00,0.000000000000000e+00,6.483074999999809e-03,9.249999999815075e-04,4.319999999999965e-02,3.050000000131346e-04,nan
1.552500000000000e+02,-8.504171990393913e-01,-3.304257117293949e-02,-5.018793712139860e-01,-1.543239217300151e-01,6.988990084506981e-02,2.840295038674864e-01,8.547092496690208e-02,0.000000000000000e+00,0.000000000000000e+00,0.000000000000000e+00,6.483074999999802e-03,9.249999999814172e-04,4.319999999999963e-02,3.050000000130466e-04,nan
1.555000000000000e+02,-8.300517724197513e-01,-4.059532867536000e-02,-5.326454134439547e-01,-1.601715890215479e-01,7.266002860870548e-02,2.826921392246060e-01,8.886428051570169e-02,0.000000000000000e+00,0.000000000000000e+00,0.000000000000000e+00,6.483074999999791e-03,9.249999999813175e-04,4.319999999999960e-02,3.050000000129685e-04,nan
1.557500000000000e+02,-8.084883347038567e-01,-4.863896814383876e-02,-5.625314192095603e-01,-1.659495882120993e-01,7.552572204923999e-02,2.812468429373706e-01,9.237448753524721e-02,0.000000000000000e+00,0.000000000000000e+00,0.000000000000000e+00,6.483074999999784e-03,9.249999999811987e-04,4.319999999999958e-02,3.050000000129017e-04,nan
1.560000000000000e+02,-7.857598552284638e-01,-5.718823195904556e-02,-5.914840483833698e-01,-1.716320964876950e-01,7.848842753854782e-02,2.796855247005715e-01,9.600332086759404e-02,0.000000000000000e+00,0.000000000000000e+00,0.000000000000000e+00,6.483074999999770e-03,9.249999999810850e-04,4.319999999999953e-02,3.050000000128384e-04,nan
1.562500000000000e+02,-7.619016573303250e-01,-6.625710973640714e-02,-6.194505968011058e-01,-1.771914729591575e-01,8.154935702671205e-02,2.779995943504334e-01,9.975226823344510e-02,0.000000000000000e+00,0.000000000000000e+00,0.000000000000000e+00,6.483074999999758e-03,9.249999999809411e-04,4.319999999999950e-02,3.050000000127907e-04,nan
1.565000000000000e+02,-7.369514580346999e-01,-7.585868400111921e-02,-6.463790682180299e-01,-1.825982166718500e-01,8.470944820681205e-02,2.761799496070522e-01,1.036224814820345e-01,0.000000000000000e+00,0.000000000000000e+00,0.000000000000000e+00,6.483074999999752e-03,9.249999999807988e-04,4.319999999999948e-02,3.050000000127699e-04,nan
1.567500000000000e+02,-7.109494109207958e-01,-8.600496260769062e-02,-6.722182524263085e-01,-1.878209323348786e-01,8.796932083810775e-02,2.742169671762612e-01,1.076147231386537e-01,0.000000000000000e+00,0.000000000000000e+00,0.000000000000000e+00,6.483074999999749e-03,9.249999999806392e-04,4.319999999999947e-02,3.050000000127586e-04,nan
1.570000000000000e+02,-6.839381519721297e-01,-9.670669747533531e-02,-6.969178107217650e-01,-1.928263053609240e-01,9.132922910985709e-02,2.721004980255708e-01,1.117293081056926e-01,0.000000000000000e+00,0.000000000000000e+00,0.000000000000000e+00,6.483074999999745e-03,9.249999999804640e-04,4.319999999999947e-02,3.050000000127664e-04,nan
1.572500000000000e+02,-6.559628480662332e-01,-1.079731893295508e-01,-7.204283700214079e-01,-1.975790879904514e-01,9.478900998167218e-02,2.698198677525989e-01,1.159660404387559e-01,0.000000000000000e+00,0.000000000000000e+00,0.000000000000000e+00,6.483074999999737e-03,9.249999999802975e-04,4.319999999999944e-02,3.050000000127898e-04,nan
1.575000000000000e+02,-6.270712475749423e-01,-1.198120782950583e-01,-7.427016270401612e-01,-2.020420984629730e-01,9.834802750596895e-02,2.673638830707699e-01,1.203241452046656e-01,0.000000000000000e+00,0.000000000000000e+00,0.000000000000000e+00,6.483074999999724e-03,9.249999999801275e-04,4.319999999999941e-02,3.050000000128315e-04,nan
1.577500000000000e+02,-5.973137323311261e-01,-1.322291203814595e-01,-7.636904640313282e-01,-2.061762353895812e-01,1.020051132260496e-01,2.647208455430878e-01,1.248021955358488e-01,0.000000000000000e+00,0.000000000000000e+00,0.000000000000000e+00,6.483074999999716e-03,9.249999999799627e-04,4.319999999999938e-02,3.050000000129056e-04,nan
1.580000000000000e+02,-5.667433699679738e-01,-1.452279501461974e-01,-7.833490776742745e-01,-2.099405096701006e-01,1.057585028520158e-01,2.618785737965919e-01,1.293980351286086e-01,0.000000000000000e+00,0.000000000000000e+00,0.000000000000000e+00,6.483074999999712e-03,9.249999999797927e-04,4.319999999999938e-02,3.050000000130080e-04,nan
1.582500000000000e+02,-5.354159653514455e-01,-1.588098301153518e-01,-8.016331227471614e-01,-2.132920964783916e-01,1.096057695482296e-01,2.588244355426901e-01,1.341086965937478e-01,0.000000000000000e+00,0.000000000000000e+00,0.000000000000000e+00,6.483074999999703e-03,9.249999999796435e-04,4.319999999999934e-02,3.050000000131350e-04,nan
1.585000000000000e+02,-5.033901095047492e-01,-1.729733878967812e-01,-8.184998722434820e-01,-2.161864100023642e-01,1.135437543222863e-01,2.555453908057021e-01,1.389303162592623e-01,0.000000000000000e+00,0.000000000000000e+00,0.000000000000000e+00,6.483074999999691e-03,9.249999999794839e-04,4.319999999999930e-02,3.050000000132851e-04,nan
1.587500000000000e+02,-4.707272240667637e-01,-1.877143423367486e-01,-8.339083955684142e-01,-2.185772037610370e-01,1.175684941877566e-01,2.520280478160692e-01,1.438580462479398e-01,0.000000000000000e+00,0.000000000000000e+00,0.000000000000000e+00,6.483074999999677e-03,9.249999999793451e-04,4.319999999999926e-02,3.050000000134646e-04,nan
1.590000000000000e+02,-4.374915989369833e-01,-2.030252205538293e-01,-8.478197563731162e-01,-2.204166994174002e-01,1.216751489817846e-01,2.482587330468548e-01,1.488859649083044e-01,0.000000000000000e+00,0.000000000000000e+00,0.000000000000000e+00,6.483074999999671e-03,9.249999999792133e-04,4.319999999999924e-02,3.050000000136984e-04,nan
1.592500000000000e+02,-4.037504203430164e-01,-2.188950682341942e-01,-8.601972314393045e-01,-2.216557470487530e-01,1.258579279533387e-01,2.442235768520526e-01,1.540069869646261e-01,0.000000000000000e+00,0.000000000000000e+00,0.000000000000000e+00,6.483074999999662e-03,9.249999999791092e-04,4.319999999999921e-02,3.050000000139480e-04,nan
1.595000000000000e+02,-3.695737861310001e-01,-2.353091561893448e-01,-8.710065517992376e-01,-2.222440198094395e-01,1.301100174963038e-01,2.399086160913278e-01,1.592127750679792e-01,0.000000000000000e+00,0.000000000000000e+00,0.000000000000000e+00,6.483074999999654e-03,9.249999999790190e-04,4.319999999999918e-02,3.050000000142208e-04,nan
1.597500000000000e+02,-3.350347046359026e-01,-2.522486868568237e-01,-8.802161669535907e-01,-2.221302458065317e-01,1.344235116795429e-01,2.352999149856625e-01,1.644936547705287e-01,0.000000000000000e+00,0.000000000000000e+00,0.000000000000000e+00,6.483074999999647e-03,9.249999999789843e-04,4.319999999999916e-02,3.050000000145404e-04,nan
1.600000000000000e+02,-3.002090730530414e-01,-2.696905051578554e-01,-8.877975326179569e-01,-2.212624797876999e-01,1.387893475170336e-01,2.303837052290492e-01,1.698385353013672e-01,0.000000000000000e+00,0.000000000000000e+00,0.000000000000000e+00,6.483074999999644e-03,9.249999999790051e-04,4.319999999999914e-02,3.050000000149047e-04,nan
1.602500000000000e+02,-2.651756308238832e-01,-2.876068188997338e-01,-8.937254218753674e-01,-2.195884168922122e-01,1.431972472158897e-01,2.251465460701290e-01,1.752348388829450e-01,0.000000000000000e+00,0.000000000000000e+00,0.000000000000000e+00,6.483074999999641e-03,9.249999999790572e-04,4.319999999999913e-02,3.050000000152787e-04,nan
1.605000000000000e+02,-2.300158831926816e-01,-3.059649347054726e-01,-8.979782589271302e-01,-2.170557502209202e-01,1.476356699260917e-01,2.195755046629402e-01,1.806684416772013e-01,0.000000000000000e+00,0.000000000000000e+00,0.000000000000000e+00,6.483074999999637e-03,9.249999999791578e-04,4.319999999999912e-02,3.050000000156851e-04,nan
1.607500000000000e+02,-1.948139898146256e-01,-3.247270162424029e-01,-9.005384738110981e-01,-2.136125733209338e-01,1.520917757772575e-01,2.136583564584496e-01,1.861236297705929e-01,0.000000000000000e+00,0.000000000000000e+00,0.000000000000000e+00,6.483074999999637e-03,9.249999999793382e-04,4.319999999999911e-02,3.050000000161292e-04,nan
1.610000000000000e+02,-1.596566131341099e-01,-3.438498722713889e-01,-9.013928754942691e-01,-2.092078278403275e-01,1.565514052055954e-01,2.073838047627954e-01,1.915830738738032e-01,0.000000000000000e+00,0.000000000000000e+00,0.000000000000000e+00,6.483074999999637e-03,9.249999999795394e-04,4.319999999999910e-02,3.050000000165637e-04,nan
1.612500000000000e+02,-1.246327212401758e-01,-3.632847827079566e-01,-9.005330396517102e-01,-2.037917955776258e-01,1.609990767259353e-01,2.007417178241009e-01,1.970278265976660e-01,0.000000000000000e+00,0.000000000000000e+00,0.000000000000000e+00,6.483074999999641e-03,9.249999999798239e-04,4.319999999999911e-02,3.050000000170087e-04,nan
1.615000000000000e+02,-8.983334008391153e-02,-3.829773714276111e-01,-8.979557062316652e-01,-1.973166329272759e-01,1.654180063645148e-01,1.937233809344447e-01,2.024373462412244e-01,0.000000000000000e+00,0.000000000000000e+00,0.000000000000000e+00,6.483074999999645e-03,9.249999999801813e-04,4.319999999999911e-02,3.050000000174719e-04,nan
1.617500000000000e+02,-5.535125034867973e-02,-4.028675349055971e-01,-8.936631806037036e-01,-1.897369443129024e-01,1.697901519115760e-01,1.863217600632099e-01,2.077895509585495e-01,0.000000000000000e+00,0.000000000000000e+00,0.000000000000000e+00,6.483074999999651e-03,9.249999999806184e-04,4.319999999999911e-02,3.050000000179350e-04,nan
1.620000000000000e+02,-2.128062493498531e-02,-4.228894358977539e-01,-8.876637307317525e-01,-1.810103896240288e-01,1.740962849523956e-01,1.785317724992780e-01,2.130609069256137e-01,0.000000000000000e+00,0.000000000000000e+00,0.000000000000000e+00,6.483074999999656e-03,9.249999999811215e-04,4.319999999999911e-02,3.050000000183687e-04,nan
1.622500000000000e+02,1.228339601156723e-02,-4.429715711839985e-01,-8.799719714589436e-01,-1.710983189627031e-01,1.783160932668112e-01,1.703505589107997e-01,2.182265536774004e-01,0.000000000000000e+00,0.000000000000000e+00,0.000000000000000e+00,6.483074999999667e-03,9.249999999816905e-04,4.319999999999914e-02,3.050000000187850e-04,nan
1.625000000000000e+02,4.524519431730465e-02,-4.630369218518707e-01,-8.706092257020822e-01,-1.599664262136119e-01,1.824283156309081e-01,1.617777501831845e-01,2.232604691044225e-01,0.000000000000000e+00,0.000000000000000e+00,0.000000000000000e+00,6.483074999999679e-03,9.249999999823705e-04,4.319999999999917e-02,3.050000000191545e-04,nan
1.627500000000000e+02,7.750922742293111e-02,-4.830031936442981e-01,-8.596038512082196e-01,-1.475854111411634e-01,1.864109102981621e-01,1.528157214307123e-01,2.281356756720284e-01,0.000000000000000e+00,0.000000000000000e+00,0.000000000000000e+00,6.483074999999691e-03,9.249999999831199e-04,4.319999999999918e-02,3.050000000194980e-04,nan
1.630000000000000e+02,1.089806447107861e-01,-5.027831534958904e-01,-8.469915206123291e-01,-1.339316379723773e-01,1.902412574794435e-01,1.434698247667452e-01,2.328244882534505e-01,0.000000000000000e+00,0.000000000000000e+00,0.000000000000000e+00,6.483074999999706e-03,9.249999999839525e-04,4.319999999999923e-02,3.050000000197825e-04,nan
1.632500000000000e+02,1.395659625746661e-01,-5.222850665170704e-01,-8.328154419473631e-01,-1.189877768423487e-01,1.938963949939500e-01,1.337485918401974e-01,2.372988025632220e-01,0.000000000000000e+00,0.000000000000000e+00,0.000000000000000e+00,6.483074999999726e-03,9.249999999849101e-04,4.319999999999926e-02,3.050000000199976e-04,nan
1.635000000000000e+02,1.691737918653857e-01,-5.414132353613489e-01,-8.171265065901324e-01,-1.027434131672200e-01,1.973532849544245e-01,1.236638968814101e-01,2.415304215757636e-01,0.000000000000000e+00,0.000000000000000e+00,0.000000000000000e+00,6.483074999999739e-03,9.249999999859440e-04,4.319999999999927e-02,3.050000000201225e-04,nan
1.637500000000000e+02,1.977156087817638e-01,-5.600686411640927e-01,-7.999833519655691e-01,-8.519560908048995e-02,2.005891079255389e-01,1.132310711234453e-01,2.454914155704050e-01,0.000000000000000e+00,0.000000000000000e+00,0.000000000000000e+00,6.483074999999757e-03,9.249999999870195e-04,4.319999999999932e-02,3.050000000201607e-04,nan
1.640000000000000e+02,2.251065576839737e-01,-5.781496821408689e-01,-7.814523272496432e-01,-6.634940063181224e-02,2.035815795172947e-01,1.024689600369697e-01,2.491545096362610e-01,0.000000000000000e+00,0.000000000000000e+00,0.000000000000000e+00,6.483074999999779e-03,9.249999999881228e-04,4.319999999999936e-02,3.050000000201225e-04,nan
1.642500000000000e+02,2.512662718162449e-01,-5.955530025845754e-01,-7.616073518547180e-01,-4.621821460101839e-02,2.063092829248322e-01,9.139991587936970e-02,2.524934906950430e-01,0.000000000000000e+00,0.000000000000000e+00,0.000000000000000e+00,6.483074999999798e-03,9.249999999892677e-04,4.319999999999942e-02,3.050000000199733e-04,nan
1.645000000000000e+02,2.761196956870808e-01,-6.121744015411983e-01,-7.405296586646982e-01,-2.482418959997424e-02,2.087520095934027e-01,8.004971962388996e-02,2.554836244687725e-01,0.000000000000000e+00,0.000000000000000e+00,0.000000000000000e+00,6.483074999999819e-03,9.249999999904265e-04,4.319999999999945e-02,3.050000000197131e-04,nan
1.647500000000000e+02,2.995978910231190e-01,-6.279098070407214e-01,-7.183074167849418e-01,-2.198387665415508e-03,2.108910990700463e-01,6.844742837957048e-02,2.581020714519180e-01,0.000000000000000e+00,0.000000000000000e+00,0.000000000000000e+00,6.483074999999834e-03,9.249999999916270e-04,4.319999999999947e-02,3.050000000193419e-04,nan
1.650000000000000e+02,3.216388069391836e-01,-6.426562985986198e-01,-6.950352319126328e-01,2.161911520883947e-02,2.127097682980093e-01,5.662514687554109e-02,2.603282899615500e-01,0.000000000000000e+00,0.000000000000000e+00,0.000000000000000e+00,6.483074999999849e-03,9.249999999928066e-04,4.319999999999952e-02,3.050000000188666e-04,nan
1.652500000000000e+02,3.421879943866311e-01,-6.563131579783233e-01,-6.708135262000291e-01,4.657926823446767e-02,2.141934202022251e-01,4.461772436192279e-02,2.621444138400820e-01,0.000000000000000e+00,0.000000000000000e+00,0.000000000000000e+00,6.483074999999861e-03,9.249999999939792e-04,4.319999999999953e-02,3.050000000182768e-04,nan
1.655000000000000e+02,3.611992451591316e-01,-6.687829261026981e-01,-6.457478035155632e-01,7.262421982239962e-02,2.153299214709767e-01,3.246238123604715e-02,2.635355924546776e-01,0.000000000000000e+00,0.000000000000000e+00,0.000000000000000e+00,6.483074999999869e-03,9.249999999951311e-04,4.319999999999953e-02,3.050000000175759e-04,nan
1.657500000000000e+02,3.786351368112481e-01,-6.799724426866142e-01,-6.199478101107501e-01,9.968762760549606e-02,2.161098399989647e-01,2.019827267047563e-02,2.644902813229655e-01,0.000000000000000e+00,0.000000000000000e+00,0.000000000000000e+00,6.483074999999873e-03,9.249999999962344e-04,4.319999999999954e-02,3.050000000167780e-04,nan
1.660000000000000e+02,3.944674667899112e-01,-6.897938447578902e-01,-5.935266046557659e-01,1.276951014889620e-01,2.165266335247675e-01,7.865999315611555e-03,2.650004730016166e-01,0.000000000000000e+00,0.000000000000000e+00,0.000000000000000e+00,6.483074999999876e-03,9.249999999972544e-04,4.319999999999954e-02,3.050000000158412e-04,nan
1.662500000000000e+02,4.086775618435997e-01,-6.981655008129779e-01,-5.665995551876305e-01,1.565647724787220e-01,2.165767825373789e-01,-4.492922409450633e-03,2.650618597613489e-01,0.000000000000000e+00,0.000000000000000e+00,0.000000000000000e+00,6.483074999999878e-03,9.249999999981842e-04,4.319999999999954e-02,3.050000000148420e-04,nan
1.665000000000000e+02,4.212564522516499e-01,-7.050128589274586e-01,-5.392832835071053e-01,1.862079759652626e-01,2.162598624705120e-01,-1.683661600744802e-02,2.646739219513424e-01,0.000000000000000e+00,0.000000000000000e+00,0.000000000000000e+00,6.483074999999876e-03,9.249999999990793e-04,4.319999999999950e-02,3.050000000137457e-04,nan
1.667500000000000e+02,4.322049044465115e-01,-7.102691896545361e-01,-5.116945797775605e-01,2.165300344666679e-01,2.155785524443181e-01,-2.912341088893384e-02,2.638399386989315e-01,0.000000000000000e+00,0.000000000000000e+00,0.000000000000000e+00,6.483074999999869e-03,9.249999999998426e-04,4.319999999999949e-02,3.050000000126007e-04,nan
1.670000000000000e+02,4.415333099821108e-01,-7.138762078779070e-01,-4.839493113804641e-01,2.474311217621490e-01,2.145385802210722e-01,-4.131240246540384e-02,2.625669205364416e-01,0.000000000000000e+00,0.000000000000000e+00,0.000000000000000e+00,6.483074999999860e-03,9.250000000005365e-04,4.319999999999945e-02,3.050000000113934e-04,nan
1.672500000000000e+02,4.492614333017175e-01,-7.157845617634141e-01,-4.561613503852651e-01,2.788071880413689e-01,2.131486054685961e-01,-5.336399044914723e-02,2.608654665179033e-01,0.000000000000000e+00,0.000000000000000e+00,0.000000000000000e+00,6.483074999999851e-03,9.250000000010986e-04,4.319999999999942e-02,3.050000000101721e-04,nan
1.675000000000000e+02,4.554180251394382e-01,-7.159541813593334e-01,-4.284415432792617e-01,3.105509242695399e-01,2.114200457252916e-01,-6.524038051627214e-02,2.587495512036438e-01,0.000000000000000e+00,0.000000000000000e+00,0.000000000000000e+00,6.483074999999839e-03,9.250000000015288e-04,4.319999999999937e-02,3.050000000089370e-04,nan
1.677500000000000e+02,4.600403124212624e-01,-7.143544839859857e-01,-4.008967449254554e-01,3.425527434784867e-01,2.093668514974334e-01,-7.690603623751061e-02,2.562362493837395e-01,0.000000000000000e+00,0.000000000000000e+00,0.000000000000000e+00,6.483074999999824e-03,9.250000000018549e-04,4.319999999999931e-02,3.050000000077158e-04,nan
1.680000000000000e+02,4.631733790127837e-01,-7.109644380848309e-01,-3.736289361849197e-01,3.747017571321577e-01,2.070052385795401e-01,-8.832807049486924e-02,2.533454084433123e-01,0.000000000000000e+00,0.000000000000000e+00,0.000000000000000e+00,6.483074999999810e-03,9.250000000020561e-04,4.319999999999928e-02,3.050000000064806e-04,nan
1.682500000000000e+02,4.648694544323641e-01,-7.057724914331102e-01,-3.467344414174183e-01,4.068867260147566e-01,2.043533868907658e-01,-9.947656831938156e-02,2.500992797440353e-01,0.000000000000000e+00,0.000000000000000e+00,0.000000000000000e+00,6.483074999999791e-03,9.250000000021671e-04,4.319999999999921e-02,3.050000000053010e-04,nan
1.685000000000000e+02,4.651871296045373e-01,-6.987763733721709e-01,-3.203032583584868e-01,4.389969671331051e-01,2.014311158200860e-01,-1.103248360246632e-01,2.465221212527846e-01,0.000000000000000e+00,0.000000000000000e+00,0.000000000000000e+00,6.483074999999774e-03,9.250000000021671e-04,4.319999999999917e-02,3.050000000041700e-04,nan
1.687500000000000e+02,4.641905198205414e-01,-6.899827837905185e-01,-2.944185088801907e-01,4.709232007559062e-01,1.982595462647455e-01,-1.208495744879732e-01,2.426397838830101e-01,0.000000000000000e+00,0.000000000000000e+00,0.000000000000000e+00,6.483074999999757e-03,9.250000000020908e-04,4.319999999999912e-02,3.050000000031014e-04,nan
1.690000000000000e+02,4.619483953097318e-01,-6.794069839441954e-01,-2.691560150944627e-01,5.025583247515507e-01,1.948607592599542e-01,-1.310309772727892e-01,2.384792936637436e-01,0.000000000000000e+00,0.000000000000000e+00,0.000000000000000e+00,6.483074999999739e-03,9.250000000019035e-04,4.319999999999907e-02,3.050000000020883e-04,nan
1.692500000000000e+02,4.585332992671924e-01,-6.670723057407331e-01,-2.445840013551341e-01,5.337981066451971e-01,1.912574603930086e-01,-1.408527568476662e-01,2.340684409884965e-01,0.000000000000000e+00,0.000000000000000e+00,0.000000000000000e+00,6.483074999999722e-03,9.250000000016606e-04,4.319999999999903e-02,3.050000000011446e-04,nan
1.695000000000000e+02,4.540206719308768e-01,-6.530095968652220e-01,-2.207629191317440e-01,5.645417871139270e-01,1.874726581536034e-01,-1.503021043230486e-01,2.294353869216328e-01,0.000000000000000e+00,0.000000000000000e+00,0.000000000000000e+00,6.483074999999705e-03,9.250000000013553e-04,4.319999999999897e-02,3.050000000002773e-04,nan
1.697500000000000e+02,4.484879974873636e-01,-6.372566191409182e-01,-1.977453886013386e-01,5.946925918134233e-01,1.835293630884982e-01,-1.593695898277156e-01,2.246082949686967e-01,0.000000000000000e+00,0.000000000000000e+00,0.000000000000000e+00,6.483074999999692e-03,9.250000000009667e-04,4.319999999999895e-02,3.049999999994932e-04,nan
1.700000000000000e+02,4.420139883568810e-01,-6.198574168815896e-01,-1.755762482274086e-01,6.241581513463667e-01,1.794503132009544e-01,-1.680490118463976e-01,2.196149949696520e-01,0.000000000000000e+00,0.000000000000000e+00,0.000000000000000e+00,6.483074999999677e-03,9.250000000005434e-04,4.319999999999893e-02,3.049999999988132e-04,nan
1.702500000000000e+02,4.346778189178347e-01,-6.008616708230062e-01,-1.542927016181785e-01,6.528508317402860e-01,1.752577295571429e-01,-1.763372045431090e-01,2.144826839646699e-01,0.000000000000000e+00,0.000000000000000e+00,0.000000000000000e+00,6.483074999999663e-03,9.250000000000785e-04,4.319999999999889e-02,3.049999999981956e-04,nan
1.705000000000000e+02,4.265584181241446e-01,-5.803240516444896e-01,-1.339245495895107e-01,6.806879799347114e-01,1.709731046159007e-01,-1.842338123348574e-01,2.092376671124647e-01,0.000000000000000e+00,0.000000000000000e+00,0.000000000000000e+00,6.483074999999654e-03,9.249999999995789e-04,4.319999999999888e-02,3.049999999976648e-04,nan
1.707500000000000e+02,4.177338278753668e-01,-5.583035852388135e-01,-1.144944945758649e-01,7.075920904517642e-01,1.666170244526294e-01,-1.917410408146121e-01,2.039051400941941e-01,0.000000000000000e+00,0.000000000000000e+00,0.000000000000000e+00,6.483074999999647e-03,9.249999999990863e-04,4.319999999999886e-02,3.049999999972346e-04,nan
1.710000000000000e+02,4.082806315287439e-01,-5.348630398842386e-01,-9.601850428389290e-02,7.334909006384234e-01,1.622090248532244e-01,-1.988633926226761e-01,1.985090129734095e-01,0.000000000000000e+00,0.000000000000000e+00,0.000000000000000e+00,6.483074999999643e-03,9.249999999985728e-04,4.319999999999885e-02,3.049999999968842e-04,nan
1.712500000000000e+02,3.982734546784206e-01,-5.100683434270117e-01,-7.850622169588714e-02,7.583174226451456e-01,1.577674802424808e-01,-2.056073961108791e-01,1.930717742445600e-01,0.000000000000000e+00,0.000000000000000e+00,0.000000000000000e+00,6.483074999999644e-03,9.249999999980732e-04,4.319999999999886e-02,3.049999999966031e-04,nan
1.715000000000000e+02,3.877845383293556e-01,-4.839880365895845e-01,-6.196140912180748e-02,7.820099206854653e-01,1.533095235996715e-01,-2.119813337135577e-01,1.876143928089825e-01,0.000000000000000e+00,0.000000000000000e+00,0.000000000000000e+00,6.483074999999642e-03,9.249999999976083e-04,4.319999999999888e-02,3.049999999963984e-04,nan
1.717500000000000e+02,3.768833828972395e-01,-4.566927666523596e-01,-4.638241488222327e-02,8.045118421583611e-01,1.488509949038180e-01,-2.179949759071812e-01,1.821562548704714e-01,0.000000000000000e+00,0.000000000000000e+00,0.000000000000000e+00,6.483074999999643e-03,9.249999999971642e-04,4.319999999999891e-02,3.049999999962631e-04,nan
1.720000000000000e+02,3.656364600850268e-01,-4.282548240679291e-01,-3.176265229538635e-02,8.257717109699266e-01,1.444064152330234e-01,-2.236593255718570e-01,1.767151322307150e-01,0.000000000000000e+00,0.000000000000000e+00,0.000000000000000e+00,6.483074999999646e-03,9.249999999967479e-04,4.319999999999889e-02,3.049999999962007e-04,nan
1.722500000000000e+02,3.541069886177775e-01,-3.987477230902733e-01,-1.809108186138475e-02,8.457429909254091e-01,1.399889833981804e-01,-2.289863765166817e-01,1.713071781661617e-01,0.000000000000000e+00,0.000000000000000e+00,0.000000000000000e+00,6.483074999999648e-03,9.249999999964009e-04,4.319999999999891e-02,3.049999999962007e-04,nan
1.725000000000000e+02,3.423547690429637e-01,-3.682458262540624e-01,-5.352688816014753e-03,8.643839264368820e-01,1.356105918980546e-01,-2.339888889387427e-01,1.659469469536707e-01,0.000000000000000e+00,0.000000000000000e+00,0.000000000000000e+00,6.483074999999654e-03,9.249999999960470e-04,4.319999999999896e-02,3.049999999962215e-04,nan
1.727500000000000e+02,3.304360722959627e-01,-3.368240115236542e-01,6.471050490999156e-03,8.816573670606251e-01,1.312818590141314e-01,-2.386801836823243e-01,1.606474331507148e-01,0.000000000000000e+00,0.000000000000000e+00,0.000000000000000e+00,6.483074999999658e-03,9.249999999957140e-04,4.319999999999899e-02,3.049999999962735e-04,nan
1.730000000000000e+02,3.184035764567479e-01,-3.045573801391873e-01,1.740171870029029e-02,8.975305815896094e-01,1.270121739930917e-01,-2.430739563693924e-01,1.554201268943834e-01,0.000000000000000e+00,0.000000000000000e+00,0.000000000000000e+00,6.483074999999665e-03,9.249999999954503e-04,4.319999999999900e-02,3.049999999963707e-04,nan
1.732500000000000e+02,3.063063460474725e-01,-2.715210026018025e-01,2.746352817567094e-02,9.119750666204105e-01,1.228097524668987e-01,-2.471841117941185e-01,1.502750817308188e-01,0.000000000000000e+00,0.000000000000000e+00,0.000000000000000e+00,6.483074999999668e-03,9.249999999952213e-04,4.319999999999902e-02,3.049999999964869e-04,nan
1.735000000000000e+02,2.941898483048798e-01,-2.377896998396904e-01,3.668291545195101e-02,9.249663537223648e-01,1.186816995121017e-01,-2.510246184147825e-01,1.452209917947023e-01,0.000000000000000e+00,0.000000000000000e+00,0.000000000000000e+00,6.483074999999678e-03,9.249999999949993e-04,4.319999999999905e-02,3.049999999966257e-04,nan
1.737500000000000e+02,2.820960010710368e-01,-2.034378563566368e-01,4.508816154015979e-02,9.364838185840024e-01,1.146340780310002e-01,-2.546093823316628e-01,1.402652755023867e-01,0.000000000000000e+00,0.000000000000000e+00,0.000000000000000e+00,6.483074999999686e-03,9.249999999948258e-04,4.319999999999912e-02,3.049999999967766e-04,nan
1.740000000000000e+02,2.700632472483259e-01,-1.685392620593014e-01,5.270903941050226e-02,9.465104948148320e-01,1.106719804310154e-01,-2.579521398011027e-01,1.354141632817619e-01,0.000000000000000e+00,0.000000000000000e+00,0.000000000000000e+00,6.483074999999692e-03,9.249999999946801e-04,4.319999999999911e-02,3.049999999969466e-04,nan
1.742500000000000e+02,2.581266511312781e-01,-1.331669794634507e-01,5.957648927355684e-02,9.550328944503274e-01,1.067996018716601e-01,-2.610663670927544e-01,1.306727872206176e-01,0.000000000000000e+00,0.000000000000000e+00,0.000000000000000e+00,6.483074999999699e-03,9.249999999945482e-04,4.319999999999911e-02,3.049999999971183e-04,nan
1.745000000000000e+02,2.463180123340935e-01,-9.739323306912710e-02,6.572232169822635e-02,9.620408366502531e-01,1.030203136307539e-01,-2.639652063365190e-01,1.260452708607437e-01,0.000000000000000e+00,0.000000000000000e+00,0.000000000000000e+00,6.483074999999710e-03,9.249999999944511e-04,4.319999999999916e-02,3.049999999973022e-04,nan
1.747500000000000e+02,2.346659934582086e-01,-6.128931784892225e-02,7.117894813302983e-02,9.675272855969290e-01,9.933673540576228e-02,-2.666614059149924e-01,1.215348176884183e-01,0.000000000000000e+00,0.000000000000000e+00,0.000000000000000e+00,6.483074999999719e-03,9.249999999943956e-04,4.319999999999921e-02,3.049999999974792e-04,nan
1.750000000000000e+02,2.231962580727360e-01,-2.492552399341798e-02,7.597913802556036e-02,9.714881981891880e-01,9.575080560760271e-02,-2.691672739236207e-01,1.171437971674874e-01,0.000000000000000e+00,0.000000000000000e+00,0.000000000000000e+00,6.483074999999725e-03,9.249999999943539e-04,4.319999999999920e-02,3.049999999976526e-04,nan
1.752500000000000e+02,2.119316159993922e-01,1.162892471246132e-02,8.015580145223081e-02,9.739223817858734e-01,9.226384892028157e-02,-2.714946432324762e-01,1.128738274256381e-01,0.000000000000000e+00,0.000000000000000e+00,0.000000000000000e+00,6.483074999999737e-03,9.249999999943401e-04,4.319999999999924e-02,3.049999999978174e-04,nan
1.755000000000000e+02,2.008921732933867e-01,4.830592126215988e-02,8.374179596525366e-02,9.748313619744637e-01,8.887664058925419e-02,-2.736548467299090e-01,1.087258539364473e-01,0.000000000000000e+00,0.000000000000000e+00,0.000000000000000e+00,6.483074999999743e-03,9.249999999943401e-04,4.319999999999929e-02,3.049999999979744e-04,nan
1.757500000000000e+02,1.900954846861819e-01,8.503851667693760e-02,8.676975622478197e-02,9.742192601196117e-01,8.558946706465743e-02,-2.756587013999960e-01,1.047002237396135e-01,0.000000000000000e+00,0.000000000000000e+00,0.000000000000000e+00,6.483074999999750e-03,9.249999999943539e-04,4.319999999999927e-02,3.049999999981297e-04,nan
1.760000000000000e+02,1.795567066009738e-01,1.217609540096567e-01,8.927194490045304e-02,9.720926802764028e-01,8.240218276366711e-02,-2.775164999747493e-01,1.007967549108112e-01,0.000000000000000e+00,0.000000000000000e+00,0.000000000000000e+00,6.483074999999752e-03,9.249999999943991e-04,4.319999999999932e-02,3.049999999982737e-04,nan
1.762500000000000e+02,1.692887491649855e-01,1.584086967388605e-01,9.128012328824671e-02,9.684606049272902e-01,7.931426283092541e-02,-2.792380090018768e-01,9.701480113298735e-02,0.000000000000000e+00,0.000000000000000e+00,0.000000000000000e+00,6.483074999999762e-03,9.249999999944580e-04,4.319999999999934e-02,3.049999999984064e-04,nan
1.765000000000000e+02,1.593024259235424e-01,1.949184529602926e-01,9.282544008660766e-02,9.633342989135020e-01,7.632485186938220e-02,-2.808324722741947e-01,9.335331133524127e-02,0.000000000000000e+00,0.000000000000000e+00,0.000000000000000e+00,6.483074999999768e-03,9.249999999945135e-04,4.319999999999936e-02,3.049999999985261e-04,nan
1.767500000000000e+02,1.496066002098305e-01,2.312281965700129e-01,9.393833680225827e-02,9.567272208751360e-01,7.343280868831600e-02,-2.823086186733887e-01,8.981088445651494e-02,0.000000000000000e+00,0.000000000000000e+00,0.000000000000000e+00,6.483074999999773e-03,9.249999999945968e-04,4.319999999999939e-02,3.049999999986306e-04,nan
1.770000000000000e+02,1.402083273425321e-01,2.672771864378556e-01,9.464846830419817e-02,9.486549414836474e-01,7.063674717309948e-02,-2.836746735855387e-01,8.638581946206791e-02,0.000000000000000e+00,0.000000000000000e+00,0.000000000000000e+00,6.483074999999780e-03,9.249999999946835e-04,4.319999999999940e-02,3.049999999987360e-04,nan
1.772500000000000e+02,1.311129920130042e-01,3.030059843929790e-01,9.498463710822470e-02,9.391350677409819e-01,6.793507342476054e-02,-2.849383731463384e-01,8.307616079393641e-02,0.000000000000000e+00,0.000000000000000e+00,0.000000000000000e+00,6.483074999999783e-03,9.249999999947842e-04,4.319999999999939e-02,3.049999999988184e-04,nan
1.775000000000000e+02,1.223244403865107e-01,3.383564726847796e-01,9.497474004905486e-02,9.281871726268661e-01,6.532601934873843e-02,-2.861069806686395e-01,7.987973947494327e-02,0.000000000000000e+00,0.000000000000000e+00,0.000000000000000e+00,6.483074999999793e-03,9.249999999948744e-04,4.319999999999944e-02,3.049999999988873e-04,nan
1.777500000000000e+02,1.138451065806446e-01,3.732718714420550e-01,9.464572607880586e-02,9.158327293959326e-01,6.280767289344794e-02,-2.871873046928067e-01,7.679421011179353e-02,0.000000000000000e+00,0.000000000000000e+00,0.000000000000000e+00,6.483074999999802e-03,9.249999999949680e-04,4.319999999999947e-02,3.049999999989576e-04,nan
1.780000000000000e+02,1.056761333009070e-01,4.076967565301736e-01,9.402356401597226e-02,9.020950498562110e-01,6.037800515215486e-02,-2.881857181808063e-01,7.381708405856324e-02,0.000000000000000e+00,0.000000000000000e+00,0.000000000000000e+00,6.483074999999807e-03,9.249999999950756e-04,4.319999999999947e-02,3.049999999990075e-04,nan
1.782500000000000e+02,9.781748651089009e-02,4.415770780990847e-01,9.313321915559788e-02,8.869992259973412e-01,5.803489454782635e-02,-2.891081784477596e-01,7.094575900943081e-02,0.000000000000000e+00,0.000000000000000e+00,0.000000000000000e+00,6.483074999999817e-03,9.249999999951727e-04,4.319999999999952e-02,3.049999999990356e-04,nan
1.785000000000000e+02,9.026806409495192e-02,4.748601800230289e-01,9.199863773711822e-02,8.705720743784290e-01,5.577614832144509e-02,-2.899602474899204e-01,6.817754529051008e-02,0.000000000000000e+00,0.000000000000000e+00,0.000000000000000e+00,6.483074999999817e-03,9.249999999952699e-04,4.319999999999951e-02,3.049999999990660e-04,nan
1.787500000000000e+02,8.302579853686454e-02,5.074948203544837e-01,9.064273834986754e-02,8.528420827299296e-01,5.359952154096294e-02,-2.907471124259455e-01,6.550968911658668e-02,0.000000000000000e+00,0.000000000000000e+00,0.000000000000000e+00,6.483074999999824e-03,9.249999999953705e-04,4.319999999999952e-02,3.049999999990799e-04,nan
1.790000000000000e+02,7.608775369067801e-02,5.394311928488630e-01,8.908740943644397e-02,8.338393582698427e-01,5.150273384162628e-02,-2.914736058192826e-01,6.293939307067317e-02,0.000000000000000e+00,0.000000000000000e+00,0.000000000000000e+00,6.483074999999826e-03,9.249999999954642e-04,4.319999999999952e-02,3.049999999990846e-04,nan
1.792500000000000e+02,6.945021576180331e-02,5.706209495614830e-01,8.735351213026965e-02,8.135955772806889e-01,4.948348409967847e-02,-2.921442256940058e-01,6.046383405361568e-02,0.000000000000000e+00,0.000000000000000e+00,0.000000000000000e+00,6.483074999999829e-03,9.249999999955578e-04,4.319999999999953e-02,3.049999999990851e-04,nan
1.795000000000000e+02,6.310877864872587e-02,6.010172244730302e-01,8.546088773529838e-02,7.921439355393035e-01,4.753946323113089e-02,-2.927631550949693e-01,5.808017893836044e-02,0.000000000000000e+00,0.000000000000000e+00,0.000000000000000e+00,6.483074999999834e-03,9.249999999956446e-04,4.319999999999955e-02,3.049999999990742e-04,nan
1.797500000000000e+02,5.705842382028082e-02,6.305746580630774e-01,8.342836922265830e-02,7.695190992357669e-01,4.566836529595887e-02,-2.933342810763006e-01,5.578559814961306e-02,0.000000000000000e+00,0.000000000000000e+00,0.000000000000000e+00,6.483074999999843e-03,9.249999999957296e-04,4.319999999999957e-02,3.049999999990526e-04,nan
1.800000000000000e+02,5.129359492133766e-02,6.592494227219525e-01,8.127379618097674e-02,7.457571560603031e-01,4.386789707617544e-02,-2.938612130305411e-01,5.357727737505415e-02,0.000000000000000e+00,0.000000000000000e+00,0.000000000000000e+00,6.483074999999848e-03,9.249999999958094e-04,4.319999999999960e-02,3.049999999990244e-04,nan
1.802500000000000e+02,4.580826731217838e-02,6.869992488685138e-01,7.901403271424857e-02,7.208955661773664e-01,4.213578628412238e-02,-2.943473002946957e-01,5.145242759944642e-02,0.000000000000000e+00,0.000000000000000e+00,0.000000000000000e+00,6.483074999999847e-03,9.249999999958857e-04,4.319999999999959e-02,3.049999999989983e-04,nan
1.805000000000000e+02,4.059601275478170e-02,7.137834516241952e-01,7.666498783350809e-02,6.949731128441964e-01,4.046978854527079e-02,-2.947956489895763e-01,4.940829363822254e-02,0.000000000000000e+00,0.000000000000000e+00,0.000000000000000e+00,6.483074999999851e-03,9.249999999959568e-04,4.319999999999960e-02,3.049999999989693e-04,nan
1.807500000000000e+02,3.565005946347943e-02,7.395629578812458e-01,7.424163793643039e-02,6.680298524667211e-01,3.886769328804948e-02,-2.952091380655788e-01,4.744216133273105e-02,0.000000000000000e+00,0.000000000000000e+00,0.000000000000000e+00,6.483074999999853e-03,9.249999999960210e-04,4.319999999999961e-02,3.049999999989346e-04,nan
1.810000000000000e+02,3.096334773874123e-02,7.643003335947027e-01,7.175805101256535e-02,6.401070639187745e-01,3.732732866187414e-02,-2.955904345418672e-01,4.555136355542948e-02,0.000000000000000e+00,0.000000000000000e+00,0.000000000000000e+00,6.483074999999856e-03,9.249999999960835e-04,4.319999999999960e-02,3.049999999988960e-04,nan
1.812500000000000e+02,2.652858140177270e-02,7.879598111226375e-01,6.922741225145031e-02,6.112471969811842e-01,3.584656559373776e-02,-2.959420079372136e-01,4.373328516007995e-02,0.000000000000000e+00,0.000000000000000e+00,0.000000000000000e+00,6.483074999999856e-03,9.249999999961390e-04,4.319999999999958e-02,3.049999999988563e-04,nan
1.815000000000000e+02,2.233827524468678e-02,8.105073164370813e-01,6.666205076664285e-02,5.814938197854207e-01,3.442332108351769e-02,-2.962661438998481e-01,4.198536699950925e-02,0.000000000000000e+00,0.000000000000000e+00,0.000000000000000e+00,6.483074999999853e-03,9.249999999961815e-04,4.319999999999961e-02,3.049999999988101e-04,nan
1.817500000000000e+02,1.838479870664984e-02,8.319104960282443e-01,6.407346718103764e-02,5.508915651722733e-01,3.305556082859473e-02,-2.965649570508919e-01,4.030510912179396e-02,0.000000000000000e+00,0.000000000000000e+00,0.000000000000000e+00,6.483074999999856e-03,9.249999999962188e-04,4.319999999999961e-02,3.049999999987670e-04,nan
1.820000000000000e+02,1.466041598096753e-02,8.521387433268209e-01,6.147236184796859e-02,5.194860758995218e-01,3.174130125948706e-02,-2.968404030615858e-01,3.869007324484551e-02,0.000000000000000e+00,0.000000000000000e+00,0.000000000000000e+00,6.483074999999861e-03,9.249999999962561e-04,4.319999999999959e-02,3.049999999987201e-04,nan
1.822500000000000e+02,1.115732275184461e-02,8.711632244729033e-01,5.886866350881538e-02,4.873239486539432e-01,3.047861105997617e-02,-2.970942899888118e-01,3.713788459930050e-02,0.000000000000000e+00,0.000000000000000e+00,0.000000000000000e+00,6.483074999999869e-03,9.249999999962821e-04,4.319999999999965e-02,3.049999999986692e-04,nan
1.825000000000000e+02,7.867679752769263e-03,8.889569032650623e-01,5.627155821139709e-02,4.544526768423309e-01,2.926561223763204e-02,-2.973282888965649e-01,3.564623322035572e-02,0.000000000000000e+00,0.000000000000000e+00,0.000000000000000e+00,6.483074999999876e-03,9.249999999963090e-04,4.319999999999967e-02,3.049999999986184e-04,nan
1.827500000000000e+02,4.783643331323411e-03,9.054945651291753e-01,5.368951833458681e-02,4.209205921536800e-01,2.810048080370972e-02,-2.975439437932513e-01,3.421287476069688e-02,0.000000000000000e+00,0.000000000000000e+00,0.000000000000000e+00,6.483074999999883e-03,9.249999999963281e-04,4.319999999999968e-02,3.049999999985675e-04,nan
1.830000000000000e+02,1.897393197862426e-03,9.207528399534003e-01,5.113033158355129e-02,3.867768049003933e-01,2.698144711506004e-02,-2.977426809161224e-01,3.283563088892202e-02,0.000000000000000e+00,0.000000000000000e+00,0.000000000000000e+00,6.483074999999883e-03,9.249999999963437e-04,4.319999999999970e-02,3.049999999985178e-04,nan
1.832500000000000e+02,-7.988424719393249e-04,9.347102236431135e-01,4.860112983702148e-02,3.520711431604571e-01,2.590679592494196e-02,-2.979258173949579e-01,3.151238933081491e-02,0.000000000000000e+00,0.000000000000000e+00,0.000000000000000e+00,6.483074999999881e-03,9.249999999963571e-04,4.319999999999970e-02,3.049999999984699e-04,nan
1.835000000000000e+02,-3.312764418119184e-03,9.473470982574812e-01,4.610841774322768e-02,3.168540907551240e-01,2.487486618440639e-02,-2.980945693273810e-01,3.024110360443596e-02,0.000000000000000e+00,0.000000000000000e+00,0.000000000000000e+00,6.483074999999882e-03,9.249999999963649e-04,4.319999999999969e-02,3.049999999984216e-04,nan
1.837500000000000e+02,-5.651982005832439e-03,9.586457505975087e-01,4.365810097476815e-02,2.811767241078503e-01,2.388405063120544e-02,-2.982500592980568e-01,2.901979249422423e-02,0.000000000000000e+00,0.000000000000000e+00,0.000000000000000e+00,6.483074999999879e-03,9.249999999963671e-04,4.319999999999970e-02,3.049999999983756e-04,nan
1.840000000000000e+02,-7.823995115152605e-03,9.685903891237633e-01,4.125551406488341e-02,2.450906480401842e-01,2.293279519892889e-02,-2.983933233735462e-01,2.784653930409861e-02,0.000000000000000e+00,0.000000000000000e+00,0.000000000000000e+00,6.483074999999878e-03,9.249999999963667e-04,4.319999999999970e-02,3.049999999983305e-04,nan
1.842500000000000e+02,-9.836178070324240e-03,9.771671590904567e-01,3.890544775852952e-02,2.086479305690893e-01,2.201959827524597e-02,-2.985253176038593e-01,2.671949092486379e-02,0.000000000000000e+00,0.000000000000000e+00,0.000000000000000e+00,6.483074999999882e-03,9.249999999963632e-04,4.319999999999969e-02,3.049999999982880e-04,nan
1.845000000000000e+02,-1.169576547435788e-02,9.843641557910713e-01,3.661217582141437e-02,1.719010367779155e-01,2.114300983469797e-02,-2.986469240608249e-01,2.563685674702425e-02,0.000000000000000e+00,0.000000000000000e+00,0.000000000000000e+00,6.483074999999876e-03,9.249999999963597e-04,4.319999999999965e-02,3.049999999982472e-04,nan
1.847500000000000e+02,-1.340983982145873e-02,9.901714358192096e-01,3.437948125890310e-02,1.349027618399879e-01,2.030163046841449e-02,-2.987589564423169e-01,2.459690744634597e-02,0.000000000000000e+00,0.000000000000000e+00,0.000000000000000e+00,6.483074999999877e-03,9.249999999963497e-04,4.319999999999968e-02,3.049999999982082e-04,nan
1.850000000000000e+02,-1.498532076614115e-02,9.945810262567600e-01,3.221068190451869e-02,9.770616327966208e-02,1.949411033037796e-02,-2.988621652701982e-01,2.359797366614085e-02,0.000000000000000e+00,0.000000000000000e+00,0.000000000000000e+00,6.483074999999876e-03,9.249999999963354e-04,4.319999999999970e-02,3.049999999981718e-04,nan
1.852500000000000e+02,-1.642895593399343e-02,9.975869317097787e-01,3.010865534475850e-02,6.036449256076572e-02,1.871914801741022e-02,-2.989572427085996e-01,2.263844461724651e-02,0.000000000000000e+00,0.000000000000000e+00,0.000000000000000e+00,6.483074999999880e-03,9.249999999963203e-04,4.319999999999968e-02,3.049999999981388e-04,nan
1.855000000000000e+02,-1.774731316491925e-02,9.991851391206573e-01,2.807586315320422e-02,2.293112609667710e-02,1.797548939787133e-02,-2.990448270278566e-01,2.171676661399969e-02,0.000000000000000e+00,0.000000000000000e+00,0.000000000000000e+00,6.483074999999879e-03,9.249999999963046e-04,4.319999999999970e-02,3.049999999981076e-04,nan
1.857500000000000e+02,-1.894677408529585e-02,9.993736202931474e-01,2.611437441249601e-02,-1.454050422003933e-02,1.726192640211880e-02,-2.991255067381264e-01,2.083144156212252e-02,0.000000000000000e+00,0.000000000000000e+00,0.000000000000000e+00,6.483074999999881e-03,9.249999999962882e-04,4.319999999999971e-02,3.049999999980794e-04,nan
1.860000000000000e+02,-2.003352891085804e-02,9.981523320746468e-01,2.422588850774424e-02,-5.199698086747135e-02,1.657729578605234e-02,-2.991998244153984e-01,1.998102541232945e-02,0.000000000000000e+00,0.000000000000000e+00,0.000000000000000e+00,6.483074999999876e-03,9.249999999962730e-04,4.319999999999966e-02,3.049999999980512e-04,nan
1.862500000000000e+02,-2.101357238724789e-02,9.955232141477806e-01,2.241175717942040e-02,-8.938497082020525e-02,1.592047787754019e-02,-2.992682802413260e-01,1.916412659158905e-02,0.000000000000000e+00,0.000000000000000e+00,0.000000000000000e+00,6.483074999999876e-03,9.249999999962543e-04,4.319999999999968e-02,3.049999999980282e-04,nan
1.865000000000000e+02,-2.189270078006965e-02,9.914901843907469e-01,2.067300582776117e-02,-1.266512958457304e-01,1.529039531417126e-02,-2.993313352770395e-01,1.837940442231800e-02,0.000000000000000e+00,0.000000000000000e+00,0.000000000000000e+00,6.483074999999868e-03,9.249999999962335e-04,4.319999999999966e-02,3.049999999980065e-04,nan
1.867500000000000e+02,-2.267650983096752e-02,9.860591317731279e-01,1.901035406428192e-02,-1.637430028644337e-01,1.468601177958192e-02,-2.993894144898829e-01,1.762556753831864e-02,0.000000000000000e+00,0.000000000000000e+00,0.000000000000000e+00,6.483074999999869e-03,9.249999999962114e-04,4.319999999999967e-02,3.049999999979879e-04,nan
1.870000000000000e+02,-2.337039360070703e-02,9.792379067608812e-01,1.742423550917295e-02,-2.006074342651259e-01,1.410633074455139e-02,-2.994429095508215e-01,1.690137230497827e-02,0.000000000000000e+00,0.000000000000000e+00,0.000000000000000e+00,6.483074999999875e-03,9.249999999961889e-04,4.319999999999968e-02,3.049999999979710e-04,nan
1.872500000000000e+02,-2.397954412450062e-02,9.710363092110341e-01,1.591481683618027e-02,-2.371922980673380e-01,1.355039421813117e-02,-2.994921814191411e-01,1.620562125010858e-02,0.000000000000000e+00,0.000000000000000e+00,0.000000000000000e+00,6.483074999999876e-03,9.249999999961667e-04,4.319999999999968e-02,3.049999999979571e-04,nan
1.875000000000000e+02,-2.450895180888217e-02,9.614660737432051e-01,1.448201606908830e-02,-2.734457378212912e-01,1.301728151325632e-02,-2.995375627299666e-01,1.553716151080064e-02,0.000000000000000e+00,0.000000000000000e+00,0.000000000000000e+00,6.483074999999882e-03,9.249999999961433e-04,4.319999999999971e-02,3.049999999979449e-04,nan
1.877500000000000e+02,-2.496340650331306e-02,9.505408525814558e-01,1.312552013615436e-02,-3.093164021364290e-01,1.250610803056924e-02,-2.995793599990939e-01,1.489488330078995e-02,0.000000000000000e+00,0.000000000000000e+00,0.000000000000000e+00,6.483074999999881e-03,9.249999999961208e-04,4.319999999999969e-02,3.049999999979337e-04,nan
1.880000000000000e+02,-2.534749918340293e-02,9.382761958661635e-01,1.184480169082084e-02,-3.447535137296983e-01,1.201602406355777e-02,-2.996178556586491e-01,1.427771840205313e-02,0.000000000000000e+00,0.000000000000000e+00,0.000000000000000e+00,6.483074999999884e-03,9.249999999960995e-04,4.319999999999969e-02,3.049999999979263e-04,nan
1.882500000000000e+02,-2.566562418616036e-02,9.246895294415758e-01,1.063913520877584e-02,-3.797069378853398e-01,1.154621362755915e-02,-2.996533099361574e-01,1.368463868368156e-02,0.000000000000000e+00,0.000000000000000e+00,0.000000000000000e+00,6.483074999999889e-03,9.249999999960774e-04,4.319999999999972e-02,3.049999999979198e-04,nan
1.885000000000000e+02,-2.592198194105949e-02,9.098001301304792e-01,9.507612372967445e-03,-4.141272502187895e-01,1.109589331470139e-02,-2.996859625887295e-01,1.311465465048626e-02,0.000000000000000e+00,0.000000000000000e+00,0.000000000000000e+00,6.483074999999888e-03,9.249999999960557e-04,4.319999999999971e-02,3.049999999979150e-04,nan
1.887500000000000e+02,-2.612058214392691e-02,8.936290985129965e-01,8.449156759521317e-03,-4.479658036383629e-01,1.066431117643497e-02,-2.997160345032491e-01,1.256681402327256e-02,0.000000000000000e+00,0.000000000000000e+00,0.000000000000000e+00,6.483074999999889e-03,9.249999999960358e-04,4.319999999999970e-02,3.049999999979124e-04,nan
1.890000000000000e+02,-2.626524732372575e-02,8.761993292318996e-01,7.462537838681868e-03,-4.811747943997057e-01,1.025074563494457e-02,-2.997437291726664e-01,1.204020035227488e-02,0.000000000000000e+00,0.000000000000000e+00,0.000000000000000e+00,6.483074999999888e-03,9.249999999960149e-04,4.319999999999974e-02,3.049999999979124e-04,nan
1.892500000000000e+02,-2.635961675524755e-02,8.575354788520160e-01,6.546384305911371e-03,-5.137073271494962e-01,9.854504424415165e-03,-2.997692340577808e-01,1.153393166485236e-02,0.000000000000000e+00,0.000000000000000e+00,0.000000000000000e+00,6.483074999999886e-03,9.249999999959946e-04,4.319999999999972e-02,3.049999999979111e-04,nan
1.895000000000000e+02,-2.640715067352469e-02,8.376639313063141e-01,5.699196759151780e-03,-5.455174788565964e-01,9.474923562854662e-03,-2.997927218432116e-01,1.104715914820907e-02,0.000000000000000e+00,0.000000000000000e+00,0.000000000000000e+00,6.483074999999887e-03,9.249999999959759e-04,4.319999999999972e-02,3.049999999979133e-04,nan
1.897500000000000e+02,-2.641113474845118e-02,8.166127609660574e-01,4.919359738994351e-03,-5.765603615307339e-01,9.111366354940890e-03,-2.998143515956223e-01,1.057906586761152e-02,0.000000000000000e+00,0.000000000000000e+00,0.000000000000000e+00,6.483074999999888e-03,9.249999999959577e-04,4.319999999999973e-02,3.049999999979154e-04,nan
1.900000000000000e+02,-2.637468478065574e-02,7.944116933770646e-01,4.205153149123925e-03,-6.067921836308525e-01,8.763222426159348e-03,-2.998342698316694e-01,1.012886552032567e-02,0.000000000000000e+00,0.000000000000000e+00,0.000000000000000e+00,6.483074999999892e-03,9.249999999959417e-04,4.319999999999973e-02,3.049999999979202e-04,nan
1.902500000000000e+02,-2.630075158211071e-02,7.710920637085612e-01,3.554763074918234e-03,-6.361703100674924e-01,8.429906788326433e-03,-2.998526115025943e-01,9.695801225281001e-03,0.000000000000000e+00,0.000000000000000e+00,0.000000000000000e+00,6.483074999999898e-03,9.249999999959265e-04,4.319999999999975e-02,3.049999999979259e-04,nan
1.905000000000000e+02,-2.619212600729180e-02,7.466867729653945e-01,2.966292018497927e-03,-6.646533207059184e-01,8.110858936446792e-03,-2.998695009018588e-01,9.279144348285842e-03,0.000000000000000e+00,0.000000000000000e+00,0.000000000000000e+00,6.483074999999900e-03,9.249999999959122e-04,4.319999999999975e-02,3.049999999979324e-04,nan
1.907500000000000e+02,-2.605144410292834e-02,7.212302420184867e-01,2.437768568848636e-03,-6.922010672792349e-01,7.805541976730003e-03,-2.998850525017496e-01,8.878193362462443e-03,0.000000000000000e+00,0.000000000000000e+00,0.000000000000000e+00,6.483074999999900e-03,9.249999999958979e-04,4.319999999999977e-02,3.049999999979393e-04,nan
1.910000000000000e+02,-2.588119234650938e-02,6.947583635123435e-01,1.967156525880627e-03,-7.187747286233539e-01,7.513441785488324e-03,-2.998993717244272e-01,8.492272743438565e-03,0.000000000000000e+00,0.000000000000000e+00,0.000000000000000e+00,6.483074999999899e-03,9.249999999958857e-04,4.319999999999976e-02,3.049999999979465e-04,nan
1.912500000000000e+02,-2.568371294573870e-02,6.673084517121980e-01,1.552363497461803e-03,-7.443368641484592e-01,7.234066198551176e-03,-2.999125556524819e-01,8.120731898721907e-03,0.000000000000000e+00,0.000000000000000e+00,0.000000000000000e+00,6.483074999999896e-03,9.249999999958723e-04,4.319999999999976e-02,3.049999999979532e-04,nan
1.915000000000000e+02,-2.546120917306858e-02,6.389191903569734e-01,1.191248988562726e-03,-7.688514654644826e-01,6.966944230761218e-03,-2.999246936836760e-01,7.762944130591714e-03,0.000000000000000e+00,0.000000000000000e+00,0.000000000000000e+00,6.483074999999899e-03,9.249999999958619e-04,4.319999999999979e-02,3.049999999979616e-04,nan
1.917500000000000e+02,-2.521575071128894e-02,6.096305785876818e-01,8.816320016945161e-04,-7.922840060811073e-01,6.711625325059325e-03,-2.999358681341932e-01,7.418305631765768e-03,0.000000000000000e+00,0.000000000000000e+00,0.000000000000000e+00,6.483074999999900e-03,9.249999999958536e-04,4.319999999999975e-02,3.049999999979714e-04,nan
1.920000000000000e+02,-2.494927898791176e-02,5.794838750241486e-01,6.212981678075792e-04,-8.146014891059107e-01,6.467678630620021e-03,-2.999461547943860e-01,7.086234513039206e-03,0.000000000000000e+00,0.000000000000000e+00,0.000000000000000e+00,6.483074999999901e-03,9.249999999958454e-04,4.319999999999977e-02,3.049999999979798e-04,nan
1.922500000000000e+02,-2.466361247777081e-02,5.485215400660544e-01,4.080064267565431e-04,-8.357724928674467e-01,6.234692309463084e-03,-2.999556234407068e-01,6.766169862041690e-03,0.000000000000000e+00,0.000000000000000e+00,0.000000000000000e+00,6.483074999999899e-03,9.249999999958363e-04,4.319999999999978e-02,3.049999999979885e-04,nan
1.925000000000000e+02,-2.436045195485984e-02,5.167871764972420e-01,2.394952763297129e-04,-8.557672143933630e-01,6.012272870940196e-03,-2.999643383072204e-01,6.457570832220216e-03,0.000000000000000e+00,0.000000000000000e+00,0.000000000000000e+00,6.483074999999902e-03,9.249999999958293e-04,4.319999999999978e-02,3.049999999979972e-04,nan
1.927500000000000e+02,-2.404138567595968e-02,4.843254684750078e-01,1.134886086942795e-04,-8.745575106770166e-01,5.800044533476198e-03,-2.999723585198376e-01,6.159915761124685e-03,0.000000000000000e+00,0.000000000000000e+00,0.000000000000000e+00,6.483074999999905e-03,9.249999999958241e-04,4.319999999999979e-02,3.049999999980070e-04,nan
1.930000000000000e+02,-2.370789448006002e-02,4.511821189887273e-01,2.770115292587410e-05,-8.921169376695022e-01,5.597648612931889e-03,-2.999797384961634e-01,5.872701317051012e-03,0.000000000000000e+00,0.000000000000000e+00,0.000000000000000e+00,6.483074999999905e-03,9.249999999958191e-04,4.319999999999977e-02,3.049999999980165e-04,nan
1.932500000000000e+02,-2.336135678896822e-02,4.174037858746293e-01,-2.015645792315948e-05,-9.084207869375417e-01,5.404742936948322e-03,-2.999865283136293e-01,5.595441673080864e-03,0.000000000000000e+00,0.000000000000000e+00,0.000000000000000e+00,6.483074999999908e-03,9.249999999958155e-04,4.319999999999980e-02,3.049999999980260e-04,nan
1.935000000000000e+02,-2.300305349581679e-02,3.830380164758307e-01,-3.237297700443471e-05,-9.234461199312715e-01,5.221001284630579e-03,-2.999927740483682e-01,5.327667707547289e-03,0.000000000000000e+00,0.000000000000000e+00,0.000000000000000e+00,6.483074999999907e-03,9.249999999958122e-04,4.319999999999977e-02,3.049999999980356e-04,nan
1.937500000000000e+02,-2.263417272943804e-02,3.481331810388938e-01,-1.123217315715838e-05,-9.371717998096364e-01,5.046112850931220e-03,-2.999985180871028e-01,5.068926229950408e-03,0.000000000000000e+00,0.000000000000000e+00,0.000000000000000e+00,6.483074999999910e-03,9.249999999958111e-04,4.319999999999982e-02,3.049999999980451e-04,nan
1.940000000000000e+02,-2.225581448376945e-02,3.127384049401498e-01,4.099121796380499e-05,-9.495785207748093e-01,4.879781735099425e-03,-3.000037994141354e-01,4.818779231346412e-03,0.000000000000000e+00,0.000000000000000e+00,0.000000000000000e+00,6.483074999999916e-03,9.249999999958096e-04,4.319999999999981e-02,3.049999999980543e-04,nan
1.942500000000000e+02,-2.186899510259048e-02,2.769034998368621e-01,1.220352384684711e-04,-9.606488348708391e-01,4.721726452570811e-03,-3.000086538753640e-01,4.576803158235694e-03,0.000000000000000e+00,0.000000000000000e+00,0.000000000000000e+00,6.483074999999917e-03,9.249999999958094e-04,4.319999999999984e-02,3.049999999980634e-04,nan
1.945000000000000e+02,-2.147465161097278e-02,2.406788938399669e-01,2.296541655531430e-04,-9.703671762055441e-01,4.571679469684435e-03,-3.000131144210988e-01,4.342588208981254e-03,0.000000000000000e+00,0.000000000000000e+00,0.000000000000000e+00,6.483074999999918e-03,9.249999999958107e-04,4.319999999999981e-02,3.049999999980723e-04,nan
1.947500000000000e+02,-2.107364588585381e-02,2.041155608066435e-01,3.616216982615266e-04,-9.787198825585463e-01,4.429386760627275e-03,-3.000172113293089e-01,4.115737651796306e-03,0.000000000000000e+00,0.000000000000000e+00,0.000000000000000e+00,6.483074999999914e-03,9.249999999958103e-04,4.319999999999981e-02,3.049999999980804e-04,nan
1.950000000000000e+02,-2.066676865912111e-02,1.672649488523148e-01,5.157338900406926e-04,-9.856952143422315e-01,4.294607386022176e-03,-3.000209724108026e-01,3.895867163349656e-03,0.000000000000000e+00,0.000000000000000e+00,0.000000000000000e+00,6.483074999999914e-03,9.249999999958105e-04,4.319999999999981e-02,3.049999999980882e-04,nan
1.952500000000000e+02,-2.025474334752285e-02,1.301789081828739e-01,6.898118430952963e-04,-9.912833708863787e-01,4.167113092592347e-03,-3.000244231977199e-01,3.682604187048560e-03,0.000000000000000e+00,0.000000000000000e+00,0.000000000000000e+00,6.483074999999914e-03,9.249999999958122e-04,4.319999999999979e-02,3.049999999980957e-04,nan
1.955000000000000e+02,-1.983822970460310e-02,9.290961834896951e-02,8.817041801857156e-04,-9.954765040211522e-01,4.046687933354110e-03,-3.000275871166098e-01,3.475587310071126e-03,0.000000000000000e+00,0.000000000000000e+00,0.000000000000000e+00,6.483074999999913e-03,9.249999999958129e-04,4.319999999999981e-02,3.049999999981028e-04,nan
1.957500000000000e+02,-1.941782729069902e-02,5.550951502506132e-02,1.089289309153904e-03,-9.982687289371496e-01,3.933127907809046e-03,-3.000304856472565e-01,3.274465658233541e-03,0.000000000000000e+00,0.000000000000000e+00,0.000000000000000e+00,6.483074999999915e-03,9.249999999958152e-04,4.319999999999982e-02,3.049999999981098e-04,nan
1.960000000000000e+02,-1.899407875783396e-02,1.803121641667852e-02,1.310477495096461e-03,-9.996561323052098e-01,3.826240621627208e-03,-3.000331384683264e-01,3.078898307791197e-03,0.000000000000000e+00,0.000000000000000e+00,0.000000000000000e+00,6.483074999999919e-03,9.249999999958196e-04,4.319999999999984e-02,3.049999999981165e-04,nan
1.962500000000000e+02,-1.856747294709856e-02,-1.947255060011883e-02,1.543212754739239e-03,-9.996367776426988e-01,3.725844965334083e-03,-3.000355635908186e-01,2.888553713287051e-03,0.000000000000000e+00,0.000000000000000e+00,0.000000000000000e+00,6.483074999999920e-03,9.249999999958224e-04,4.319999999999984e-02,3.049999999981226e-04,nan
1.965000000000000e+02,-1.813844779683234e-02,-5.694902450266694e-02,1.785474587203225e-03,-9.982107079170283e-01,3.631770811535730e-03,-3.000377774802199e-01,2.703109150574926e-03,0.000000000000000e+00,0.000000000000000e+00,0.000000000000000e+00,6.483074999999918e-03,9.249999999958250e-04,4.319999999999981e-02,3.049999999981284e-04,nan
1.967500000000000e+02,-1.770739306060378e-02,-9.434548320435122e-02,2.035279554988519e-03,-9.953799453811937e-01,3.543858730238577e-03,-3.000397951681895e-01,2.522250174159932e-03,0.000000000000000e+00,0.000000000000000e+00,0.000000000000000e+00,6.483074999999916e-03,9.249999999958278e-04,4.319999999999984e-02,3.049999999981339e-04,nan
1.970000000000000e+02,-1.727465283463946e-02,-1.316093180912228e-01,2.290682728643381e-03,-9.911484886401446e-01,3.461959721842731e-03,-3.000416303545269e-01,2.345670088012459e-03,0.000000000000000e+00,0.000000000000000e+00,0.000000000000000e+00,6.483074999999918e-03,9.249999999958326e-04,4.319999999999983e-02,3.049999999981390e-04,nan
1.972500000000000e+02,-1.684052789497451e-02,-1.686881079078695e-01,2.549779008229183e-03,-9.855223069508324e-01,3.385934967410365e-03,-3.000432955001134e-01,2.173069429026287e-03,0.000000000000000e+00,0.000000000000000e+00,0.000000000000000e+00,6.483074999999923e-03,9.249999999958378e-04,4.319999999999984e-02,3.049999999981436e-04,nan
1.975000000000000e+02,-1.640527784518928e-02,-2.055296923880444e-01,2.810704334340879e-03,-9.785093317627804e-01,3.315655595833469e-03,-3.000448019114547e-01,2.004155462305048e-03,0.000000000000000e+00,0.000000000000000e+00,0.000000000000000e+00,6.483074999999918e-03,9.249999999958413e-04,4.319999999999984e-02,3.049999999981481e-04,nan
1.977500000000000e+02,-1.596912307616322e-02,-2.420822455259068e-01,3.071636801096650e-03,-9.701194455100234e-01,3.251002467548165e-03,-3.000461598173982e-01,1.838641687474517e-03,0.000000000000000e+00,0.000000000000000e+00,0.000000000000000e+00,6.483074999999918e-03,9.249999999958452e-04,4.319999999999983e-02,3.049999999981522e-04,nan
1.980000000000000e+02,-1.553224653981738e-02,-2.782943483842516e-01,3.330797683170647e-03,-9.603644676692308e-01,3.191865974465754e-03,-3.000473784385406e-01,1.676247355230901e-03,0.000000000000000e+00,0.000000000000000e+00,0.000000000000000e+00,6.483074999999916e-03,9.249999999958498e-04,4.319999999999984e-02,3.049999999981559e-04,nan
1.982500000000000e+02,-1.509479533933544e-02,-3.141150613367514e-01,3.586452388609433e-03,-9.492581381027696e-01,3.138145855813559e-03,-3.000484660497991e-01,1.516696993347437e-03,0.000000000000000e+00,0.000000000000000e+00,0.000000000000000e+00,6.483074999999914e-03,9.249999999958531e-04,4.319999999999981e-02,3.049999999981594e-04,nan
1.985000000000000e+02,-1.465688213884922e-02,-3.494939956420570e-01,3.836911348846330e-03,-9.368160977093738e-01,3.089751029601576e-03,-3.000494300365678e-01,1.359719941372988e-03,0.000000000000000e+00,0.000000000000000e+00,0.000000000000000e+00,6.483074999999915e-03,9.249999999958574e-04,4.319999999999982e-02,3.049999999981628e-04,nan
1.987500000000000e+02,-1.421858639605206e-02,-3.843813842485442e-01,4.080530857008618e-03,-9.230558664089602e-01,3.046599439453826e-03,-3.000502769448389e-01,1.205049893267098e-03,0.000000000000000e+00,0.000000000000000e+00,0.000000000000000e+00,6.483074999999913e-03,9.249999999958617e-04,4.319999999999981e-02,3.049999999981655e-04,nan
1.990000000000000e+02,-1.377995542166316e-02,-4.187281517296053e-01,4.315713865300515e-03,-9.079968184919585e-01,3.008617916566091e-03,-3.000510125256310e-01,1.052424447225869e-03,0.000000000000000e+00,0.000000000000000e+00,0.000000000000000e+00,6.483074999999911e-03,9.249999999958654e-04,4.319999999999980e-02,3.049999999981683e-04,nan
1.992500000000000e+02,-1.334100527010942e-02,-4.524859832506223e-01,4.540910751940172e-03,-8.916601553673034e-01,2.975742056574482e-03,-3.000516417740212e-01,9.015846619622185e-04,0.000000000000000e+00,0.000000000000000e+00,0.000000000000000e+00,6.483074999999911e-03,9.249999999958700e-04,4.319999999999981e-02,3.049999999981704e-04,nan
1.995000000000000e+02,-1.290172146622089e-02,-4.856073924701410e-01,4.754620067831396e-03,-8.740688757469683e-01,2.947916111141934e-03,-3.000521689630488e-01,7.522746187123816e-04,0.000000000000000e+00,0.000000000000000e+00,0.000000000000000e+00,6.483074999999912e-03,9.249999999958748e-04,4.319999999999979e-02,3.049999999981724e-04,nan
1.997500000000000e+02,-1.246205957315272e-02,-5.180457882792965e-01,4.955389272860371e-03,-8.552477433085878e-01,2.925092894092285e-03,-3.000525976727191e-01,6.042409882480029e-04,0.000000000000000e+00,0.000000000000000e+00,0.000000000000000e+00,6.483074999999913e-03,9.249999999958797e-04,4.319999999999981e-02,3.049999999981745e-04,nan
2.000000000000000e+02,-1.202194560715244e-02,-5.497555402851904e-01,5.141815471423886e-03,-8.352232518813248e-01,2.907233701944128e-03,-3.000529308143035e-01,4.572326021797618e-04,0.000000000000000e+00,0.000000000000000e+00,0.000000000000000e+00,6.483074999999921e-03,9.249999999958848e-04,4.319999999999984e-02,3.049999999981759e-04,nan
