t,qw,qx,qy,qz,wx,wy,wz,tau_x,tau_y,tau_z,energy,hx,hy,hz,pointing_error_deg
0.000000000000000e+00,1.000000000000000e+00,0.000000000000000e+00,0.000000000000000e+00,0.000000000000000e+00,5.000000000000000e-03,3.000000000000000e-01,5.000000000000000e-03,0.000000000000000e+00,0.000000000000000e+00,0.000000000000000e+00,6.483074999999999e-03,9.250000000000000e-04,4.320000000000000e-02,3.050000000000000e-04,nan
2.500000000000000e-01,9.992965642169662e-01,6.353020334656065e-04,3.749084609644111e-02,6.399956765557374e-04,5.172355094389423e-03,2.999943952452914e-01,5.256181216617383e-03,0.000000000000000e+00,0.000000000000000e+00,0.000000000000000e+00,6.483075190101370e-03,9.250216301974971e-04,4.320000046472264e-02,3.049513127787456e-04,nan
5.000000000000000e-01,9.971872307489610e-01,1.292983628476666e-03,7.492821155642415e-02,1.310777445211372e-03,5.353469152280498e-03,2.999883009551095e-01,5.521256274584980e-03,0.000000000000000e+00,0.000000000000000e+00,0.000000000000000e+00,6.483075397332822e-03,9.250400881750402e-04,4.320000108258051e-02,3.048986344726350e-04,nan
7.500000000000000e-01,9.936749427617724e-01,1.974486896510280e-03,1.122593566932598e-01,2.011557530652763e-03,5.543647954549816e-03,2.999816758388523e-01,5.795673214273269e-03,0.000000000000000e+00,0.000000000000000e+00,0.000000000000000e+00,6.483075623187980e-03,9.250549188454506e-04,4.320000186740559e-02,3.048420899716428e-04,nan
1.000000000000000e+00,9.887646163076224e-01,2.681308530694765e-03,1.494316857947352e-01,2.741423562074677e-03,5.743212513544914e-03,2.999744750120844e-01,6.079895738831703e-03,0.000000000000000e+00,0.000000000000000e+00,0.000000000000000e+00,6.483075869286549e-03,9.250656622936487e-04,4.320000283326770e-02,3.047818445976172e-04,nan
1.250000000000000e+00,9.824631335726973e-01,3.414998882602415e-03,1.863928207279058e-01,3.499333399774252e-03,5.952499599532617e-03,2.999666496931948e-01,6.374403978872351e-03,0.000000000000000e+00,0.000000000000000e+00,0.000000000000000e+00,6.483076137385250e-03,9.250718566081229e-04,4.320000399443804e-02,3.047181058326912e-04,nan
1.500000000000000e+00,9.747793333921267e-01,4.177160740283748e-03,2.230906742181260e-01,4.284109785346987e-03,6.171862291578827e-03,2.999581468738078e-01,6.679695282198014e-03,0.000000000000000e+00,0.000000000000000e+00,0.000000000000000e+00,6.483076429389703e-03,9.250730409478370e-04,4.320000536535196e-02,3.046511249138811e-04,nan
1.750000000000000e+00,9.657239990498132e-01,4.969447784791451e-03,2.594735226989883e-01,5.094434819322341e-03,6.401670553494818e-03,2.999489089607421e-01,6.996285029548069e-03,0.000000000000000e+00,0.000000000000000e+00,0.000000000000000e+00,6.483076747367276e-03,9.250687588452420e-04,4.320000696057086e-02,3.045811982701124e-04,nan
2.000000000000000e+00,9.553098433847136e-01,5.793562701820213e-03,2.954900786305750e-01,5.928844271064138e-03,6.642311835488537e-03,2.999388733871294e-01,7.324707477331636e-03,0.000000000000000e+00,0.000000000000000e+00,0.000000000000000e+00,6.483077093561066e-03,9.250585617441469e-04,4.320000879474430e-02,3.045086687767940e-04,nan
2.250000000000000e+00,9.435514912293662e-01,6.651254924471497e-03,3.310895621843354e-01,6.785721726817371e-03,6.894191702158864e-03,2.999279721900991e-01,7.665516628309421e-03,0.000000000000000e+00,0.000000000000000e+00,0.000000000000000e+00,6.483077470405042e-03,9.250420127691007e-04,4.320001088257230e-02,3.044339268020685e-04,nan
2.500000000000000e+00,9.304654592106413e-01,7.544317982541669e-03,3.662217721939779e-01,7.663292582910859e-03,7.157734487465533e-03,2.999161315522175e-01,8.019287131171834e-03,0.000000000000000e+00,0.000000000000000e+00,0.000000000000000e+00,6.483077880540456e-03,9.250186907207066e-04,4.320001323876885e-02,3.043574110179844e-04,nan
2.750000000000000e+00,9.160701329468628e-01,8.474586433130893e-03,4.008371562730206e-01,8.559617892329221e-03,7.433383977296700e-03,2.999032713036333e-01,8.386615209941021e-03,0.000000000000000e+00,0.000000000000000e+00,0.000000000000000e+00,6.483078326833655e-03,9.249881942888570e-04,4.320001587802721e-02,3.042796089491454e-04,nan
3.000000000000000e+00,9.003857416796069e-01,9.443932346781189e-03,4.348868800010766e-01,9.472588074151290e-03,7.721604120239305e-03,2.998893043816272e-01,8.768119624096933e-03,0.000000000000000e+00,0.000000000000000e+00,0.000000000000000e+00,6.483078812395422e-03,9.249501464733275e-04,4.320001881498788e-02,3.042010572308158e-04,nan
3.250000000000000e+00,8.834343303825990e-01,1.045426132277824e-02,4.683228950825548e-01,1.039991649672024e-02,8.022879767133027e-03,2.998741362439849e-01,9.164442660291537e-03,0.000000000000000e+00,0.000000000000000e+00,0.000000000000000e+00,6.483079340601926e-03,9.249041991984463e-04,4.320002206421012e-02,3.041223415481466e-04,nan
3.500000000000000e+00,8.652397293942440e-01,1.150750800669578e-02,5.010980063832470e-01,1.133913294686747e-02,8.337717439956149e-03,2.998576642323163e-01,9.576251156469182e-03,0.000000000000000e+00,0.000000000000000e+00,0.000000000000000e+00,6.483079915117459e-03,9.248500381057119e-04,4.320002564014801e-02,3.040440962280087e-04,nan
3.750000000000000e+00,8.458275216243883e-01,1.260563108272817e-02,5.331659377522565e-01,1.228757699906289e-02,8.666646130549358e-03,2.998397768811228e-01,1.000423755915355e-02,0.000000000000000e+00,0.000000000000000e+00,0.000000000000000e+00,6.483080539919093e-03,9.247873875052586e-04,4.320002955713218e-02,3.039670034550116e-04,nan
4.000000000000000e+00,8.252250073899325e-01,1.375060771284841e-02,5.644813965388675e-01,1.324239130001351e-02,9.010218129630310e-03,2.998203531680672e-01,1.044912101459067e-02,0.000000000000000e+00,0.000000000000000e+00,0.000000000000000e+00,6.483081219323459e-03,9.247160154639815e-04,4.320003382935848e-02,3.038917920836255e-04,nan
4.250000000000000e+00,8.034611669379053e-01,1.494442739435134e-02,5.950001367163266e-01,1.420051478598518e-02,9.369009886485646e-03,2.997992617005251e-01,1.091164849435129e-02,0.000000000000000e+00,0.000000000000000e+00,0.000000000000000e+00,6.483081958015726e-03,9.246357390049525e-04,4.320003847088479e-02,3.038192360188732e-04,nan
4.500000000000000e+00,7.805666207185384e-01,1.618908520689801e-02,6.246790205270382e-01,1.515867585198579e-02,9.743622899646861e-03,2.997763598330980e-01,1.139259595589218e-02,0.000000000000000e+00,0.000000000000000e+00,0.000000000000000e+00,6.483082761081088e-03,9.245464293895063e-04,4.320004349563746e-02,3.037501521389809e-04,nan
4.750000000000000e+00,7.565735874747608e-01,1.748657441977348e-02,6.534760785664279e-01,1.611338549392649e-02,1.013468463875914e-02,2.997514927103311e-01,1.189276953845198e-02,0.000000000000000e+00,0.000000000000000e+00,0.000000000000000e+00,6.483083634038906e-03,9.244480174500379e-04,4.320004891742904e-02,3.036853977344862e-04,nan
5.000000000000000e+00,7.315158402183395e-01,1.883887842971117e-02,6.813505682256753e-01,1.706093044697900e-02,1.054284949773637e-02,2.997244922284120e-01,1.241300679451037e-02,0.000000000000000e+00,0.000000000000000e+00,0.000000000000000e+00,6.483084582879679e-03,9.243404989381901e-04,4.320005474998874e-02,3.036258674397930e-04,nan
5.250000000000000e+00,7.054286601666455e-01,2.024796199932865e-02,7.082630304166585e-01,1.799736634557676e-02,1.096879977915783e-02,2.996951759091303e-01,1.295417795686622e-02,0.000000000000000e+00,0.000000000000000e+00,0.000000000000000e+00,6.483085614105200e-03,9.242239398497558e-04,4.320006100700756e-02,3.035724896350128e-04,nan
5.500000000000000e+00,6.783487887176815e-01,2.171576176596954e-02,7.341753445058344e-01,1.891851093287467e-02,1.141324670969968e-02,2.996633456788308e-01,1.351718724118735e-02,0.000000000000000e+00,0.000000000000000e+00,0.000000000000000e+00,6.483086734772072e-03,9.240984816842118e-04,4.320006770220008e-02,3.035262222979966e-04,nan
5.750000000000000e+00,6.503143775446033e-01,2.324417599055941e-02,7.590507813873441e-01,1.981993734999346e-02,1.187693148620460e-02,2.996287865445235e-01,1.410297418364763e-02,0.000000000000000e+00,0.000000000000000e+00,0.000000000000000e+00,6.483087952538830e-03,9.239643465934690e-04,4.320007484938455e-02,3.034880482890138e-04,nan
6.000000000000000e+00,6.213649368944369e-01,2.483505351597055e-02,7.828540546294440e-01,2.069696753803872e-02,1.236062635177029e-02,2.995912651586895e-01,1.471251501299090e-02,0.000000000000000e+00,0.000000000000000e+00,0.000000000000000e+00,6.483089275717137e-03,9.238218423711748e-04,4.320008246258403e-02,3.034589700534317e-04,nan
6.250000000000000e+00,5.915412821790985e-01,2.649018190435805e-02,8.055513696323997e-01,2.154466578871168e-02,1.286513570098018e-02,2.995505282636591e-01,1.534682405604191e-02,0.000000000000000e+00,0.000000000000000e+00,0.000000000000000e+00,6.483090713327127e-03,9.236713672306543e-04,4.320009055615017e-02,3.034400037308672e-04,nan
6.500000000000000e+00,5.608854789500810e-01,2.821127472298851e-02,8.271104707402358e-01,2.235783248232781e-02,1.339129721310029e-02,2.995063010057341e-01,1.600695517531475e-02,0.000000000000000e+00,0.000000000000000e+00,0.000000000000000e+00,6.483092275157508e-03,9.235134143166059e-04,4.320009914491273e-02,3.034321726630879e-04,nan
6.750000000000000e+00,5.294407863513292e-01,2.999995794824331e-02,8.475006862532668e-01,2.313099805524159e-02,1.393998301172138e-02,2.994582851084636e-01,1.669400323694286e-02,0.000000000000000e+00,0.000000000000000e+00,0.000000000000000e+00,6.483093971830579e-03,9.233485758926624e-04,4.320010824435667e-02,3.034365002968009e-04,nan
7.000000000000000e+00,4.972515991478254e-01,3.185775545775259e-02,8.666929712930805e-01,2.385841724205298e-02,1.451210084892788e-02,2.994061568936856e-01,1.740910560666519e-02,0.000000000000000e+00,0.000000000000000e+00,0.000000000000000e+00,6.483095814872739e-03,9.231775471442874e-04,4.320011787083004e-02,3.034540024819421e-04,nan
7.250000000000000e+00,4.643633884302732e-01,3.378607358101851e-02,8.846599484766819e-01,2.453406364155601e-02,1.510859531161846e-02,2.993495651380826e-01,1.815344367104050e-02,0.000000000000000e+00,0.000000000000000e+00,0.000000000000000e+00,6.483097816790795e-03,9.230011295340052e-04,4.320012804178503e-02,3.034856791708956e-04,nan
7.500000000000000e+00,4.308226410989562e-01,3.578618467943026e-02,9.013759463617901e-01,2.515162465919667e-02,1.573044904707985e-02,2.992881287520976e-01,1.892824438041830e-02,0.000000000000000e+00,0.000000000000000e+00,0.000000000000000e+00,6.483099991154630e-03,9.228202336437233e-04,4.320013877605526e-02,3.035325055292684e-04,nan
7.750000000000000e+00,3.966767982323433e-01,3.785920972727681e-02,9.168170356308627e-01,2.570449688284923e-02,1.637868400431701e-02,2.992214342670938e-01,1.973478180945894e-02,0.000000000000000e+00,0.000000000000000e+00,0.000000000000000e+00,6.483102352686705e-03,9.226358814369970e-04,4.320015009417242e-02,3.035954224743759e-04,nan
8.000000000000000e+00,3.619741924483266e-01,4.000609986624636e-02,9.309610629872674e-01,2.618578195301602e-02,1.705436268695924e-02,2.991490331156247e-01,2.057437873015631e-02,0.000000000000000e+00,0.000000000000000e+00,0.000000000000000e+00,6.483104917358868e-03,9.224492078726298e-04,4.320016201872488e-02,3.036753266636504e-04,nan
8.250000000000000e+00,3.267639843680359e-01,4.222761690698335e-02,9.437876827431902e-01,2.658828299312017e-02,1.775858941278330e-02,2.990704386886234e-01,2.144840819136073e-02,0.000000000000000e+00,0.000000000000000e+00,0.000000000000000e+00,6.483107702497170e-03,9.222614617998095e-04,4.320017457476212e-02,3.037730599614909e-04,nan
8.500000000000000e+00,2.910960982939970e-01,4.452431275258063e-02,9.552783860853278e-01,2.690450167041501e-02,1.849251157400916e-02,2.989851231521943e-01,2.235829509771272e-02,0.000000000000000e+00,0.000000000000000e+00,0.000000000000000e+00,6.483110726895217e-03,9.220740060642235e-04,4.320018779024783e-02,3.038893984197345e-04,nan
8.750000000000000e+00,2.550211572159373e-01,4.689650772044452e-02,9.654165280111950e-01,2.712663596319631e-02,1.925732089151774e-02,2.988925140055312e-01,2.330551777966457e-02,0.000000000000000e+00,0.000000000000000e+00,0.000000000000000e+00,6.483114010936695e-03,9.218883167545328e-04,4.320020169656521e-02,3.040250408140764e-04,nan
9.000000000000000e+00,2.185904172587609e-01,4.934426774081253e-02,9.741873519359938e-01,2.724657871549685e-02,2.005425465499976e-02,2.987919903602776e-01,2.429160954486865e-02,0.000000000000000e+00,0.000000000000000e+00,0.000000000000000e+00,6.483117576727902e-03,9.217059815187834e-04,4.320021632907817e-02,3.041805967860470e-04,nan
9.250000000000000e+00,1.818557016880886e-01,5.186738041236628e-02,9.815780119774318e-01,2.725591706628925e-02,2.088459693975388e-02,2.986828789203925e-01,2.531816019962796e-02,0.000000000000000e+00,0.000000000000000e+00,0.000000000000000e+00,6.483121448240863e-03,9.215286968812962e-04,4.320023172775168e-02,3.043565746478640e-04,nan
9.500000000000000e+00,1.448693345892356e-01,5.446532989790371e-02,9.875775929336797e-01,2.714593284644849e-02,2.174967978939254e-02,2.985644496403137e-01,2.638681752731666e-02,0.000000000000000e+00,0.000000000000000e+00,0.000000000000000e+00,6.483125651467945e-03,9.213582644920513e-04,4.320024793783504e-02,3.045533689153808e-04,nan
9.750000000000000e+00,1.076840743355456e-01,5.713727064596348e-02,9.921771279777984e-01,2.690760404335352e-02,2.265088435206702e-02,2.984359110379093e-01,2.749928870865936e-02,0.000000000000000e+00,0.000000000000000e+00,0.000000000000000e+00,6.483130214588736e-03,9.211965862429210e-04,4.320026501061176e-02,3.047712476426016e-04,nan
1.000000000000000e+01,7.035304696154818e-02,5.988199992768083e-02,9.953696141004776e-01,2.653160744006765e-02,2.358964195596727e-02,2.982964051374056e-01,2.865734166648452e-02,0.000000000000000e+00,0.000000000000000e+00,0.000000000000000e+00,6.483135168150122e-03,9.210456581878498e-04,4.320028300421981e-02,3.050103396394913e-04,nan
1.025000000000000e+01,3.292967955541502e-02,6.269792918205885e-02,9.971500253417886e-01,2.600832254355476e-02,2.456743510776341e-02,2.981450020161848e-01,2.986280631500919e-02,0.000000000000000e+00,0.000000000000000e+00,0.000000000000000e+00,6.483140545260468e-03,9.209075632080361e-04,4.320030198454584e-02,3.052706216634643e-04,nan
1.050000000000000e+01,-4.532366216420836e-03,6.558305416733062e-02,9.975153238618926e-01,2.532783692439497e-02,2.558579839531080e-02,2.979806939280830e-01,3.111757569083912e-02,0.000000000000000e+00,0.000000000000000e+00,0.000000000000000e+00,6.483146381798853e-03,9.207844623673475e-04,4.320032202619707e-02,3.055519056834445e-04,nan
1.075000000000000e+01,-4.197926034191216e-02,6.853492392124200e-02,9.964644689102201e-01,2.447995309898349e-02,2.664631927330950e-02,2.978023889746182e-01,3.242360693964734e-02,0.000000000000000e+00,0.000000000000000e+00,0.000000000000000e+00,6.483152716640459e-03,9.206785849090139e-04,4.320034321355485e-02,3.058538263242326e-04,nan
1.100000000000000e+01,-7.935707034580684e-02,7.155060853899159e-02,9.939984237625804e-01,2.345419709426256e-02,2.775063870766534e-02,2.976089042944580e-01,3.378292212888828e-02,0.000000000000000e+00,0.000000000000000e+00,0.000000000000000e+00,6.483159591899036e-03,9.205922168506108e-04,4.320036564191288e-02,3.061758286074709e-04,nan
1.125000000000000e+01,-1.166118267182405e-01,7.462666578431909e-02,9.901201607059166e-01,2.223982884467177e-02,2.890045165100958e-02,2.973989587404585e-01,3.519760885287667e-02,0.000000000000000e+00,0.000000000000000e+00,0.000000000000000e+00,6.483167053187715e-03,9.205276881417831e-04,4.320038941870444e-02,3.065171561142531e-04,nan
1.150000000000000e+01,-1.536895877908246e-01,7.775910655695571e-02,9.848346641610010e-01,2.082585458123406e-02,3.009750731816630e-02,2.971711650127936e-01,3.666982059206867e-02,0.000000000000000e+00,0.000000000000000e+00,0.000000000000000e+00,6.483175149899106e-03,9.204873583573484e-04,4.320041466482115e-02,3.068768397028500e-04,nan
1.175000000000000e+01,-1.905365039675089e-01,8.094335924846004e-02,9.781489320441962e-01,1.920104138354132e-02,3.134360922627499e-02,2.969240212161246e-01,3.820177678338579e-02,0.000000000000000e+00,0.000000000000000e+00,0.000000000000000e+00,6.483183935505965e-03,9.204736009079187e-04,4.320044151602718e-02,3.072536869233983e-04,nan
1.200000000000000e+01,-2.270988812246698e-01,8.417423302851015e-02,9.700719754804901e-01,1.735393407688274e-02,3.264061495974493e-02,2.966559018084871e-01,3.979576255287442e-02,0.000000000000000e+00,0.000000000000000e+00,0.000000000000000e+00,6.483193467883516e-03,9.204887857603237e-04,4.320047012447130e-02,3.076462722793171e-04,nan
1.225000000000000e+01,-2.633232438033879e-01,8.744588011516621e-02,9.606148169912301e-01,1.527287466887687e-02,3.399043561520097e-02,2.963650479096854e-01,4.145412805585192e-02,0.000000000000000e+00,0.000000000000000e+00,0.000000000000000e+00,6.483203809654573e-03,9.205352606719277e-04,4.320050066029979e-02,3.080529284929436e-04,nan
1.250000000000000e+01,-2.991563960268945e-01,9.075175709564040e-02,9.497904872913034e-01,1.294602453272283e-02,3.539503487603943e-02,2.960495569375790e-01,4.317928736290719e-02,0.000000000000000e+00,0.000000000000000e+00,0.000000000000000e+00,6.483215028558626e-03,9.206153309555265e-04,4.320053331337213e-02,3.084717389399837e-04,nan
1.275000000000000e+01,-3.345454831878327e-01,9.408458537891871e-02,9.376140208418030e-01,1.036138955756226e-02,3.685642766011441e-02,2.957073715418266e-01,4.497371682265687e-02,0.000000000000000e+00,0.000000000000000e+00,0.000000000000000e+00,6.483227197845955e-03,9.207312378055081e-04,4.320056829508149e-02,3.089005314239422e-04,nan
1.300000000000000e+01,-3.694380514635011e-01,9.743631087839157e-02,9.241024503153602e-01,7.506848500407067e-03,3.837667827738129e-02,2.953362678065618e-01,4.683995282396587e-02,0.000000000000000e+00,0.000000000000000e+00,0.000000000000000e+00,6.483240396697797e-03,9.208851352311403e-04,4.320060584028106e-02,3.093368734675963e-04,nan
1.325000000000000e+01,-4.037821068328136e-01,1.007980630417332e-01,9.092748001421808e-01,4.370184788585580e-03,3.995789802701000e-02,2.949338426962569e-01,4.878058887138585e-02,0.000000000000000e+00,0.000000000000000e+00,0.000000000000000e+00,6.483254710673451e-03,9.210790656592437e-04,4.320064620931648e-02,3.097780693036012e-04,nan
1.350000000000000e+01,-4.375261729865099e-01,1.041601133668818e-01,8.931520793151507e-01,9.391220366064680e-04,4.160224215551733e-02,2.944975007228704e-01,5.079827187781767e-02,0.000000000000000e+00,0.000000000000000e+00,0.000000000000000e+00,6.483270232185178e-03,9.213149342863986e-04,4.320068969016428e-02,3.102211587503846e-04,nan
1.375000000000000e+01,-4.706193482424589e-01,1.075118335674439e-01,8.757572736419991e-01,-2.798636443378433e-03,4.331190608884263e-02,2.940244398174662e-01,5.289569756784662e-02,0.000000000000000e+00,0.000000000000000e+00,0.000000000000000e+00,6.483287061001458e-03,9.215944822799438e-04,4.320073660067481e-02,3.106629181624425e-04,nan
1.400000000000000e+01,-5.030113615008853e-01,1.108416535784834e-01,8.571153376410872e-01,-6.855363842877200e-03,4.508912084199944e-02,2.935116363960803e-01,5.507560487382374e-02,0.000000000000000e+00,0.000000000000000e+00,0.000000000000000e+00,6.483305304778943e-03,9.219192589471764e-04,4.320078729091658e-02,3.110998636458766e-04,nan
1.425000000000000e+01,-5.346526273003209e-01,1.141370196248463e-01,8.372531862846279e-01,-1.124326146007345e-02,4.693614749998773e-02,2.929558296179577e-01,5.734076919459095e-02,0.000000000000000e+00,0.000000000000000e+00,0.000000000000000e+00,6.483325079623241e-03,9.222905930143998e-04,4.320084214561845e-02,3.115282567300931e-04,nan
1.450000000000000e+01,-5.654943000642477e-01,1.173843526092815e-01,8.161996867985928e-01,-1.597440537939467e-02,4.885527065308204e-02,2.923535048446825e-01,5.969399437380900e-02,0.000000000000000e+00,0.000000000000000e+00,0.000000000000000e+00,6.483346510678180e-03,9.227095631801872e-04,4.320090158670341e-02,3.119441126852012e-04,nan
1.475000000000000e+01,-5.954883276610200e-01,1.205690071170685e-01,7.939856507317806e-01,-2.106068788802713e-02,5.084879065847598e-02,2.917008763215310e-01,6.213810324121789e-02,0.000000000000000e+00,0.000000000000000e+00,0.000000000000000e+00,6.483369732742863e-03,9.231769681319591e-04,4.320096607590623e-02,3.123432116712670e-04,nan
1.500000000000000e+01,-6.245875044359707e-01,1.236752313780836e-01,7.706438265069153e-01,-2.651375327642345e-02,5.291901458865785e-02,2.909938691179484e-01,6.467592654595349e-02,0.000000000000000e+00,0.000000000000000e+00,0.000000000000000e+00,6.483394890915139e-03,9.236932962405795e-04,4.320103611746468e-02,3.127211129000072e-04,nan
1.525000000000000e+01,-6.527455239148421e-01,1.266861285766570e-01,7.462088926635665e-01,-3.234492765814641e-02,5.506824571494705e-02,2.902281003828174e-01,6.731029009642206e-02,0.000000000000000e+00,0.000000000000000e+00,0.000000000000000e+00,6.483422141259582e-03,9.242586951746551e-04,4.320111226087147e-02,3.130731719816976e-04,nan
1.550000000000000e+01,-6.799170314220154e-01,1.295836199546548e-01,7.207174519953639e-01,-3.856514243500218e-02,5.729877136252433e-02,2.893988599925931e-01,7.004399990642794e-02,0.000000000000000e+00,0.000000000000000e+00,0.000000000000000e+00,6.483451651497170e-03,9.248729417046533e-04,4.320119510367064e-02,3.133945616193463e-04,nan
1.575000000000000e+01,-7.060576769055960e-01,1.323484102143735e-01,6.942080267715542e-01,-4.518485102715433e-02,5.961284896128578e-02,2.885010906969138e-01,7.287982513255785e-02,0.000000000000000e+00,0.000000000000000e+00,0.000000000000000e+00,6.483483601712979e-03,9.255354119957968e-04,4.320128529427855e-02,3.136802957985942e-04,nan
1.600000000000000e+01,-7.311241683143194e-01,1.349599557954774e-01,6.667210552143849e-01,-5.221393848575764e-02,6.201269010526794e-02,2.875293678974827e-01,7.582047857364586e-02,0.000000000000000e+00,0.000000000000000e+00,0.000000000000000e+00,6.483518185077048e-03,9.262450527192088e-04,4.320138353480549e-02,3.139252576048321e-04,nan
1.625000000000000e+01,-7.550743259284440e-01,1.373964366746789e-01,6.382988893779870e-01,-5.966162360877725e-02,6.450044242263864e-02,2.864778792323850e-01,7.886859448998335e-02,0.000000000000000e+00,0.000000000000000e+00,0.000000000000000e+00,6.483555608572333e-03,9.270003533414267e-04,4.320149058384907e-02,3.141242307781698e-04,nan
1.650000000000000e+01,-7.778671381081473e-01,1.396347324184243e-01,6.089857945400780e-01,-6.753635319045173e-02,6.707816904884836e-02,2.853404041800989e-01,8.202670348843058e-02,0.000000000000000e+00,0.000000000000000e+00,0.000000000000000e+00,6.483596093722127e-03,9.277993199840033e-04,4.320160725922482e-02,3.142719350921136e-04,nan
1.675000000000000e+01,-7.994628189881591e-01,1.416504033076530e-01,5.788279501735042e-01,-7.584568805294492e-02,6.974782548812897e-02,2.841102939458251e-01,8.529720421052019e-02,0.000000000000000e+00,0.000000000000000e+00,0.000000000000000e+00,6.483639877307617e-03,9.286394512762189e-04,4.320173444059382e-02,3.143630656120121e-04,nan
1.700000000000000e+01,-8.198228687158831e-01,1.434176774497049e-01,5.478734525088298e-01,-8.459618053699380e-02,7.251123364389668e-02,2.827804519478727e-01,8.868233155497314e-02,0.000000000000000e+00,0.000000000000000e+00,0.000000000000000e+00,6.483687212064281e-03,9.295177166555491e-04,4.320187307193932e-02,3.143923358551511e-04,nan
1.725000000000000e+01,-8.389101369013710e-01,1.449094448954260e-01,5.161723186301922e-01,-9.379324316897258e-02,7.537005279770309e-02,2.813433152841436e-01,9.218412116493212e-02,0.000000000000000e+00,0.000000000000000e+00,0.000000000000000e+00,6.483738367343652e-03,9.304305376009849e-04,4.320202416383759e-02,3.143545248338112e-04,nan
1.750000000000000e+01,-8.566888900200749e-01,1.460972598889110e-01,4.837764919626780e-01,-1.034410082772254e-01,7.832574732030453e-02,2.797908376285513e-01,9.580436991502053e-02,0.000000000000000e+00,0.000000000000000e+00,0.000000000000000e+00,6.483793629724435e-03,9.313737723136381e-04,4.320218879545890e-02,3.142445279166739e-04,nan
1.775000000000000e+01,-8.731248835818700e-01,1.469513524922085e-01,4.507398489086973e-01,-1.135421784035405e-01,8.137955090849608e-02,2.781144740846310e-01,9.954459214566795e-02,0.000000000000000e+00,0.000000000000000e+00,0.000000000000000e+00,6.483853303554184e-03,9.323427043866081e-04,4.320236811622508e-02,3.140574113912400e-04,nan
1.800000000000000e+01,-8.881854399504816e-01,1.474406509463146e-01,4.171182062713467e-01,-1.240978674493269e-01,8.453242715909487e-02,2.763051686085716e-01,1.034059714138548e-01,0.000000000000000e+00,0.000000000000000e+00,0.000000000000000e+00,6.483917711399926e-03,9.333320360301609e-04,4.320256334704107e-02,3.137884705500700e-04,nan
1.825000000000000e+01,-9.018395327636761e-01,1.475328162509415e-01,3.829693289627485e-01,-1.351074326137630e-01,8.778502631858465e-02,2.743533447059693e-01,1.073893075626296e-01,0.000000000000000e+00,0.000000000000000e+00,0.000000000000000e+00,6.483987194382495e-03,9.343358864390785e-04,4.320277578100519e-02,3.134332910566693e-04,nan
1.850000000000000e+01,-9.140578789633024e-01,1.471942905662055e-01,3.483529373331444e-01,-1.465682973265047e-01,9.113763808537208e-02,2.722489002049797e-01,1.114949589588019e-01,0.000000000000000e+00,0.000000000000000e+00,0.000000000000000e+00,6.484062112366146e-03,9.353477959041139e-04,4.320300678349304e-02,3.129878132718108e-04,nan
1.875000000000000e+01,-9.248130394916958e-01,1.463903611560878e-01,3.133307132706975e-01,-1.584757655542241e-01,9.459014039346959e-02,2.699812070118373e-01,1.157227798116924e-01,0.000000000000000e+00,0.000000000000000e+00,0.000000000000000e+00,6.484142843971175e-03,9.363607362781726e-04,4.320325779149709e-02,3.124483991379500e-04,nan
1.900000000000000e+01,-9.340795297424819e-01,1.450852417018298e-01,2.779663040115329e-01,-1.708228280721104e-01,9.814194417396799e-02,2.675391168609063e-01,1.200720525685000e-01,0.000000000000000e+00,0.000000000000000e+00,0.000000000000000e+00,6.484229786373549e-03,9.373671284085593e-04,4.320353031209238e-02,3.118119011286061e-04,nan
1.925000000000000e+01,-9.418339408640103e-01,1.432421729078530e-01,2.423253223641750e-01,-1.835999615422158e-01,1.017919341762413e-01,2.649109741777237e-01,1.245414154865920e-01,0.000000000000000e+00,0.000000000000000e+00,0.000000000000000e+00,6.484323354851714e-03,9.383588671364499e-04,4.320382591988724e-02,3.110757326700471e-04,nan
1.950000000000000e+01,-9.480550729961562e-01,1.408235443966006e-01,2.064753417927236e-01,-1.967949215335840e-01,1.055384060367863e-01,2.620846372761177e-01,1.291287856127165e-01,0.000000000000000e+00,0.000000000000000e+00,0.000000000000000e+00,6.484423982037121e-03,9.393273544432007e-04,4.320414625330647e-02,3.102379393359611e-04,nan
1.975000000000000e+01,-9.527240814688185e-01,1.377910399338474e-01,1.704858845204928e-01,-2.103925309572798e-01,1.093789999121548e-01,2.590475092046202e-01,1.338312775564832e-01,0.000000000000000e+00,0.000000000000000e+00,0.000000000000000e+00,6.484532116821637e-03,9.402635412864688e-04,4.320449300954531e-02,3.092972700020720e-04,nan
2.000000000000000e+01,-9.558246368950093e-01,1.341058080330972e-01,1.344284005135594e-01,-2.243744657746943e-01,1.133106311455095e-01,2.557865796369495e-01,1.386451186328186e-01,0.000000000000000e+00,0.000000000000000e+00,0.000000000000000e+00,6.484648222872125e-03,9.411579786155742e-04,4.320486793802480e-02,3.082532470283887e-04,nan
2.025000000000000e+01,-9.573430999440915e-01,1.297286599458575e-01,9.837623488664257e-02,-2.387190402703930e-01,1.173294186153367e-01,2.522884792589634e-01,1.435655611671943e-01,0.000000000000000e+00,0.000000000000000e+00,0.000000000000000e+00,6.484772776700491e-03,9.420008779822140e-04,4.320527283217483e-02,3.071062344130147e-04,nan
2.050000000000000e+01,-9.572687113720990e-01,1.246202969416961e-01,6.240458094913950e-02,-2.534009946600975e-01,1.214306116203948e-01,2.485395481313846e-01,1.485867930090122e-01,0.000000000000000e+00,0.000000000000000e+00,0.000000000000000e+00,6.484906265236390e-03,9.427821820675096e-04,4.320570951937064e-02,3.058575027369915e-04,nan
2.075000000000000e+01,-9.555937976064954e-01,1.187415686047490e-01,2.659041578670506e-02,-2.683912883265214e-01,1.256085163865955e-01,2.445259194936534e-01,1.537018475820222e-01,0.000000000000000e+00,0.000000000000000e+00,0.000000000000000e+00,6.485049182850327e-03,9.434916453250537e-04,4.320617984885398e-02,3.045092895955473e-04,nan
2.100000000000000e+01,-9.523139918227621e-01,1.120537636076470e-01,-8.987585033811564e-03,-2.836569025340612e-01,1.298564235372386e-01,2.402336204080837e-01,1.589025151136523e-01,0.000000000000000e+00,0.000000000000000e+00,0.000000000000000e+00,6.485202027777224e-03,9.441189247929097e-04,4.320668567748150e-02,3.030648540934130e-04,nan
2.125000000000000e+01,-9.474284700012575e-01,1.045189340551825e-01,-4.424915732498541e-02,-2.991606570574969e-01,1.341665381440038e-01,2.356486905127151e-01,1.641792570229247e-01,0.000000000000000e+00,0.000000000000000e+00,0.000000000000000e+00,6.485365297895063e-03,9.446536809486492e-04,4.320722885316327e-02,3.015285238737168e-04,nan
2.150000000000000e+01,-9.409402009078454e-01,9.610025400440438e-02,-7.911258662034450e-02,-3.148610457551567e-01,1.385299142661806e-01,2.307573199429415e-01,1.695211258016815e-01,0.000000000000000e+00,0.000000000000000e+00,0.000000000000000e+00,6.485539485820622e-03,9.450856882746560e-04,4.320781119588391e-02,2.999057330578488e-04,nan
2.175000000000000e+01,-9.328562082964119e-01,8.676241215240529e-02,-1.134948790653735e-01,-3.307120967038764e-01,1.429363961808996e-01,2.255460071833363e-01,1.749156930852598e-01,0.000000000000000e+00,0.000000000000000e+00,0.000000000000000e+00,6.485725073294969e-03,9.454049549603256e-04,4.320843447623984e-02,2.982030494046591e-04,nan
2.200000000000000e+01,-9.231878428849015e-01,7.647203792763442e-02,-1.473119689803095e-01,-3.466632630664246e-01,1.473745687955982e-01,2.200017372102401e-01,1.803489889618401e-01,0.000000000000000e+00,0.000000000000000e+00,0.000000000000000e+00,6.485922524845396e-03,9.456018508979692e-04,4.320910039147933e-02,2.964281889579104e-04,nan
2.225000000000000e+01,-9.119510608131608e-01,6.519815931878449e-02,-1.804789671423655e-01,-3.626593513511239e-01,1.518317200002926e-01,2.141121797729434e-01,1.858054558956838e-01,0.000000000000000e+00,0.000000000000000e+00,0.000000000000000e+00,6.486132280728989e-03,9.456672428297327e-04,4.320981053910013e-02,2.945900164504018e-04,nan
2.250000000000000e+01,-8.991667043613688e-01,5.291268972649640e-02,-2.129104536011062e-01,-3.786404941117542e-01,1.562938179426533e-01,2.078659070305192e-01,1.912679209153861e-01,0.000000000000000e+00,0.000000000000000e+00,0.000000000000000e+00,6.486354749185090e-03,9.455926351799836e-04,4.321056638813923e-02,2.926985297799587e-04,nan
2.275000000000000e+01,-8.848607797106098e-01,3.959093993400815e-02,-2.445208184163798e-01,-3.945421743819758e-01,1.607455063714150e-01,2.012526290115911e-01,1.967175899172174e-01,0.000000000000000e+00,0.000000000000000e+00,0.000000000000000e+00,6.486590298050870e-03,9.453703147646302e-04,4.321136924838643e-02,2.907648269753352e-04,nan
2.300000000000000e+01,-8.690647254896169e-01,2.521214997949630e-02,-2.752246530638189e-01,-4.102953091968867e-01,1.651701212686384e-01,1.942634445015275e-01,2.021340680253990e-01,0.000000000000000e+00,0.000000000000000e+00,0.000000000000000e+00,6.486839245824655e-03,9.449934972193524e-04,4.321222023786048e-02,2.888010542379730e-04,nan
2.325000000000000e+01,-8.518156648113187e-01,9.760034302336757e-03,-3.049371943628597e-01,-4.258263993772295e-01,1.695497319523945e-01,1.868911040004919e-01,2.074954099034937e-01,0.000000000000000e+00,0.000000000000000e+00,0.000000000000000e+00,6.487101852296122e-03,9.444564726372832e-04,4.321312024900770e-02,2.868203338855721e-04,nan
2.350000000000000e+01,-8.331566325073885e-01,-6.776667932490464e-03,-3.335748216278901e-01,-4.410577522916953e-01,1.738652096519706e-01,1.791302803615787e-01,2.127782036914223e-01,0.000000000000000e+00,0.000000000000000e+00,0.000000000000000e+00,6.487378308899047e-03,9.437547475753469e-04,4.321406991420913e-02,2.848366713423360e-04,nan
2.375000000000000e+01,-8.131367683765256e-01,-2.440364689998259e-02,-3.610556063163822e-01,-4.559077835260889e-01,1.780963262128388e-01,1.709778416477184e-01,2.179576918205125e-01,0.000000000000000e+00,0.000000000000000e+00,0.000000000000000e+00,6.487668728980678e-03,9.428851802871230e-04,4.321506957131401e-02,2.828648407200308e-04,nan
2.400000000000000e+01,-7.918114665396702e-01,-4.312049154887512e-02,-3.872999117545278e-01,-4.702914022388834e-01,1.822218850577479e-01,1.624331196881393e-01,2.230079313092093e-01,0.000000000000000e+00,0.000000000000000e+00,0.000000000000000e+00,6.487973138219451e-03,9.418461057923919e-04,4.321611923004456e-02,2.809202490159186e-04,nan
2.425000000000000e+01,-7.692424705162846e-01,-6.292018665044397e-02,-4.122310385843955e-01,-4.841204834475682e-01,1.862198857999135e-01,1.534981668307468e-01,2.279019952480914e-01,0.000000000000000e+00,0.000000000000000e+00,0.000000000000000e+00,6.488291465457931e-03,9.406374472180762e-04,4.321721854023314e-02,2.790187795112739e-04,nan
2.450000000000000e+01,-7.454979034767316e-01,-8.378865074738054e-02,-4.357759094408730e-01,-4.973044285633412e-01,1.900677229710658e-01,1.441779925468160e-01,2.326122160406038e-01,0.000000000000000e+00,0.000000000000000e+00,0.000000000000000e+00,6.488623534248053e-03,9.392608097634828e-04,4.321836676295132e-02,2.771766155788957e-04,nan
2.475000000000000e+01,-7.206522233610217e-01,-1.057043290003827e-01,-4.578657840981654e-01,-5.097508131897064e-01,1.937424182009878e-01,1.344807709268499e-01,2.371104695875664e-01,0.000000000000000e+00,0.000000000000000e+00,0.000000000000000e+00,6.488969055427753e-03,9.377195536762715e-04,4.321956274565694e-02,2.754100467844273e-04,nan
2.500000000000000e+01,-6.947860932499268e-01,-1.286378552217949e-01,-4.784369940140563e-01,-5.213661185666310e-01,1.972208838918561e-01,1.244180097915771e-01,2.413684980205136e-01,0.000000000000000e+00,0.000000000000000e+00,0.000000000000000e+00,6.489327621059842e-03,9.360188427899110e-04,4.322080490251629e-02,2.737352598717654e-04,nan
2.525000000000000e+01,-6.679861585814819e-01,-1.525517971679009e-01,-4.974316829568980e-01,-5.320565401487579e-01,2.004802150133113e-01,1.140046722060199e-01,2.453582668540781e-01,0.000000000000000e+00,0.000000000000000e+00,0.000000000000000e+00,6.489698700061651e-03,9.341656654868746e-04,4.322209120103742e-02,2.721681179309078e-04,nan
2.550000000000000e+01,-6.403447245521684e-01,-1.774004983609741e-01,-5.147985383547307e-01,-5.417288637568782e-01,2.034980041637297e-01,1.032592416919977e-01,2.490523506155804e-01,0.000000000000000e+00,0.000000000000000e+00,0.000000000000000e+00,6.490081635836488e-03,9.321688254179186e-04,4.322341915607859e-02,2.707239317239494e-04,nan
2.575000000000000e+01,-6.119593293257033e-01,-2.031300282795214e-01,-5.304934962989387e-01,-5.502913966680965e-01,2.062526735769546e-01,9.220372343026258e-02,2.524243392153743e-01,0.000000000000000e+00,0.000000000000000e+00,0.000000000000000e+00,6.490475646182691e-03,9.300388999314846e-04,4.322478583215833e-02,2.694172277554144e-04,nan
2.600000000000000e+01,-5.829322114556670e-01,-2.296782506733612e-01,-5.444804019099720e-01,-5.576549380674268e-01,2.087238163920696e-01,8.086357524488146e-02,2.554492556548367e-01,0.000000000000000e+00,0.000000000000000e+00,0.000000000000000e+00,6.490879825702808e-03,9.277881649358000e-04,4.322618785479727e-02,2.682615181786134e-04,nan
2.625000000000000e+01,-5.533696731341181e-01,-2.569750170518557e-01,-5.567316061650160e-01,-5.637337706431637e-01,2.108925383443154e-01,6.926756415216881e-02,2.581039742497079e-01,0.000000000000000e+00,0.000000000000000e+00,0.000000000000000e+00,6.491293150864991e-03,9.254304858143866e-04,4.322762143136431e-02,2.672690779918635e-04,nan
2.650000000000000e+01,-5.233813443897974e-01,-2.849424891256370e-01,-5.672284804114049e-01,-5.684466529462399e-01,2.127417901755824e-01,5.744754667801331e-02,2.603676274942725e-01,0.000000000000000e+00,0.000000000000000e+00,0.000000000000000e+00,6.491714487782424e-03,9.229811750125910e-04,4.322908238158936e-02,2.664507351638375e-04,nan
2.675000000000000e+01,-4.930793570226993e-01,-3.134955902668951e-01,-5.759618307259762e-01,-5.717177906170793e-01,2.142566805918236e-01,4.543817390418656e-02,2.622219891152716e-01,0.000000000000000e+00,0.000000000000000e+00,0.000000000000000e+00,6.492142602678636e-03,9.204568179681794e-04,4.323056617755634e-02,2.658156793083691e-04,nan
2.700000000000000e+01,-4.625774406934521e-01,-3.425425820456953e-01,-5.829321960656588e-01,-5.734777638557857e-01,2.154247595828722e-01,3.327652516213173e-02,2.636518208499140e-01,0.000000000000000e+00,0.000000000000000e+00,0.000000000000000e+00,6.492576174901135e-03,9.178750701305666e-04,4.323206799261797e-02,2.653712942860655e-04,nan
2.725000000000000e+01,-4.319899569846420e-01,-3.719857577898656e-01,-5.881500167711344e-01,-5.736643886786253e-01,2.162362624112273e-01,2.100167728774565e-02,2.646451710834327e-01,0.000000000000000e+00,0.000000000000000e+00,0.000000000000000e+00,6.493013812238856e-03,9.152544288436384e-04,4.323358275829907e-02,2.651230196410136e-04,nan
2.750000000000000e+01,-4.014308902119461e-01,-4.017222411170622e-01,-5.916356633582941e-01,-5.722234906206846e-01,2.166843055802563e-01,8.654219200223733e-03,2.651936147103591e-01,0.000000000000000e+00,0.000000000000000e+00,0.000000000000000e+00,6.493454068197286e-03,9.126139848058684e-04,4.323510522790210e-02,2.650742450878065e-04,nan
2.775000000000000e+01,-3.710128160934999e-01,-4.316448737209316e-01,-5.934193195289851e-01,-5.691095716068815e-01,2.167650275807212e-01,-3.724275914134392e-03,2.652924254055327e-01,0.000000000000000e+00,0.000000000000000e+00,0.000000000000000e+00,6.493895460794919e-03,9.099731586131449e-04,4.323663004521857e-02,2.652262413740010e-04,nan
2.800000000000000e+01,-3.408458709238941e-01,-4.616431735706479e-01,-5.935407177697674e-01,-5.642863536530917e-01,2.164776691208422e-01,-1.609180651949402e-02,2.649406738241399e-01,0.000000000000000e+00,0.000000000000000e+00,0.000000000000000e+00,6.494336492372590e-03,9.073514284914652e-04,4.323815181650523e-02,2.655781297892096e-04,nan
2.825000000000000e+01,-3.110367445269921e-01,-4.916043422890470e-01,-5.920487305625260e-01,-5.577271867462671e-01,2.158245897676265e-01,-2.840651109194488e-02,2.641412479703891e-01,0.000000000000000e+00,0.000000000000000e+00,0.000000000000000e+00,6.494775669858018e-03,9.047680556973081e-04,4.323966518372143e-02,2.661268914212027e-04,nan
2.850000000000000e+01,-2.816877199185860e-01,-5.214142989503920e-01,-5.890008248582422e-01,-5.494153125036192e-01,2.148112203369377e-01,-4.062723265257311e-02,2.629007949239018e-01,0.000000000000000e+00,0.000000000000000e+00,0.000000000000000e+00,6.495211524905455e-03,9.022418141840169e-04,4.324116489695690e-02,2.668674160299749e-04,nan
2.875000000000000e+01,-2.528957812983469e-01,-5.509587169699909e-01,-5.844623918158749e-01,-5.393439798024512e-01,2.134459528212148e-01,-5.271406338007771e-02,2.612295861134084e-01,0.000000000000000e+00,0.000000000000000e+00,0.000000000000000e+00,6.495642633336221e-03,8.997907309909389e-04,4.324264588401119e-02,2.677925891811615e-04,nan
2.900000000000000e+01,-2.247518097775432e-01,-5.801240411668059e-01,-5.785059676492547e-01,-5.275164132576469e-01,2.117399719875274e-01,-6.462885417312240e-02,2.591413111960670e-01,0.000000000000000e+00,0.000000000000000e+00,0.000000000000000e+00,6.496067633339623e-03,8.974318434176592e-04,4.324410331521634e-02,2.688934151135226e-04,nan
2.925000000000000e+01,-1.973398832605299e-01,-6.087984634247883e-01,-5.712103645582931e-01,-5.139456399537982e-01,2.097070348748903e-01,-7.633567570635583e-02,2.566528081664723e-01,0.000000000000000e+00,0.000000000000000e+00,0.000000000000000e+00,6.496485241952964e-03,8.951809784213324e-04,4.324553266181322e-02,2.701591717654984e-04,nan
2.950000000000000e+01,-1.707366933081596e-01,-6.368728375570214e-01,-5.626597329989145e-01,-4.986541839810967e-01,2.073632061501162e-01,-8.780121978835474e-02,2.537837394373425e-01,0.000000000000000e+00,0.000000000000000e+00,0.000000000000000e+00,6.496894269419825e-03,8.930525588554603e-04,4.324692974648356e-02,2.715775935055488e-04,nan
2.975000000000000e+01,-1.450110878272590e-01,-6.642415168375286e-01,-5.529425778814113e-01,-4.816736418804684e-01,2.047265585587328e-01,-9.899513252565695e-02,2.505562251971909e-01,0.000000000000000e+00,0.000000000000000e+00,0.000000000000000e+00,6.497293631121564e-03,8.910594402022631e-04,4.324829078498573e-02,2.731350764317419e-04,nan
3.000000000000000e+01,-1.202237442748550e-01,-6.908031010220681e-01,-5.421507516561676e-01,-4.630441549242158e-01,2.018168484814566e-01,-1.098902737430274e-01,2.469944462976115e-01,0.000000000000000e+00,0.000000000000000e+00,0.000000000000000e+00,6.497682356882019e-03,8.892127803899474e-04,4.324961241821630e-02,2.748169006543252e-04,nan
3.025000000000000e+01,-9.642697395923348e-02,-7.164610833261742e-01,-5.303784466878874e-01,-4.428137961503614e-01,1.986551768661546e-01,-1.204629001189533e-01,2.431242292403522e-01,0.000000000000000e+00,0.000000000000000e+00,0.000000000000000e+00,6.498059597552672e-03,8.875219441866755e-04,4.325089173440333e-02,2.766074637582678e-04,nan
3.050000000000000e+01,-7.366465416356165e-02,-7.411243915591466e-01,-5.177212079283861e-01,-4.210378911977169e-01,1.952636455756929e-01,-1.306927723903561e-01,2.389726255534092e-01,0.000000000000000e+00,0.000000000000000e+00,0.000000000000000e+00,6.498424628888874e-03,8.859944425775729e-04,4.325212628150236e-02,2.784905196532208e-04,nan
3.075000000000000e+01,-5.197228138080752e-02,-7.647078212338326e-01,-5.042749848103535e-01,-3.977782922764846e-01,1.916650185304129e-01,-1.405631896089748e-01,2.345674970355149e-01,0.000000000000000e+00,0.000000000000000e+00,0.000000000000000e+00,6.498776852821815e-03,8.846359065116938e-04,4.325331407020024e-02,2.804494172403381e-04,nan
3.100000000000000e+01,-3.137713605869675e-02,-7.871323618176321e-01,-4.901352386657868e-01,-3.731026241266367e-01,1.878823960103556e-01,-1.500609556750867e-01,2.299371171077517e-01,0.000000000000000e+00,0.000000000000000e+00,0.000000000000000e+00,6.499115796311062e-03,8.834500934869483e-04,4.325445356821423e-02,2.824673337278646e-04,nan
3.125000000000000e+01,-1.189854699204795e-02,-8.083254202296456e-01,-4.753961190019628e-01,-3.470835196720185e-01,1.839389092111487e-01,-1.591762851528200e-01,2.251097969550845e-01,0.000000000000000e+00,0.000000000000000e+00,0.000000000000000e+00,6.499441108026411e-03,8.824389246606390e-04,4.325554368679857e-02,2.845274979773136e-04,nan
3.150000000000000e+01,6.451758097543708e-03,-8.282209481319768e-01,-4.601497188231229e-01,-3.197978614059531e-01,1.798574407179038e-01,-1.679026566463811e-01,2.201135433908518e-01,0.000000000000000e+00,0.000000000000000e+00,0.000000000000000e+00,6.499752553153505e-03,8.816025495447105e-04,4.325658376053116e-02,2.866133999170958e-04,nan
3.175000000000000e+01,2.366923019502128e-02,-8.467594814604902e-01,-4.444854160325920e-01,-2.913260424903177e-01,1.756603750693655e-01,-1.762366227868479e-01,2.149757535509492e-01,0.000000000000000e+00,0.000000000000000e+00,0.000000000000000e+00,6.500050006645629e-03,8.809394348802332e-04,4.325757352154977e-02,2.887089827833100e-04,nan
3.200000000000000e+01,3.975601956454203e-02,-8.638881019806055e-01,-4.284893049305325e-01,-2.617512592613068e-01,1.713693821155425e-01,-1.841775861755045e-01,2.097229497263950e-01,0.000000000000000e+00,0.000000000000000e+00,0.000000000000000e+00,6.500333445254830e-03,8.804464739858089e-04,4.325851306944359e-02,2.907988156975738e-04,nan
3.225000000000000e+01,5.472045376971577e-02,-8.795603314584265e-01,-4.122437190512076e-01,-2.311588444485917e-01,1.670052344969361e-01,-1.917275505072629e-01,2.043805559598622e-01,0.000000000000000e+00,0.000000000000000e+00,0.000000000000000e+00,6.500602938671524e-03,8.801191127273053e-04,4.325940283798951e-02,2.928682448362016e-04,nan
3.250000000000000e+01,6.857648697566066e-02,-8.937359693538568e-01,-3.958268441435159e-01,-1.996356480506024e-01,1.625876593456672e-01,-1.988908556278955e-01,1.989727165289414e-01,0.000000000000000e+00,0.000000000000000e+00,0.000000000000000e+00,6.500858640085187e-03,8.799514882485947e-04,4.326024355986288e-02,2.949035221539026e-04,nan
3.275000000000000e+01,8.134313333523273e-02,-9.063808848355698e-01,-3.793124180415704e-01,-1.672694705657701e-01,1.581352232636876e-01,-2.056739045411818e-01,1.935221551596944e-01,0.000000000000000e+00,0.000000000000000e+00,0.000000000000000e+00,6.501100776452613e-03,8.799365767162698e-04,4.326103623035663e-02,2.968919112767698e-04,nan
3.300000000000000e+01,9.304389597136639e-02,-9.174667734635115e-01,-3.627695125215692e-01,-1.341485512325283e-01,1.536652487892174e-01,-2.120848894572427e-01,1.880500727809767e-01,0.000000000000000e+00,0.000000000000000e+00,0.000000000000000e+00,6.501329638727245e-03,8.800663465399448e-04,4.326178207102619e-02,2.988217707559811e-04,nan
3.325000000000000e+01,1.037062016131645e-01,-9.269708881624938e-01,-3.462623909957861e-01,-1.003611121305893e-01,1.491937599231188e-01,-2.181335229372931e-01,1.825760808473459e-01,0.000000000000000e+00,0.000000000000000e+00,0.000000000000000e+00,6.501545572266318e-03,8.803319138151119e-04,4.326248249404309e-02,3.006826153672398e-04,nan
3.350000000000000e+01,1.133608494103473e-01,-9.348757531980829e-01,-3.298504350332747e-01,-6.599495747131652e-02,1.447354538435897e-01,-2.238307791100536e-01,1.771181667157560e-01,0.000000000000000e+00,0.000000000000000e+00,0.000000000000000e+00,6.501748967594031e-03,8.807236970720979e-04,4.326313906790397e-02,3.024651565455110e-04,nan
3.375000000000000e+01,1.220414809115364e-01,-9.411688688349836e-01,-3.135881321844706e-01,-3.113712616558555e-02,1.403036956729784e-01,-2.291886488671654e-01,1.716926872373939e-01,0.000000000000000e+00,0.000000000000000e+00,0.000000000000000e+00,6.501940251660773e-03,8.812315687841965e-04,4.326375348500337e-02,3.041613233606272e-04,nan
3.400000000000000e+01,1.297840767052100e-01,-9.458424132712112e-01,-2.975251173786364e-01,4.126405202576610e-03,1.359105330514772e-01,-2.342199119329340e-01,1.663143865925451e-01,0.000000000000000e+00,0.000000000000000e+00,0.000000000000000e+00,6.502119879702344e-03,8.818450014711349e-04,4.326432753144836e-02,3.057642656722204e-04,nan
3.425000000000000e+01,1.366264838323999e-01,-9.488929473508386e-01,-2.817062602095210e-01,3.971097256677494e-02,1.315667272926914e-01,-2.389379277791422e-01,1.609964344211492e-01,0.000000000000000e+00,0.000000000000000e+00,0.000000000000000e+00,6.502288327770107e-03,8.825532066153233e-04,4.326486305937619e-02,3.072683412566370e-04,nan
3.450000000000000e+01,1.426079768181596e-01,-9.503211265052454e-01,-2.661717906751474e-01,7.553343176645698e-02,1.272817980185533e-01,-2.433564465388105e-01,1.557504804516083e-01,0.000000000000000e+00,0.000000000000000e+00,0.000000000000000e+00,6.502446085973746e-03,8.833452649787063e-04,4.326536196192727e-02,3.086690887850185e-04,nan
3.475000000000000e+01,1.477688540533738e-01,-9.501314233883051e-01,-2.509574563436566e-01,1.115123274234182e-01,1.230640783697362e-01,-2.474894403741442e-01,1.505867220735996e-01,0.000000000000000e+00,0.000000000000000e+00,0.000000000000000e+00,6.502593652453305e-03,8.842102472523643e-04,4.326582615093889e-02,3.099631885584431e-04,nan
3.500000000000000e+01,1.521500702981364e-01,-9.483318637756718e-01,-2.360947044338216e-01,1.475680276832996e-01,1.189207781388263e-01,-2.513509551759669e-01,1.455139816079843e-01,0.000000000000000e+00,0.000000000000000e+00,0.000000000000000e+00,6.502731528076488e-03,8.851373242899259e-04,4.326625753734605e-02,3.111484128837522e-04,nan
3.525000000000000e+01,1.557929052730521e-01,-9.449337775047354e-01,-2.216108828867842e-01,1.836228291453795e-01,1.148580524562846e-01,-2.549549820109659e-01,1.405397903730200e-01,0.000000000000000e+00,0.000000000000000e+00,0.000000000000000e+00,6.502860211840761e-03,8.861158664592618e-04,4.326665801421900e-02,3.122235679119158e-04,nan
3.550000000000000e+01,1.587386676493960e-01,-9.399515655452720e-01,-2.075294551311877e-01,2.196010361424539e-01,1.108810739563260e-01,-2.583153473809152e-01,1.356704770097145e-01,0.000000000000000e+00,0.000000000000000e+00,0.000000000000000e+00,6.502980196946986e-03,8.871355318974226e-04,4.326702944231725e-02,3.131884286684747e-04,nan
3.575000000000000e+01,1.610284332326394e-01,-9.334024837111696e-01,-1.938702238797719e-01,2.554290182913220e-01,1.069941066473655e-01,-2.614456211036362e-01,1.309112578933263e-01,0.000000000000000e+00,0.000000000000000e+00,0.000000000000000e+00,6.503091967502430e-03,8.881863436669551e-04,4.326737363800863e-02,3.140436688915810e-04,nan
3.600000000000000e+01,1.627028157430176e-01,-9.253064430465037e-01,-1.806495599200909e-01,2.910352499382139e-01,1.032005799990554e-01,-2.643590404561756e-01,1.262663278097501e-01,0.000000000000000e+00,0.000000000000000e+00,0.000000000000000e+00,6.503195995804653e-03,8.892587559927688e-04,4.326769236337680e-02,3.147907871636248e-04,nan
3.625000000000000e+01,1.638017683166286e-01,-9.156858265374469e-01,-1.678806324591663e-01,3.263503347935901e-01,9.950316202753981e-02,-2.670684491233687e-01,1.217389494055208e-01,0.000000000000000e+00,0.000000000000000e+00,0.000000000000000e+00,6.503292740154392e-03,8.903437099057228e-04,4.326798731832809e-02,3.154320306845218e-04,nan
3.650000000000000e+01,1.643644136655157e-01,-9.045653215058924e-01,-1.555736381401920e-01,3.613070187045321e-01,9.590383040736340e-02,-2.695862494567055e-01,1.173315402222507e-01,0.000000000000000e+00,0.000000000000000e+00,0.000000000000000e+00,6.503382643144210e-03,8.914326787367727e-04,4.326826013450224e-02,3.159703178935609e-04,nan
3.675000000000000e+01,1.644289007300970e-01,-8.919717668212062e-01,-1.437360263615118e-01,3.958401931643005e-01,9.240394085958289e-02,-2.719243665571115e-01,1.130457563969586e-01,0.000000000000000e+00,0.000000000000000e+00,0.000000000000000e+00,6.503466130369780e-03,8.925177039966481e-04,4.326851237079110e-02,3.164091610048034e-04,nan
3.700000000000000e+01,1.640322856177869e-01,-8.779340139128130e-01,-1.323727189899753e-01,4.298868918182343e-01,8.900429225987594e-02,-2.740942227399656e-01,1.088825723474952e-01,0.000000000000000e+00,0.000000000000000e+00,0.000000000000000e+00,6.503543609512425e-03,8.935914222423513e-04,4.326874551027540e-02,3.167525893843157e-04,nan
3.725000000000000e+01,1.632104346345480e-01,-8.624828004682349e-01,-1.214863229710498e-01,4.633862819007990e-01,8.570518807793187e-02,-2.761067210117802e-01,1.048423559672791e-01,0.000000000000000e+00,0.000000000000000e+00,0.000000000000000e+00,6.503615469743936e-03,8.946470835778514e-04,4.326896095839719e-02,3.170050745652866e-04,nan
3.750000000000000e+01,1.619979472696892e-01,-8.456506356491319e-01,-1.110773346973572e-01,4.962796522356701e-01,8.250649390123699e-02,-2.779722362772875e-01,1.009249390271455e-01,0.000000000000000e+00,0.000000000000000e+00,0.000000000000000e+00,6.503682081407955e-03,8.956785624646343e-04,4.326916004219597e-02,3.171714575735604e-04,nan
3.775000000000000e+01,1.604280970782511e-01,-8.274716956431248e-01,-1.011443353077215e-01,5.285103991526583e-01,7.940769091425492e-02,-2.797006130963987e-01,9.712968262640786e-02,0.000000000000000e+00,0.000000000000000e+00,0.000000000000000e+00,6.503743795935731e-03,8.966803615302193e-04,4.326934401045129e-02,3.172568791210036e-04,nan
3.800000000000000e+01,1.585327885110933e-01,-8.079817283837950e-01,-9.168417635345032e-02,5.600240114238153e-01,7.640792530009656e-02,-2.813011689171181e-01,9.345553765284331e-02,0.000000000000000e+00,0.000000000000000e+00,0.000000000000000e+00,6.503800945957843e-03,8.976476090641686e-04,4.326951403458478e-02,3.172667131177455e-04,nan
3.825000000000000e+01,1.563425278630188e-01,-7.872179663084673e-01,-8.269215549120058e-02,5.907680550967370e-01,7.350605360841049e-02,-2.827827018186878e-01,8.990110030511858e-02,0.000000000000000e+00,0.000000000000000e+00,0.000000000000000e+00,6.503853845577432e-03,8.985760508807145e-04,4.326967121019110e-02,3.172065038587885e-04,nan
3.850000000000000e+01,1.538864066380049e-01,-7.652190460772519e-01,-7.416218204644910e-02,6.206921589055018e-01,7.070068419281496e-02,-2.841535019056899e-01,8.646466280410615e-02,0.000000000000000e+00,0.000000000000000e+00,0.000000000000000e+00,6.503902790774189e-03,8.994620372099957e-04,4.326981655907931e-02,3.170819071534985e-04,nan
3.875000000000000e+01,1.511920957630727e-01,-7.420249342424433e-01,-6.608693244250395e-02,6.497480007676881e-01,6.799021486608510e-02,-2.854213655961455e-01,8.314425947448857e-02,0.000000000000000e+00,0.000000000000000e+00,0.000000000000000e+00,6.503948059912068e-03,9.003025052558115e-04,4.326995103172076e-02,3.168986355888311e-04,nan
3.900000000000000e+01,1.482858492148065e-01,-7.176768579306114e-01,-5.845799561126282e-02,6.778892957279987e-01,6.537286695373339e-02,-2.865936121431163e-01,7.993770841773626e-02,0.000000000000000e+00,0.000000000000000e+00,0.000000000000000e+00,6.503989914327043e-03,9.010949580291888e-04,4.327007551000954e-02,3.166624080490552e-04,nan
3.925000000000000e+01,1.451925157521954e-01,-6.922172396772844e-01,-5.126600859748236e-02,7.050717855832783e-01,6.284671594863248e-02,-2.876771018188831e-01,7.684264902448257e-02,0.000000000000000e+00,0.000000000000000e+00,0.000000000000000e+00,6.504028598974558e-03,9.018374400345183e-04,4.327019081025723e-02,3.163789035543953e-04,nan
3.950000000000000e+01,1.419355575742372e-01,-6.656896356333698e-01,-4.450078264183516e-02,7.312532303181064e-01,6.040971898277828e-02,-2.886782552728049e-01,7.385657559078175e-02,0.000000000000000e+00,0.000000000000000e+00,0.000000000000000e+00,6.504064343119144e-03,9.025285103512852e-04,4.327029768635054e-02,3.160537194285794e-04,nan
3.975000000000000e+01,1.385370748391712e-01,-6.381386764413139e-01,-3.815142008285485e-02,7.563934013926850e-01,5.805973933881982e-02,-2.896030736482490e-01,7.097686731072510e-02,0.000000000000000e+00,0.000000000000000e+00,0.000000000000000e+00,6.504097361051378e-03,9.031672136175610e-04,4.327039683301354e-02,3.156923337600866e-04,nan
4.000000000000000e+01,1.350178350933438e-01,-6.096100101559356e-01,-3.220642245702093e-02,7.804540768532807e-01,5.579456822501937e-02,-2.904571591105412e-01,6.820081491915946e-02,0.000000000000000e+00,0.000000000000000e+00,0.000000000000000e+00,6.504127852819721e-03,9.037530493854161e-04,4.327048888912247e-02,3.153000720834496e-04,nan
4.025000000000000e+01,1.313973067610272e-01,-5.801502466587399e-01,-2.665379020239763e-02,8.033990381781635e-01,5.361194403408249e-02,-2.912457354969897e-01,6.552564425430552e-02,0.000000000000000e+00,0.000000000000000e+00,0.000000000000000e+00,6.504156004966872e-03,9.042859402813089e-04,4.327057444103161e-02,3.148820781741345e-04,nan
4.050000000000000e+01,1.276936959417674e-01,-5.498069030845232e-01,-2.148111438676154e-02,8.251940687268905e-01,5.150956929984805e-02,-2.919736688520516e-01,6.294853700217852e-02,0.000000000000000e+00,0.000000000000000e+00,0.000000000000000e+00,6.504181991262240e-03,9.047661993680928e-04,4.327065402587411e-02,3.144432888233569e-04,nan
4.075000000000000e+01,1.239239858490754e-01,-5.186283498447071e-01,-1.667566088807163e-02,8.458069536262872e-01,4.948512555702551e-02,-2.926454876561216e-01,6.046664887393898e-02,0.000000000000000e+00,0.000000000000000e+00,0.000000000000000e+00,6.504205973423570e-03,9.051944970695953e-04,4.327072813480824e-02,3.139884124368914e-04,nan
4.100000000000000e+01,1.201039783036641e-01,-4.866637568928144e-01,-1.222444745519797e-02,8.652074809009801e-01,4.753628629872446e-02,-2.932654025957729e-01,5.807712545451849e-02,0.000000000000000e+00,0.000000000000000e+00,0.000000000000000e+00,6.504228101822274e-03,9.055718279839219e-04,4.327079721618605e-02,3.135219112835996e-04,nan
4.125000000000000e+01,1.162483367663147e-01,-4.539630399336584e-01,-8.114314071518559e-03,8.833674436384930e-01,4.566072821502185e-02,-2.938373257571051e-01,5.577711594679097e-02,0.000000000000000e+00,0.000000000000000e+00,0.000000000000000e+00,6.504248516168360e-03,9.058994778782560e-04,4.327086167862523e-02,3.130479872057021e-04,nan
4.150000000000000e+01,1.123706304602360e-01,-4.205768063292156e-01,-4.331987034565677e-03,9.002606429674791e-01,4.385614088372336e-02,-2.943648891527125e-01,5.356378502076109e-02,0.000000000000000e+00,0.000000000000000e+00,0.000000000000000e+00,6.504267346171575e-03,9.061789911257896e-04,4.327092189396919e-02,3.125705705916883e-04,nan
4.175000000000000e+01,1.084833791909109e-01,-3.865563005008591e-01,-8.641371523956635e-04,9.158628916215530e-01,4.212023507216270e-02,-2.948514625172289e-01,5.143432296217040e-02,0.000000000000000e+00,0.000000000000000e+00,0.000000000000000e+00,6.504284712176529e-03,9.064121388145888e-04,4.327097820012495e-02,3.120933124052209e-04,nan
4.200000000000000e+01,1.045980985234201e-01,-3.519533486698521e-01,2.302567557371150e-03,9.301520178594499e-01,4.045074979663039e-02,-2.953001703269266e-01,4.938595429992518e-02,0.000000000000000e+00,0.000000000000000e+00,0.000000000000000e+00,6.504300725770175e-03,9.066008877294859e-04,4.327103090377014e-02,3.116195790585623e-04,nan
4.225000000000000e+01,1.007253450235668e-01,-3.168203028159559e-01,5.181414296138877e-03,9.431078695140769e-01,3.884545827404834e-02,-2.957139080159352e-01,4.741594507709083e-02,0.000000000000000e+00,0.000000000000000e+00,0.000000000000000e+00,6.504315490360668e-03,9.067473703804167e-04,4.327108028292403e-02,3.111524499162261e-04,nan
4.250000000000000e+01,9.687476131031660e-02,-2.812099837679402e-01,7.785602688046771e-03,9.547123179477093e-01,3.730217288896255e-02,-2.960953573757411e-01,4.552160891606730e-02,0.000000000000000e+00,0.000000000000000e+00,0.000000000000000e+00,6.504329101727076e-03,9.068538562247187e-04,4.327112658938000e-02,3.106947172141139e-04,nan
4.275000000000000e+01,9.305512070358084e-02,-2.451756233700004e-01,1.012820642398868e-02,9.649492616975294e-01,3.581874928792605e-02,-2.964470011361251e-01,4.370031201509515e-02,0.000000000000000e+00,0.000000000000000e+00,0.000000000000000e+00,6.504341648539930e-03,9.069227242071692e-04,4.327117005099670e-02,3.102488881807598e-04,nan
4.300000000000000e+01,8.927437128366275e-02,-2.087708056948315e-01,1.222213902896069e-02,9.738046296044164e-01,3.439308970295997e-02,-2.967711367349674e-01,4.194947720053077e-02,0.000000000000000e+00,0.000000000000000e+00,0.000000000000000e+00,6.504353212852811e-03,9.069564367182870e-04,4.327121087384981e-02,3.098171891500281e-04,nan
4.325000000000000e+01,8.553967920719494e-02,-1.720494072977019e-01,1.408012345345352e-02,9.812663832279057e-01,3.302314559605524e-02,-2.970698892917000e-01,4.026658714742433e-02,0.000000000000000e+00,0.000000000000000e+00,0.000000000000000e+00,6.504363870565542e-03,9.069575150511596e-04,4.327124924424482e-02,3.094015714589149e-04,nan
4.350000000000000e+01,8.185747114950520e-02,-1.350655365265432e-01,1.571466520695783e-02,9.873245183612317e-01,3.170691970763050e-02,-2.973452238049261e-01,3.864918686985971e-02,0.000000000000000e+00,0.000000000000000e+00,0.000000000000000e+00,6.504373691859720e-03,9.069285164171100e-04,4.327128533059401e-02,3.090037189294953e-04,nan
4.375000000000000e+01,7.823347576543488e-02,-9.787347192113030e-02,1.713802876850121e-02,9.919710654720191e-01,3.044246758349582e-02,-2.975989565990818e-01,3.709488557227465e-02,0.000000000000000e+00,0.000000000000000e+00,0.000000000000000e+00,6.504382741607416e-03,9.068720125629884e-04,4.327131928516082e-02,3.086250567404087e-04,nan
4.400000000000000e+01,7.467276408002529e-02,-6.052759975007843e-02,1.836221702537579e-02,9.952000889062742e-01,2.922789864717282e-02,-2.978327660482298e-01,3.560135794355513e-02,0.000000000000000e+00,0.000000000000000e+00,0.000000000000000e+00,6.504391079754085e-03,9.067905700161829e-04,4.327135124567568e-02,3.082667615005251e-04,nan
4.425000000000000e+01,7.117978873749237e-02,-2.308235074789065e-02,1.939895350676900e-02,9.970076847056293e-01,2.806137687737120e-02,-2.980482026073233e-01,3.416634496706637e-02,0.000000000000000e+00,0.000000000000000e+00,0.000000000000000e+00,6.504398761676780e-03,9.066867319688088e-04,4.327138133682816e-02,3.079297723453723e-04,nan
4.450000000000000e+01,6.775842205179569e-02,1.440786387415157e-02,2.025966719383224e-02,9.973919769001702e-01,2.694112114398729e-02,-2.982466981827339e-01,3.278765431190618e-02,0.000000000000000e+00,0.000000000000000e+00,0.000000000000000e+00,6.504405838518737e-03,9.065630017985847e-04,4.327140967164021e-02,3.076148028853221e-04,nan
4.475000000000000e+01,6.441199281512620e-02,5.188871705964256e-02,2.095547970178849e-02,9.963531121514884e-01,2.586540525014116e-02,-2.984295748746452e-01,3.146316036350609e-02,0.000000000000000e+00,0.000000000000000e+00,0.000000000000000e+00,6.504412357501594e-03,9.064218282119636e-04,4.327143635272630e-02,3.073223538435791e-04,nan
4.500000000000000e+01,6.114332183200433e-02,8.930603108938102e-02,2.149719464298538e-02,9.938932526327423e-01,2.483255772246792e-02,-2.985980531241874e-01,3.019080394521554e-02,0.000000000000000e+00,0.000000000000000e+00,0.000000000000000e+00,6.504418362216316e-03,9.062655919838802e-04,4.327146147344532e-02,3.070527262311765e-04,nan
4.525000000000000e+01,5.795475615659175e-02,1.266058432156411e-01,2.189528899235004e-02,9.900165670444249e-01,2.384096138708820e-02,-2.987532592980401e-01,2.896859177663992e-02,0.000000000000000e+00,0.000000000000000e+00,0.000000000000000e+00,6.504423892894060e-03,9.060965942589150e-04,4.327148511895029e-02,3.068060349158035e-04,nan
4.550000000000000e+01,5.484820201945167e-02,1.637344716440357e-01,2.215990628851563e-02,9.847292196761332e-01,2.288905276436524e-02,-2.988962327427456e-01,2.779459570921644e-02,0.000000000000000e+00,0.000000000000000e+00,0.000000000000000e+00,6.504428986658099e-03,9.059170463698394e-04,4.327150736714167e-02,3.065822224509057e-04,nan
4.575000000000000e+01,5.182515643749635e-02,2.006385817541183e-01,2.230085151498921e-02,9.780393574359016e-01,2.197532131167379e-02,-2.990279323402253e-01,2.666695177475883e-02,0.000000000000000e+00,0.000000000000000e+00,0.000000000000000e+00,6.504433677757960e-03,9.057290611224180e-04,4.327152828952968e-02,3.063810730412933e-04,nan
4.600000000000000e+01,4.888673750737246e-02,2.372652524463451e-01,2.232758751614676e-02,9.699570947795403e-01,2.109830853992330e-02,-2.991492425950424e-01,2.558385907843721e-02,0.000000000000000e+00,0.000000000000000e+00,0.000000000000000e+00,6.504437997786773e-03,9.055346454883628e-04,4.327154795201129e-02,3.062022265312942e-04,nan
4.625000000000000e+01,4.603371338817670e-02,2.735620425003876e-01,2.224923281260570e-02,9.604944964829116e-01,2.025660702645906e-02,-2.992609792828637e-01,2.454357856384038e-02,0.000000000000000e+00,0.000000000000000e+00,0.000000000000000e+00,6.504441975883074e-03,9.053356946436006e-04,4.327156641556796e-02,3.060451923110827e-04,nan
4.650000000000000e+01,4.326652998426698e-02,3.094770568279207e-01,2.207456068967306e-02,9.496655582101556e-01,1.944885934417910e-02,-2.993638946883592e-01,2.354443167435624e-02,0.000000000000000e+00,0.000000000000000e+00,0.000000000000000e+00,6.504445638917809e-03,9.051339872838829e-04,4.327158373688842e-02,3.059093630465649e-04,nan
4.675000000000000e+01,4.058533734313487e-02,3.449590125018486e-01,2.181199944113181e-02,9.374861848405412e-01,1.867375692421859e-02,-2.994586824595227e-01,2.258479893206091e-02,0.000000000000000e+00,0.000000000000000e+00,0.000000000000000e+00,6.504449011667759e-03,9.049311821466254e-04,4.327159996892332e-02,3.057940281474816e-04,nan
4.700000000000000e+01,3.799001478691309e-02,3.799573044433882e-01,2.146963365864666e-02,9.239741665258657e-01,1.793003886734097e-02,-2.995459821040691e-01,2.166311845259733e-02,0.000000000000000e+00,0.000000000000000e+00,0.000000000000000e+00,6.504452116976109e-03,9.047288156648955e-04,4.327161516137576e-02,3.056983868976874e-04,nan
4.725000000000000e+01,3.548019479917588e-02,4.144220706484181e-01,2.105520646457498e-02,9.091491524591684e-01,1.721649071720711e-02,-2.996263831522465e-01,2.077788441211330e-02,0.000000000000000e+00,0.000000000000000e+00,0.000000000000000e+00,6.504454975901137e-03,9.045283006775106e-04,4.327162936113263e-02,3.056215611804778e-04,nan
4.750000000000000e+01,3.305528569131780e-02,4.483042568350024e-01,2.057612259299391e-02,8.930326223439543e-01,1.653194320694828e-02,-2.997004290090685e-01,1.992764548019013e-02,0.000000000000000e+00,0.000000000000000e+00,0.000000000000000e+00,6.504457607853830e-03,9.043309261180330e-04,4.327164261264279e-02,3.055626077404338e-04,nan
4.775000000000000e+01,3.071449307501632e-02,4.815556803949023e-01,2.003945223033180e-02,8.756478555611585e-01,1.587527098892117e-02,-2.997686205176597e-01,1.911100323079671e-02,0.000000000000000e+00,0.000000000000000e+00,0.000000000000000e+00,6.504460030725117e-03,9.041378576046619e-04,4.327165495824465e-02,3.055205299317006e-04,nan
4.800000000000000e+01,2.845684016914862e-02,5.141290935331995e-01,1.945193553315127e-02,8.570198980387400e-01,1.524539135615443e-02,-2.998314192541299e-01,1.832661054162623e-02,0.000000000000000e+00,0.000000000000000e+00,0.000000000000000e+00,6.504462261003616e-03,9.039501388532255e-04,4.327166643844960e-02,3.054942889104367e-04,nan
4.825000000000000e+01,2.628118697108182e-02,5.459782454817950e-01,1.881998774640138e-02,8.371755268360614e-01,1.464126296278689e-02,-2.998892505731398e-01,1.757316999068989e-02,0.000000000000000e+00,0.000000000000000e+00,0.000000000000000e+00,6.504464313884364e-03,9.037686938359333e-04,4.327167709218353e-02,3.054828142368500e-04,nan
4.850000000000000e+01,2.418624832352615e-02,5.770579436745010e-01,1.814970485086303e-02,8.161432124621362e-01,1.406188454973101e-02,-2.999425064221251e-01,1.684943225773419e-02,0.000000000000000e+00,0.000000000000000e+00,0.000000000000000e+00,6.504466203369395e-03,9.035943296096388e-04,4.327168695699222e-02,3.054850138593818e-04,nan
4.875000000000000e+01,2.217061090916490e-02,6.073241137736520e-01,1.744686967358110e-02,7.939530789533824e-01,1.350629368085611e-02,-2.999915479409849e-01,1.615419453689600e-02,0.000000000000000e+00,0.000000000000000e+00,0.000000000000000e+00,6.504467942360580e-03,9.034277397389216e-04,4.327169606921237e-02,3.054997834604177e-04,nan
4.900000000000000e+01,2.023274920608079e-02,6.367338584406361e-01,1.671695839983120e-02,7.706368617427549e-01,1.297356549415980e-02,-3.000367078629426e-01,1.548629896599614e-02,0.000000000000000e+00,0.000000000000000e+00,0.000000000000000e+00,6.504469542745409e-03,9.032695082412199e-04,4.327170446411338e-02,3.055260151491917e-04,nan
4.925000000000000e+01,1.837104043761150e-02,6.652455147454149e-01,1.596514742962963e-02,7.462278633580348e-01,1.246281147167171e-02,-3.000782927312335e-01,1.484463107698232e-02,0.000000000000000e+00,0.000000000000000e+00,0.000000000000000e+00,6.504471015476177e-03,9.031201139835538e-04,4.327171217601250e-02,3.055626054935266e-04,nan
4.950000000000000e+01,1.658377855070773e-02,6.928187101129707e-01,1.519632052598238e-02,7.207609069926394e-01,1.197317823119855e-02,-3.001165849452802e-01,1.422811827125223e-02,0.000000000000000e+00,0.000000000000000e+00,0.000000000000000e+00,6.504472370643090e-03,9.029799354629974e-04,4.327171923836583e-02,3.056084628875106e-04,nan
4.975000000000000e+01,1.486918725715724e-02,7.194144167076720e-01,1.441507620600110e-02,6.942722879976174e-01,1.150384634246431e-02,-3.001518446490722e-01,1.363572832290473e-02,0.000000000000000e+00,0.000000000000000e+00,0.000000000000000e+00,6.504473617541735e-03,9.028492559059334e-04,4.327172568383934e-02,3.056625142572510e-04,nan
5.000000000000000e+01,1.322543217219179e-02,7.449950041597375e-01,1.362573532970687e-02,6.667997233484851e-01,1.105402916971522e-02,-3.001843114735807e-01,1.306646791237114e-02,0.000000000000000e+00,0.000000000000000e+00,0.000000000000000e+00,6.504474764735334e-03,9.027282686242778e-04,4.327173154436140e-02,3.057237111114649e-04,nan
5.025000000000000e+01,1.165063208502855e-02,7.695242905413193e-01,1.283234884481322e-02,6.383822991452873e-01,1.062297174243705e-02,-3.002142061441998e-01,1.251938119235871e-02,0.000000000000000e+00,0.000000000000000e+00,0.000000000000000e+00,6.504475820112194e-03,9.026170825701292e-04,4.327173685115963e-02,3.057910349478170e-04,nan
5.050000000000000e+01,1.014286939582493e-02,7.929675915031911e-01,1.203870564904088e-02,6.090604162087235e-01,1.020994965546619e-02,-3.002417319634230e-01,1.199354838758677e-02,0.000000000000000e+00,0.000000000000000e+00,0.000000000000000e+00,6.504476790938693e-03,9.025157280337670e-04,4.327174163478497e-02,3.058635020296987e-04,nan
5.075000000000000e+01,8.700199753359492e-03,8.152917674865935e-01,1.124834053458257e-02,5.788757338393588e-01,9.814267999458495e-03,-3.002670761782268e-01,1.148808442940349e-02,0.000000000000000e+00,0.000000000000000e+00,0.000000000000000e+00,6.504477683908140e-03,9.024241624335148e-04,4.327174592512347e-02,3.059401675514304e-04,nan
5.100000000000000e+01,7.320660927500697e-03,8.364652689284754e-01,1.046454218221829e-02,5.478711118109025e-01,9.435260322406097e-03,-3.002904112409447e-01,1.100213762603226e-02,0.000000000000000e+00,0.000000000000000e+00,0.000000000000000e+00,6.504478505185865e-03,9.023422761495986e-04,4.327174975139995e-02,3.060201292128112e-04,nan
5.125000000000000e+01,6.002280950200422e-03,8.564581793821242e-01,9.690361175290979e-03,5.160905506722097e-01,9.072287622656170e-03,-3.003118959717689e-01,1.053488836890407e-02,0.000000000000000e+00,0.000000000000000e+00,0.000000000000000e+00,6.504479260450755e-03,9.022698983578749e-04,4.327175314217285e-02,3.061025302264549e-04,nan
5.150000000000000e+01,4.743085558359126e-03,8.752422564790301e-01,8.928618006300173e-03,4.835791304361461e-01,8.724737373683809e-03,-3.003316766304222e-01,1.008554787528018e-02,0.000000000000000e+00,0.000000000000000e+00,0.000000000000000e+00,6.504479954933602e-03,9.022068028229605e-04,4.327175612532361e-02,3.061865617834931e-04,nan
5.175000000000000e+01,3.541104971461047e-03,8.927909706617514e-01,8.181911051265782e-03,4.503829477366766e-01,8.392022580698398e-03,-3.003498879039739e-01,9.653356967154239e-03,0.000000000000000e+00,0.000000000000000e+00,0.000000000000000e+00,6.504480593452398e-03,9.021527136140670e-04,4.327175872804140e-02,3.062714650050059e-04,nan
5.200000000000000e+01,2.394380036378932e-03,9.090795416215223e-01,7.452624489265287e-03,4.165490515385509e-01,8.073580869016319e-03,-3.003666538172615e-01,9.237584886238669e-03,0.000000000000000e+00,0.000000000000000e+00,0.000000000000000e+00,6.504481180444929e-03,9.021073107104671e-04,4.327176097680396e-02,3.063565324079578e-04,nan
5.225000000000000e+01,1.300967771204386e-03,9.240849723783972e-01,6.742936146662988e-03,3.821253774867581e-01,7.768873604009214e-03,-3.003820885718870e-01,8.837528144684432e-03,0.000000000000000e+00,0.000000000000000e+00,0.000000000000000e+00,6.504481719998787e-03,9.020702354671450e-04,4.327176289735655e-02,3.064411089155069e-04,nan
5.250000000000000e+01,2.589463393778636e-04,9.377860809458093e-01,6.054825247536993e-03,3.471606809854988e-01,7.477385042333363e-03,-3.003962973193113e-01,8.452509411051044e-03,0.000000000000000e+00,0.000000000000000e+00,0.000000000000000e+00,6.504482215879036e-03,9.020410959147230e-04,4.327176451468927e-02,3.065245924423474e-04,nan
5.275000000000000e+01,-7.335805152231077e-04,9.501635295255642e-01,5.390080053676322e-03,3.117044690988000e-01,7.198621514059763e-03,-3.004093768731482e-01,8.081876430933629e-03,0.000000000000000e+00,0.000000000000000e+00,0.000000000000000e+00,6.504482671553714e-03,9.020194718711817e-04,4.327176585301405e-02,3.066064340862100e-04,nan
5.300000000000000e+01,-1.678479542222852e-03,9.611998511834610e-01,4.750305379272109e-03,2.758069313670747e-01,6.932110635253612e-03,-3.004214163653730e-01,7.725000981561692e-03,0.000000000000000e+00,0.000000000000000e+00,0.000000000000000e+00,6.504483090217358e-03,9.020049198462041e-04,4.327176693574187e-02,3.066861379568604e-04,nan
5.325000000000000e+01,-2.577584538367109e-03,9.708794739599438e-01,4.136929967071096e-03,2.395188696358969e-01,6.677400550494861e-03,-3.004324978507990e-01,7.381277859608647e-03,0.000000000000000e+00,0.000000000000000e+00,0.000000000000000e+00,6.504483474812642e-03,9.019969777221739e-04,4.327176778546071e-02,3.067632606738862e-04,nan
5.350000000000000e+01,-3.432693352165023e-03,9.791887423744234e-01,3.551213714301253e-03,2.028916269950546e-01,6.434059204785765e-03,-3.004426968638419e-01,7.050123901389521e-03,0.000000000000000e+00,0.000000000000000e+00,0.000000000000000e+00,6.504483828050373e-03,9.019951691988663e-04,4.327176842391513e-02,3.068374105642856e-04,nan
5.375000000000000e+01,-4.245565311600027e-03,9.861159362861671e-01,2.994254738124150e-03,1.659770159275190e-01,6.201673644256076e-03,-3.004520829312815e-01,6.730977034574962e-03,0.000000000000000e+00,0.000000000000000e+00,0.000000000000000e+00,6.504484152427867e-03,9.019990079917987e-04,4.327176887198739e-02,3.069082465903519e-04,nan
5.400000000000000e+01,-5.017919047673886e-03,9.916512870789310e-01,2.466996271722293e-03,1.288272457693858e-01,5.979849345049963e-03,-3.004607200444451e-01,6.423295360510780e-03,0.000000000000000e+00,0.000000000000000e+00,0.000000000000000e+00,6.504484450245926e-03,9.020080017768956e-04,4.327176914968132e-02,3.069754770376790e-04,nan
5.425000000000000e+01,-5.751430687275939e-03,9.957869911407955e-01,1.970233383396451e-03,9.149484958305289e-02,5.768209569759910e-03,-3.004686670939706e-01,6.126556266202706e-03,0.000000000000000e+00,0.000000000000000e+00,0.000000000000000e+00,6.504484723624460e-03,9.020216558766767e-04,4.327176927610782e-02,3.070388579922317e-04,nan
5.450000000000000e+01,-6.447732389604436e-03,9.985172206149667e-01,1.504619512232921e-03,5.403261054694094e-02,5.566394750760662e-03,-3.004759782700609e-01,5.840255565004183e-03,0.000000000000000e+00,0.000000000000000e+00,0.000000000000000e+00,6.504484974516896e-03,9.020394766855594e-04,4.327176926947388e-02,3.070981916343914e-04,nan
5.475000000000000e+01,-7.108411201106360e-03,9.998381314015972e-01,1.070672815008269e-03,1.649348796591972e-02,5.374061899789776e-03,-3.004827034309169e-01,5.563906665029979e-03,0.000000000000000e+00,0.000000000000000e+00,0.000000000000000e+00,6.504485204723478e-03,9.020609748340393e-04,4.327176914707383e-02,3.071533243767552e-04,nan
5.500000000000000e+01,-7.735008204643723e-03,9.997478683949844e-01,6.687823200334092e-04,-2.106945699271554e-02,5.190884043119894e-03,-3.004888884418219e-01,5.297039764309085e-03,0.000000000000000e+00,0.000000000000000e+00,0.000000000000000e+00,6.504485415903486e-03,9.020856680935238e-04,4.327176892528368e-02,3.072041448711551e-04,nan
5.525000000000000e+01,-8.329017939336015e-03,9.982465679447895e-01,2.992138846042464e-04,-5.860313573236452e-02,5.016549681670459e-03,-3.004945754871602e-01,5.039201071685936e-03,0.000000000000000e+00,0.000000000000000e+00,0.000000000000000e+00,6.504485609586518e-03,9.021130840254083e-04,4.327176861955834e-02,3.072505819090245e-04,nan
5.550000000000000e+01,-8.891888068268228e-03,9.953363575342038e-01,-3.788404637381338e-05,-9.605450672365040e-02,4.850762275413031e-03,-3.004998033574716e-01,4.789952052478636e-03,0.000000000000000e+00,0.000000000000000e+00,0.000000000000000e+00,6.504485787182942e-03,9.021427623796114e-04,4.327176824443200e-02,3.072926022377568e-04,nan
5.575000000000000e+01,-9.425019271989842e-03,9.910213526722441e-01,-3.424748821814770e-04,-1.333706499585007e-01,4.693239751433710e-03,-3.005046077134744e-01,4.548868697906020e-03,0.000000000000000e+00,0.000000000000000e+00,0.000000000000000e+00,6.504485949993448e-03,9.021742572492361e-04,4.327176781352069e-02,3.073302083141993e-04,nan
5.600000000000000e+01,-9.929765346460921e-03,9.853076510016159e-01,-6.146285293143998e-04,-1.704988412559250e-01,4.543714035028231e-03,-3.005090213288416e-01,4.315540817301289e-03,0.000000000000000e+00,0.000000000000000e+00,0.000000000000000e+00,6.504486099217926e-03,9.022071389892757e-04,4.327176733952828e-02,3.073634360148469e-04,nan
5.625000000000000e+01,-1.040743348482548e-02,9.782033236277839e-01,-8.545162358318530e-04,-2.073866263137976e-01,4.401930603219598e-03,-3.005130743133685e-01,4.089571352138382e-03,0.000000000000000e+00,0.000000000000000e+00,0.000000000000000e+00,6.504486235963634e-03,9.022409959083795e-04,4.327176683425470e-02,3.073923523207158e-04,nan
5.650000000000000e+01,-1.085928472310834e-02,9.697184036790923e-01,-1.062405636436344e-03,-2.439818944012839e-01,4.267648060104130e-03,-3.005167943180406e-01,3.870575710907339e-03,0.000000000000000e+00,0.000000000000000e+00,0.000000000000000e+00,6.504486361252725e-03,9.022754357435876e-04,4.327176630860687e-02,3.074170529932549e-04,nan
5.675000000000000e+01,-1.128653453063827e-02,9.598648721119182e-01,-1.238655997067605e-03,-2.802329515870333e-01,4.140637733449553e-03,-3.005202067233895e-01,3.658181123886659e-03,0.000000000000000e+00,0.000000000000000e+00,0.000000000000000e+00,6.504486476029241e-03,9.023100869286894e-04,4.327176577261183e-02,3.074376602560405e-04,nan
5.700000000000000e+01,-1.169035352669755e-02,9.486566407789669e-01,-1.383713657211448e-03,-3.160885933989103e-01,4.020683291987653e-03,-3.005233348124111e-01,3.452026016873572e-03,0.000000000000000e+00,0.000000000000000e+00,0.000000000000000e+00,6.504486581165507e-03,9.023445996674353e-04,4.327176523543223e-02,3.074543204953814e-04,nan
5.725000000000000e+01,-1.207186830558332e-02,9.361095327828816e-01,-1.498107667582652e-03,-3.514981768118347e-01,3.907580382863969e-03,-3.005261999292188e-01,3.251759402946764e-03,0.000000000000000e+00,0.000000000000000e+00,0.000000000000000e+00,6.504486677468106e-03,9.023786468232414e-04,4.327176470538343e-02,3.074672019914063e-04,nan
5.750000000000000e+01,-1.243216235294090e-02,9.222412601413674e-01,-1.582445620338712e-03,-3.864116914612594e-01,3.801136288727893e-03,-3.005288216245052e-01,3.057040291350511e-03,0.000000000000000e+00,0.000000000000000e+00,0.000000000000000e+00,6.504486765683349e-03,9.024119246373002e-04,4.327176418995294e-02,3.074764926896204e-04,nan
5.775000000000000e+01,-1.277227703689083e-02,9.070713987939977e-01,-1.637409668514826e-03,-4.207798299809185e-01,3.701169603968034e-03,-3.005312177888010e-01,2.867537112603798e-03,0.000000000000000e+00,0.000000000000000e+00,0.000000000000000e+00,6.504486846502387e-03,9.024441532871381e-04,4.327176369582079e-02,3.074823980214403e-04,nan
5.800000000000000e+01,-1.309321265812119e-02,8.906213609847899e-01,-1.663752730937539e-03,-4.545540573647321e-01,3.607509929619711e-03,-3.005334047744336e-01,2.682927158952927e-03,0.000000000000000e+00,0.000000000000000e+00,0.000000000000000e+00,6.504486920565892e-03,9.024750772976379e-04,4.327176322888222e-02,3.074851387807505e-04,nan
5.825000000000000e+01,-1.339592954375280e-02,8.729143650584806e-01,-1.662294878472161e-03,-4.876866792541557e-01,3.519997586493969e-03,-3.005353975070144e-01,2.502896039300936e-03,0.000000000000000e+00,0.000000000000000e+00,0.000000000000000e+00,6.504486988468464e-03,9.025044658164383e-04,4.327176279427064e-02,3.074849490621431e-04,nan
5.850000000000000e+01,-1.368134917040830e-02,8.539754027122273e-01,-1.633919897085184e-03,-5.201309090538038e-01,3.438483346100228e-03,-3.005372095872104e-01,2.327137147761924e-03,0.000000000000000e+00,0.000000000000000e+00,0.000000000000000e+00,6.504487050762627e-03,9.025321127653375e-04,4.327176239638238e-02,3.074820742651782e-04,nan
5.875000000000000e+01,-1.395035530252614e-02,8.338312037481717e-01,-1.579572022854778e-03,-5.518409337798644e-01,3.362828178957643e-03,-3.005388533834946e-01,2.155351145002810e-03,0.000000000000000e+00,0.000000000000000e+00,0.000000000000000e+00,6.504487107962663e-03,9.025578368790152e-04,4.327176203890223e-02,3.074767691677759e-04,nan
5.900000000000000e+01,-1.420379513255655e-02,8.125101983759442e-01,-1.500252843737937e-03,-5.827719785476312e-01,3.292903019913408e-03,-3.005403401165019e-01,1.987245451549156e-03,0.000000000000000e+00,0.000000000000000e+00,0.000000000000000e+00,6.504487160548071e-03,9.025814816418961e-04,4.327176172482929e-02,3.074692960706746e-04,nan
5.925000000000000e+01,-1.444248041026053e-02,7.900424771177535e-01,-1.397018362599691e-03,-6.128803696064489e-01,3.228588550109433e-03,-3.005416799355668e-01,1.822533752245280e-03,0.000000000000000e+00,0.000000000000000e+00,0.000000000000000e+00,6.504487208966848e-03,9.026029151334622e-04,4.327176145650398e-02,3.074599230138379e-04,nan
5.950000000000000e+01,-1.466718854890250e-02,7.664597483721792e-01,-1.270976215725816e-03,-6.421235958324421e-01,3.169774995262046e-03,-3.005428819879617e-01,1.660935511071940e-03,0.000000000000000e+00,0.000000000000000e+00,0.000000000000000e+00,6.504487253638548e-03,9.026220297916999e-04,4.327176123563523e-02,3.074489220647149e-04,nan
5.975000000000000e+01,-1.487866369668545e-02,7.417952936961818e-01,-1.123283040773678e-03,-6.704603685916168e-01,3.116361939942607e-03,-3.005439544813087e-01,1.502175495537313e-03,0.000000000000000e+00,0.000000000000000e+00,0.000000000000000e+00,6.504487294957142e-03,9.026387421036803e-04,4.327176106332807e-02,3.074365676773822e-04,nan
6.000000000000000e+01,-1.507761776232158e-02,7.160839208681413e-01,-9.551419878643259e-04,-6.978506798882592e-01,3.068258157570171e-03,-3.005449047395881e-01,1.345983309868704e-03,0.000000000000000e+00,0.000000000000000e+00,0.000000000000000e+00,6.504487333293709e-03,9.026529922315253e-04,4.327176094011159e-02,3.074231351208127e-04,nan
6.025000000000000e+01,-1.526473138416566e-02,6.893619147979452e-01,-7.678003672806599e-04,-7.242558587160174e-01,3.025381455850393e-03,-3.005457392531244e-01,1.192092936243476e-03,0.000000000000000e+00,0.000000000000000e+00,0.000000000000000e+00,6.504487368998942e-03,9.026647435812327e-04,4.327176086596708e-02,3.074088989738577e-04,nan
6.050000000000000e+01,-1.544065483285883e-02,6.616669863532426e-01,-5.625474270099406e-04,-7.496386255316242e-01,2.987658537418009e-03,-3.005464637228936e-01,1.040242283307896e-03,0.000000000000000e+00,0.000000000000000e+00,0.000000000000000e+00,6.504487402405576e-03,9.026739823209929e-04,4.327176084035616e-02,3.073941316839476e-04,nan
6.075000000000000e+01,-1.560600883794247e-02,6.330382191739934e-01,-3.407122531521261e-04,-7.739631447739159e-01,2.955024875463204e-03,-3.005470830994486e-01,8.901727412420175e-04,0.000000000000000e+00,0.000000000000000e+00,0.000000000000000e+00,6.504487433830638e-03,9.026807168547790e-04,4.327176086224931e-02,3.073791021860478e-04,nan
6.100000000000000e+01,-1.576138532940180e-02,6.035160145503320e-01,-1.036617860070961e-04,-7.971950753535898e-01,2.927424604145008e-03,-3.005476016167322e-01,7.416287426373080e-04,0.000000000000000e+00,0.000000000000000e+00,0.000000000000000e+00,6.504487463577587e-03,9.026849772561070e-04,4.327176093015404e-02,3.073640745780674e-04,nan
6.125000000000000e+01,-1.590734808559063e-02,5.731420344415473e-01,1.472010555478341e-04,-8.193016190420579e-01,2.904810423617757e-03,-3.005480228210061e-01,5.943573284614267e-04,0.000000000000000e+00,0.000000000000000e+00,0.000000000000000e+00,6.504487491938421e-03,9.026868146659931e-04,4.327176104214352e-02,3.073493068486439e-04,nan
6.150000000000000e+01,-1.604443327947133e-02,5.419591427166525e-01,4.104391489749949e-04,-8.402515666907600e-01,2.887143519519306e-03,-3.005483495950941e-01,4.481077183913818e-04,0.000000000000000e+00,0.000000000000000e+00,0.000000000000000e+00,6.504487519195657e-03,9.026863006582228e-04,4.327176119588513e-02,3.073350496530824e-04,nan
6.175000000000000e+01,-1.617314991557918e-02,5.100113446995744e-01,6.845828500651595e-04,-8.600153422153942e-01,2.874393496792325e-03,-3.005485841781034e-01,3.026308848022030e-04,0.000000000000000e+00,0.000000000000000e+00,0.000000000000000e+00,6.504487545624231e-03,9.026835265741771e-04,4.327176138866916e-02,3.073215451331783e-04,nan
6.200000000000000e+01,-1.629398015058916e-02,4.773437251044169e-01,9.681315899646293e-04,-8.785650442827301e-01,2.866538327732586e-03,-3.005487281807610e-01,1.576791297032570e-04,0.000000000000000e+00,0.000000000000000e+00,0.000000000000000e+00,6.504487571493398e-03,9.026786028286169e-04,4.327176161743743e-02,3.073090257767130e-04,nan
6.225000000000000e+01,-1.640737949082534e-02,4.440023844485680e-01,1.259555395394957e-03,-8.958744856409495e-01,2.863564314180605e-03,-3.005487825964684e-01,1.300566391838312e-05,0.000000000000000e+00,0.000000000000000e+00,0.000000000000000e+00,6.504487597068559e-03,9.026716581869503e-04,4.327176187881261e-02,3.072977133125421e-04,nan
6.250000000000000e+01,-1.651377686051179e-02,4.100343740335967e-01,1.557296340406837e-03,-9.119192300378284e-01,2.865466063795458e-03,-3.005487478081508e-01,-1.316358121908555e-04,0.000000000000000e+00,0.000000000000000e+00,0.000000000000000e+00,6.504487622613077e-03,9.026628390137352e-04,4.327176216912737e-02,3.072878176374548e-04,nan
6.275000000000000e+01,-1.661357453501840e-02,3.754876295859386e-01,1.859769938197249e-03,-9.266766266745262e-01,2.872246480371982e-03,-3.005486235909481e-01,-2.764915271573461e-04,0.000000000000000e+00,0.000000000000000e+00,0.000000000000000e+00,6.504487648390054e-03,9.026523084913939e-04,4.327176248445403e-02,3.072795357712997e-04,nan
6.300000000000000e+01,-1.670714793380719e-02,3.404109036512885e-01,2.165366481707663e-03,-9.401258421462687e-01,2.883916768184919e-03,-3.005484091107660e-01,-4.218080566933546e-04,0.000000000000000e+00,0.000000000000000e+00,0.000000000000000e+00,6.504487674664145e-03,9.026402458073993e-04,4.327176282063486e-02,3.072730508373024e-04,nan
6.325000000000000e+01,-1.679484526823621e-02,3.048536968384005e-01,2.472452341911922e-03,-9.522478898248048e-01,2.900496450365934e-03,-3.005481029186787e-01,-5.678327425252748e-04,0.000000000000000e+00,0.000000000000000e+00,0.000000000000000e+00,6.504487701703335e-03,9.026268453075296e-04,4.327176317331265e-02,3.072685310649812e-04,nan
6.350000000000000e+01,-1.687698703982971e-02,2.688661880096464e-01,2.779371232895792e-03,-9.630256566411761e-01,2.922013401341770e-03,-3.005477029411458e-01,-7.148141124759610e-04,0.000000000000000e+00,0.000000000000000e+00,0.000000000000000e+00,6.504487729780793e-03,9.026123156122199e-04,4.327176353796234e-02,3.072661288136657e-04,nan
6.375000000000000e+01,-1.695386538507587e-02,2.324991635171861e-01,3.084445453026921e-03,-9.724439272310568e-01,2.948503893384189e-03,-3.005472064659758e-01,-8.630023024940555e-04,0.000000000000000e+00,0.000000000000000e+00,0.000000000000000e+00,6.504487759176707e-03,9.025968786924691e-04,4.327176390992321e-02,3.072659796152362e-04,nan
6.400000000000000e+01,-1.702574326326966e-02,1.958039455849684e-01,3.385977111714231e-03,-9.804894054086922e-01,2.980012657344717e-03,-3.005466101239436e-01,-1.012649481332315e-03,0.000000000000000e+00,0.000000000000000e+00,0.000000000000000e+00,6.504487790180205e-03,9.025807689013552e-04,4.327176428443193e-02,3.072682012354275e-04,nan
6.425000000000000e+01,-1.709285348437833e-02,1.588323199380074e-01,3.682249351460428e-03,-9.871507329392941e-01,3.016592957669683e-03,-3.005459098659358e-01,-1.164010278580478e-03,0.000000000000000e+00,0.000000000000000e+00,0.000000000000000e+00,6.504487823091319e-03,9.025642319567988e-04,4.327176465665716e-02,3.072728927537976e-04,nan
6.450000000000000e+01,-1.715539757437294e-02,1.216364627814506e-01,3.971527575120076e-03,-9.924185055836082e-01,3.058306681813508e-03,-3.005451009354709e-01,-1.317342216762697e-03,0.000000000000000e+00,0.000000000000000e+00,0.000000000000000e+00,6.504487858223032e-03,9.025475238709710e-04,4.327176502173492e-02,3.072801336632743e-04,nan
6.475000000000000e+01,-1.721354447594259e-02,8.426886723288585e-02,4.252060688489216e-03,-9.962852863922874e-01,3.105224444190758e-03,-3.005441778364056e-01,-1.472906148214941e-03,0.000000000000000e+00,0.000000000000000e+00,0.000000000000000e+00,6.504487895903409e-03,9.025309098215264e-04,4.327176537480534e-02,3.072899829910465e-04,nan
6.500000000000000e+01,-1.726742908298961e-02,4.678226931211321e-02,4.522082368570571e-03,-9.987456162316432e-01,3.157425704830144e-03,-3.005431342956108e-01,-1.630966697464089e-03,0.000000000000000e+00,0.000000000000000e+00,0.000000000000000e+00,6.504487936477800e-03,9.025146629597493e-04,4.327176571105129e-02,3.073024784434592e-04,nan
6.525000000000000e+01,-1.731715060779606e-02,9.229573593241870e-03,4.779812368081068e-03,-9.997960215263110e-01,3.214998902916301e-03,-3.005419632203642e-01,-1.791792709837654e-03,0.000000000000000e+00,0.000000000000000e+00,0.000000000000000e+00,6.504487980311246e-03,9.024990631507283e-04,4.327176602573813e-02,3.073176355784895e-04,nan
6.550000000000000e+01,-1.736277078025576e-02,-2.833622137555159e-02,5.023457866995482e-03,-9.994350192083759e-01,3.278041605428037e-03,-3.005406566501680e-01,-1.955657707041103e-03,0.000000000000000e+00,0.000000000000000e+00,0.000000000000000e+00,6.504488027790909e-03,9.024843956407284e-04,4.327176631425558e-02,3.073354470103009e-04,nan
6.575000000000000e+01,-1.740431187908341e-02,-6.586209777893695e-02,5.251214882151451e-03,-9.976631188665014e-01,3.346660671104557e-03,-3.005392057026688e-01,-2.122840350448739e-03,0.000000000000000e+00,0.000000000000000e+00,0.000000000000000e+00,6.504488079328736e-03,9.024709496472155e-04,4.327176657216111e-02,3.073558816513406e-04,nan
6.600000000000000e+01,-1.744175459544452e-02,-1.032950932621753e-01,5.461269746176170e-03,-9.944828220926444e-01,3.420972429994177e-03,-3.005376005133106e-01,-2.293624912863763e-03,0.000000000000000e+00,0.000000000000000e+00,0.000000000000000e+00,6.504488135364249e-03,9.024590168672446e-04,4.327176679522558e-02,3.073788839983647e-04,nan
6.625000000000000e+01,-1.747503572999907e-02,-1.405823755738314e-01,5.651800667233589e-03,-9.898986190279646e-01,3.501102878863049e-03,-3.005358301683125e-01,-2.468301759513773e-03,0.000000000000000e+00,0.000000000000000e+00,0.000000000000000e+00,6.504488196367530e-03,9.024488899003964e-04,4.327176697948077e-02,3.074043734697213e-04,nan
6.650000000000000e+01,-1.750404572491882e-02,-1.776713170177222e-01,5.820979381332252e-03,-9.839169821135776e-01,3.587187892764485e-03,-3.005338826305183e-01,-2.647167839059127e-03,0.000000000000000e+00,0.000000000000000e+00,0.000000000000000e+00,6.504488262842433e-03,9.024408605829682e-04,4.327176712126894e-02,3.074322438021302e-04,nan
6.675000000000000e+01,-1.752862603302590e-02,-2.145095686086562e-01,5.966972909177247e-03,-9.765463570558358e-01,3.679373453092600e-03,-3.005317446576135e-01,-2.830527185403651e-03,0.000000000000000e+00,0.000000000000000e+00,0.000000000000000e+00,6.504488335329998e-03,9.024352182307853e-04,4.327176721729489e-02,3.074623625160960e-04,nan
6.700000000000000e+01,-1.754856632680903e-02,-2.510451338269555e-01,6.087945429794076e-03,-9.677971510198424e-01,3.777815892467129e-03,-3.005294017121564e-01,-3.018691431109759e-03,0.000000000000000e+00,0.000000000000000e+00,0.000000000000000e+00,6.504488414412125e-03,9.024322477887558e-04,4.327176726467973e-02,3.074945704599108e-04,nan
6.725000000000000e+01,-1.756360155070659e-02,-2.872264418673540e-01,6.182060283397232e-03,-9.576817180689210e-01,3.882682156819355e-03,-3.005268378628159e-01,-3.211980333233245e-03,0.000000000000000e+00,0.000000000000000e+00,0.000000000000000e+00,6.504488500715543e-03,9.024322278861894e-04,4.327176726101751e-02,3.075286814430287e-04,nan
6.750000000000000e+01,-1.757340882070296e-02,-3.230024202786035e-01,6.247482116219996e-03,-9.462143418717519e-01,3.994150085072120e-03,-3.005240356761442e-01,-3.410722312406692e-03,0.000000000000000e+00,0.000000000000000e+00,0.000000000000000e+00,6.504488594916058e-03,9.024354287978441e-04,4.327176720443363e-02,3.075644819703072e-04,nan
6.775000000000000e+01,-1.757760417596963e-02,-3.583225668910338e-01,6.282379180263846e-03,-9.334112157028589e-01,4.112408706829795e-03,-3.005209760981545e-01,-3.615255006014564e-03,0.000000000000000e+00,0.000000000000000e+00,0.000000000000000e+00,6.504488697743148e-03,9.024421103117932e-04,4.327176709364567e-02,3.076017310892861e-04,nan
6.800000000000000e+01,-1.757573918799503e-02,-3.931370209303582e-01,6.284925801164346e-03,-9.192904197660675e-01,4.237658558516761e-03,-3.005176383249017e-01,-3.825925836317423e-03,0.000000000000000e+00,0.000000000000000e+00,0.000000000000000e+00,6.504488809984921e-03,9.024525195063509e-04,4.327176692802662e-02,3.076401603632599e-04,nan
6.825000000000000e+01,-1.756729743339144e-02,-4.273966332172353e-01,6.253305027603767e-03,-9.038718958744600e-01,4.370112018425414e-03,-3.005139996611906e-01,-4.043092594397345e-03,0.000000000000000e+00,0.000000000000000e+00,0.000000000000000e+00,6.504488932493482e-03,9.024668884396311e-04,4.327176670766995e-02,3.076794739833705e-04,nan
6.850000000000000e+01,-1.755169083734211e-02,-4.610530353534529e-01,6.185711475927740e-03,-8.871774195242205e-01,4.509993661156727e-03,-3.005100353664563e-01,-4.267124040811181e-03,0.000000000000000e+00,0.000000000000000e+00,0.000000000000000e+00,6.504489066190682e-03,9.024854317566350e-04,4.327176643345677e-02,3.077193490333736e-04,nan
6.875000000000000e+01,-1.752825589546221e-02,-4.940587077971220e-01,6.080354383841910e-03,-8.692305694035778e-01,4.657540631957966e-03,-3.005057184867772e-01,-4.498400523852904e-03,0.000000000000000e+00,0.000000000000000e+00,0.000000000000000e+00,6.504489212074424e-03,9.025083442202946e-04,4.327176610712539e-02,3.077594359209631e-04,nan
6.900000000000000e+01,-1.749624978269150e-02,-5.263670467309232e-01,5.935460887272767e-03,-8.500566943818297e-01,4.813003041483048e-03,-3.005010196718845e-01,-4.737314616340422e-03,0.000000000000000e+00,0.000000000000000e+00,0.000000000000000e+00,6.504489371225413e-03,9.025357981743796e-04,4.327176573134223e-02,3.077993589897122e-04,nan
6.925000000000000e+01,-1.745484635871991e-02,-5.579324296292759e-01,5.749279534673182e-03,-8.296828780271402e-01,4.976644381521229e-03,-3.004959069759340e-01,-4.984271771855999e-03,0.000000000000000e+00,0.000000000000000e+00,0.000000000000000e+00,6.504489544814500e-03,9.025679409478281e-04,4.327176530977473e-02,3.078387173257194e-04,nan
6.950000000000000e+01,-1.740313208036894e-02,-5.887102794322661e-01,5.520084053234456e-03,-8.081379007054561e-01,5.148741962258906e-03,-3.004903456406965e-01,-5.239691001382336e-03,0.000000000000000e+00,0.000000000000000e+00,0.000000000000000e+00,6.504489734110630e-03,9.026048922117481e-04,4.327176484716571e-02,3.078770857728756e-04,nan
6.975000000000000e+01,-1.734010183231396e-02,-6.186571272362629e-01,5.246177381631258e-03,-7.854521993164829e-01,5.329587371657258e-03,-3.004842978597066e-01,-5.504005571288223e-03,0.000000000000000e+00,0.000000000000000e+00,0.000000000000000e+00,6.504489940489442e-03,9.026467413020232e-04,4.327176434940897e-02,3.079140161704368e-04,nan
7.000000000000000e+01,-1.726465468853858e-02,-6.477306734134500e-01,4.925895984070903e-03,-7.616578247261681e-01,5.519486957545047e-03,-3.004777225217806e-01,-5.777663723628259e-03,0.000000000000000e+00,0.000000000000000e+00,0.000000000000000e+00,6.504490165442629e-03,9.026935445222751e-04,4.327176382362621e-02,3.079490388261177e-04,nan
7.025000000000000e+01,-1.717558961796170e-02,-6.758898470748766e-01,4.557614460540906e-03,-7.367883969585871e-01,5.718762333040567e-03,-3.004705749321784e-01,-6.061129419729863e-03,0.000000000000000e+00,0.000000000000000e+00,0.000000000000000e+00,6.504490410588036e-03,9.027453224437132e-04,4.327176327824495e-02,3.079816642373027e-04,nan
7.050000000000000e+01,-1.707160114877388e-02,-7.030948637941977e-01,4.139750468246185e-03,-7.108790582134886e-01,5.927750905929497e-03,-3.004628065095348e-01,-6.354883108047393e-03,0.000000000000000e+00,0.000000000000000e+00,0.000000000000000e+00,6.504490677680622e-03,9.028020572202052e-04,4.327176272307660e-02,3.080113850721972e-04,nan
7.075000000000000e+01,-1.695127500716415e-02,-7.293072815119791e-01,3.670769969296280e-03,-6.839664237790265e-01,6.146806432635587e-03,-3.004543644565267e-01,-6.659422517267182e-03,0.000000000000000e+00,0.000000000000000e+00,0.000000000000000e+00,6.504490968624389e-03,9.028636899387885e-04,4.327176216939568e-02,3.080376784217280e-04,nan
7.100000000000000e+01,-1.681308374731113e-02,-7.544900545432696e-01,3.149192819739964e-03,-6.560885309123946e-01,6.376299597428496e-03,-3.004451914020652e-01,-6.975263475648015e-03,0.000000000000000e+00,0.000000000000000e+00,0.000000000000000e+00,6.504491285485262e-03,9.029301180275263e-04,4.327176163001861e-02,3.080600083318859e-04,nan
7.125000000000000e+01,-1.665538239075878e-02,-7.786075856141361e-01,2.573598715046568e-03,-6.272847857641671e-01,6.616618617516945e-03,-3.004352250126167e-01,-7.302940757578440e-03,0.000000000000000e+00,0.000000000000000e+00,0.000000000000000e+00,6.504491630505087e-03,9.030011927445404e-04,4.327176111938263e-02,3.080778286247566e-04,nan
7.150000000000000e+01,-1.647640409459455e-02,-8.016257758559854e-01,1.942633507095827e-03,-5.975959084251316e-01,6.868169874675346e-03,-3.004243975700533e-01,-7.643008958324675e-03,0.000000000000000e+00,0.000000000000000e+00,0.000000000000000e+00,6.504492006116832e-03,9.030767167736661e-04,4.327176065362449e-02,3.080905860149759e-04,nan
7.175000000000000e+01,-1.627425586920176e-02,-8.235120726897461e-01,1.255015907657424e-03,-5.670638761772904e-01,7.131378574047251e-03,-3.004126355132104e-01,-7.996043397929734e-03,0.000000000000000e+00,0.000000000000000e+00,0.000000000000000e+00,6.504492414961044e-03,9.031564419539060e-04,4.327176025065808e-02,3.080977235265280e-04,nan
7.200000000000000e+01,-1.604691436776809e-02,-8.442355155354128e-01,5.095445932132470e-04,-5.357318650334670e-01,7.406689430758901e-03,-3.003998589400957e-01,-8.362641055205042e-03,0.000000000000000e+00,0.000000000000000e+00,0.000000000000000e+00,6.504492859903717e-03,9.032400671714286e-04,4.327175993025169e-02,3.080986842128369e-04,nan
7.225000000000000e+01,-1.579222177120120e-02,-8.637667792859697e-01,-2.948942742052266e-04,-5.036441896526148e-01,7.694567384959701e-03,-3.003859810674336e-01,-8.743421532729006e-03,0.000000000000000e+00,0.000000000000000e+00,0.000000000000000e+00,6.504493344055683e-03,9.033272364443465e-04,4.327175971410355e-02,3.080929151808806e-04,nan
7.250000000000000e+01,-1.550788179363189e-02,-8.820782154884230e-01,-1.159319095729471e-03,-4.708462417204453e-01,7.995498345882753e-03,-3.003709076439532e-01,-9.139028053731556e-03,0.000000000000000e+00,0.000000000000000e+00,0.000000000000000e+00,6.504493870793660e-03,9.034175372318789e-04,4.327175962591674e-02,3.080798719176641e-04,nan
7.275000000000000e+01,-1.519145583527682e-02,-8.991438911784557e-01,-2.084644439781583e-03,-4.373844268874124e-01,8.309989965486625e-03,-3.003545363135283e-01,-9.550128491698324e-03,0.000000000000000e+00,0.000000000000000e+00,0.000000000000000e+00,6.504494443783041e-03,9.035104990007042e-04,4.327175969147179e-02,3.080590229147767e-04,nan
7.300000000000000e+01,-1.484035931108892e-02,-9.149396253192020e-01,-3.071672187850364e-03,-4.033061003583335e-01,8.638572442197776e-03,-3.003367559239542e-01,-9.977416433471198e-03,0.000000000000000e+00,0.000000000000000e+00,0.000000000000000e+00,6.504495067002655e-03,9.036055920823981e-04,4.327175993869794e-02,3.080298545839249e-04,nan
7.325000000000000e+01,-1.445185818534584e-02,-9.294430227987130e-01,-4.121082208591371e-03,-3.686595012300802e-01,8.981799355220395e-03,-3.003174457767987e-01,-1.042161227655171e-02,0.000000000000000e+00,0.000000000000000e+00,0.000000000000000e+00,6.504495744771648e-03,9.037022268566868e-04,4.327176039774300e-02,3.079918764533186e-04,nan
7.350000000000000e+01,-1.402306574411672e-02,-9.426335059449092e-01,-5.233422547449420e-03,-3.334936856757331e-01,9.340248529814988e-03,-3.002964748133842e-01,-1.088346436122825e-02,0.000000000000000e+00,0.000000000000000e+00,0.000000000000000e+00,6.504496481778570e-03,9.037997532959337e-04,4.327176110104047e-02,3.079446266316095e-04,nan
7.375000000000000e+01,-1.355093963940833e-02,-9.544923435211903e-01,-6.409099119612607e-03,-2.978584590754316e-01,9.714522933866978e-03,-3.002737007315598e-01,-1.136375013804497e-02,0.000000000000000e+00,0.000000000000000e+00,0.000000000000000e+00,6.504497283113011e-03,9.038974609066842e-04,4.327176208337550e-02,3.078876775226350e-04,nan
7.400000000000000e+01,-1.303227924072415e-02,-9.650026771703523e-01,-7.648364894812569e-03,-2.618043071958144e-01,1.010525160597024e-02,-3.002489690274782e-01,-1.186327737100679e-02,0.000000000000000e+00,0.000000000000000e+00,0.000000000000000e+00,6.504498154299854e-03,9.039945791043009e-04,4.327176338194866e-02,3.078206417707198e-04,nan
7.425000000000000e+01,-1.246372333177703e-02,-9.741495452791101e-01,-8.951308563294895e-03,-2.253823265214389e-01,1.051309061513460e-02,-3.002221119561272e-01,-1.238288537676905e-02,0.000000000000000e+00,0.000000000000000e+00,0.000000000000000e+00,6.504499101336451e-03,9.040902780565550e-04,4.327176503643864e-02,3.077431784125572e-04,nan
7.450000000000000e+01,-1.184174819218006e-02,-9.819199042402708e-01,-1.031784267320476e-02,-1.886441538428938e-01,1.093872405208941e-02,-3.001929474038598e-01,-1.292344629988743e-02,0.000000000000000e+00,0.000000000000000e+00,0.000000000000000e+00,6.504500130732924e-03,9.041836700317155e-04,4.327176708906285e-02,3.076549992077832e-04,nan
7.475000000000000e+01,-1.116266610610282e-02,-9.883026470945256e-01,-1.174769123067604e-02,-1.516418952074450e-01,1.138286505199330e-02,-3.001612776656232e-01,-1.348586642400121e-02,0.000000000000000e+00,0.000000000000000e+00,0.000000000000000e+00,6.504501249555907e-03,9.042738112858724e-04,4.327176958463760e-02,3.075558751164695e-04,nan
7.500000000000000e+01,-1.042262434212466e-02,-9.932886195388517e-01,-1.324037675508709e-02,-1.144280543389972e-01,1.184625684817032e-02,-3.001268881190046e-01,-1.407108751858647e-02,0.000000000000000e+00,0.000000000000000e+00,0.000000000000000e+00,6.504502465475907e-03,9.043597045232175e-04,4.327177257063771e-02,3.074456428875968e-04,nan
7.525000000000000e+01,-9.617604650844436e-03,-9.968706332936921e-01,-1.479520678326579e-02,-7.705546063488161e-02,1.232967385627093e-02,-3.000895457865906e-01,-1.468008822064006e-02,0.000000000000000e+00,0.000000000000000e+00,0.000000000000000e+00,6.504503786818702e-03,9.044403019615060e-04,4.327177609725594e-02,3.073242117184374e-04,nan
7.550000000000000e+01,-8.743423329220857e-03,-9.990434768263943e-01,-1.641125981790070e-02,-3.957719684749114e-02,1.283392278799825e-02,-3.000489977774652e-01,-1.531388545033549e-02,0.000000000000000e+00,0.000000000000000e+00,0.000000000000000e+00,6.504505222621057e-03,9.045145090331547e-04,4.327178021746372e-02,3.071915699405607e-04,nan
7.575000000000000e+01,-7.795731903121112e-03,-9.998039234338308e-01,-1.808737071706061e-02,-2.046526559066769e-03,1.335984379324127e-02,-3.000049695979595e-01,-1.597353585932248e-02,0.000000000000000e+00,0.000000000000000e+00,0.000000000000000e+00,6.504506782691055e-03,9.045811887501305e-04,4.327178498707351e-02,3.070477916839215e-04,nan
7.600000000000000e+01,-6.770018482150792e-03,-9.991507366927042e-01,-1.982211552355411e-02,3.548317844202791e-02,1.390831162911089e-02,-2.999571633210021e-01,-1.666013730991496e-02,0.000000000000000e+00,0.000000000000000e+00,0.000000000000000e+00,6.504508477673528e-03,9.046391667581765e-04,4.327179046480395e-02,3.068930434662102e-04,nan
7.625000000000000e+01,-5.661609843527831e-03,-9.970846732917629e-01,-2.161379573489166e-02,7.295851077542932e-02,1.448023685397707e-02,-2.999052556026106e-01,-1.737483038292241e-02,0.000000000000000e+00,0.000000000000000e+00,0.000000000000000e+00,6.504510319120939e-03,9.046872371027629e-04,4.327179671234967e-02,3.067275906505082e-04,nan
7.650000000000000e+01,-4.465674304550392e-03,-9.936084832659987e-01,-2.346042201686385e-02,1.103260999656823e-01,1.507656704414779e-02,-2.998488955331953e-01,-1.811879991131555e-02,0.000000000000000e+00,0.000000000000000e+00,0.000000000000000e+00,6.504512319570146e-03,9.047241687256333e-04,4.327180379445653e-02,3.065518037100392e-04,nan
7.675000000000000e+01,-3.177225446094958e-03,-9.887269076588876e-01,-2.535969736624066e-02,1.475326847151197e-01,1.569828803030603e-02,-2.997877023104336e-01,-1.889327653627289e-02,0.000000000000000e+00,0.000000000000000e+00,0.000000000000000e+00,6.504514492625527e-03,9.047487127067169e-04,4.327181177900421e-02,3.063661642348733e-04,nan
7.700000000000000e+01,-1.791126752570119e-03,-9.824466736448515e-01,-2.730899973084929e-02,1.845251848470101e-01,1.634642515022106e-02,-2.997212627195042e-01,-1.969953828141664e-02,0.000000000000000e+00,0.000000000000000e+00,0.000000000000000e+00,6.504516853049050e-03,9.047596102617107e-04,4.327182073709870e-02,3.061712706114656e-04,nan
7.725000000000000e+01,-3.020972368448821e-04,-9.747764871503678e-01,-2.930536409833038e-02,2.212507728147244e-01,1.702204451356491e-02,-2.996491284054412e-01,-2.053891214020490e-02,0.000000000000000e+00,0.000000000000000e+00,0.000000000000000e+00,6.504519416857679e-03,9.047556015005800e-04,4.327183074317609e-02,3.059678433022437e-04,nan
7.750000000000000e+01,1.295281878129938e-03,-9.657270230185214e-01,-3.134546406822809e-02,2.576569446744799e-01,1.772625427388368e-02,-2.995708129212988e-01,-2.141277567048828e-02,0.000000000000000e+00,0.000000000000000e+00,0.000000000000000e+00,6.504522201428867e-03,9.047354349467013e-04,4.327184187512054e-02,3.057567296490004e-04,nan
7.775000000000000e+01,3.006559345980992e-03,-9.553109127682936e-01,-3.342559292577305e-02,2.936915904214312e-01,1.846020590188460e-02,-2.994857885346797e-01,-2.232255858914794e-02,0.000000000000000e+00,0.000000000000000e+00,0.000000000000000e+00,6.504525225614606e-03,9.046978778103729e-04,4.327185421439923e-02,3.055389081205967e-04,nan
7.800000000000000e+01,4.837404873410217e-03,-9.435427300064795e-01,-3.554164423980029e-02,3.293030635914918e-01,1.922509545318973e-02,-2.993934827740111e-01,-2.326974435849379e-02,0.000000000000000e+00,0.000000000000000e+00,0.000000000000000e+00,6.504528509864838e-03,9.046417270038476e-04,4.327186784621733e-02,3.053154919226810e-04,nan
7.825000000000000e+01,6.793598804564892e-03,-9.304389735568440e-01,-3.768909201174759e-02,3.644402500343495e-01,2.002216482256182e-02,-2.992932746947226e-01,-2.425587175469691e-02,0.000000000000000e+00,0.000000000000000e+00,0.000000000000000e+00,6.504532076360848e-03,9.045658208780313e-04,4.327188285969628e-02,3.050877318846089e-04,nan
7.850000000000000e+01,8.881020427683135e-03,-9.160180483779186e-01,-3.986297040764451e-02,3.990526357667014e-01,2.085270297531093e-02,-2.991844908442187e-01,-2.528253640694040e-02,0.000000000000000e+00,0.000000000000000e+00,0.000000000000000e+00,6.504535949159398e-03,9.044690516534387e-04,4.327189934807905e-02,3.048570185367078e-04,nan
7.875000000000000e+01,1.110563481468390e-02,-9.003002443477266e-01,-4.205785311047670e-02,4.330903738188190e-01,2.171804714512323e-02,-2.990664009032478e-01,-2.635139229417487e-02,0.000000000000000e+00,0.000000000000000e+00,0.000000000000000e+00,6.504540154348456e-03,9.043503785099733e-04,4.327191740896660e-02,3.046248832894564e-04,nan
7.900000000000000e+01,1.347347810053889e-02,-8.833077130006580e-01,-4.426783233634798e-02,4.665043499922184e-01,2.261958398589800e-02,-2.989382129799484e-01,-2.746415318433662e-02,0.000000000000000e+00,0.000000000000000e+00,0.000000000000000e+00,6.504544720215282e-03,9.042088412915704e-04,4.327193714458947e-02,3.043929986251906e-04,nan
7.925000000000000e+01,1.599064110534167e-02,-8.650644423086850e-01,-4.648649756452274e-02,4.992462474514832e-01,2.355875066331226e-02,-2.987990685315352e-01,-2.862259399859900e-02,0.000000000000000e+00,0.000000000000000e+00,0.000000000000000e+00,6.504549677427895e-03,9.040435747727808e-04,4.327195866212029e-02,3.041631772124560e-04,nan
7.950000000000000e+01,1.866325119798955e-02,-8.455962296060826e-01,-4.870691403877817e-02,5.312686100792301e-01,2.453703586973145e-02,-2.986480368872674e-01,-2.982855208065493e-02,0.000000000000000e+00,0.000000000000000e+00,0.000000000000000e+00,6.504555059230709e-03,9.038538234250274e-04,4.327198207403041e-02,3.039373698534450e-04,nan
7.975000000000000e+01,2.149745229633026e-02,-8.249306527637718e-01,-5.092160110560632e-02,5.625249045298758e-01,2.555598074372464e-02,-2.984841093450609e-01,-3.108392834813711e-02,0.000000000000000e+00,0.000000000000000e+00,0.000000000000000e+00,6.504560901655428e-03,9.036389566102676e-04,4.327200749849822e-02,3.037176621759788e-04,nan
8.000000000000000e+01,2.449938289452109e-02,-8.030970397262641e-01,-5.312251046375616e-02,5.929695809253012e-01,2.661717967279481e-02,-2.983061928128800e-01,-3.239068830004003e-02,0.000000000000000e+00,0.000000000000000e+00,0.000000000000000e+00,6.504567243748255e-03,9.033984841198212e-04,4.327203505987337e-02,3.035062699831802e-04,nan
8.025000000000000e+01,2.767515200422877e-02,-7.801264365309336e-01,-5.530100440949097e-02,6.225581321438115e-01,2.772228095497029e-02,-2.981131029648972e-01,-3.375086285037777e-02,0.000000000000000e+00,0.000000000000000e+00,0.000000000000000e+00,6.504574127814331e-03,9.031320719653782e-04,4.327206488920338e-02,3.033055331767168e-04,nan
8.050000000000000e+01,3.103081289220021e-02,-7.560515739359004e-01,-5.744783417285107e-02,6.512471516629809e-01,2.887298729158980e-02,-2.979035568814134e-01,-3.516654895425341e-02,0.000000000000000e+00,0.000000000000000e+00,0.000000000000000e+00,6.504581599680733e-03,9.028395583183932e-04,4.327209712482968e-02,3.031179081730813e-04,nan
8.075000000000000e+01,3.457233449270117e-02,-7.309068327890901e-01,-5.955311845226766e-02,6.789943899271599e-01,3.007105607991793e-02,-2.976761651406853e-01,-3.663990998799174e-02,0.000000000000000e+00,0.000000000000000e+00,0.000000000000000e+00,6.504589708978999e-03,9.025209694830533e-04,4.327213191305893e-02,3.029459587368596e-04,nan
8.100000000000000e+01,3.830557036940985e-02,-7.047282082769669e-01,-6.160632226819081e-02,7.057588092216758e-01,3.131829947011390e-02,-2.974294233302129e-01,-3.817317583994918e-02,0.000000000000000e+00,0.000000000000000e+00,0.000000000000000e+00,6.504598509448407e-03,9.021765357765006e-04,4.327216940891705e-02,3.027923451606844e-04,nan
8.125000000000000e+01,4.223622509763404e-02,-6.775532731969052e-01,-6.359623627109942e-02,7.315006370481247e-01,3.261658414650882e-02,-2.971617029447456e-01,-3.976864266302296e-02,0.000000000000000e+00,0.000000000000000e+00,0.000000000000000e+00,6.504608059261164e-03,9.018067071787346e-04,4.327220977699327e-02,3.026598117282556e-04,nan
8.150000000000000e+01,4.636981793428210e-02,-6.494211404020322e-01,-6.551095665550362e-02,7.561814180087649e-01,3.396783078808612e-02,-2.968712416383470e-01,-4.142867223368628e-02,0.000000000000000e+00,0.000000000000000e+00,0.000000000000000e+00,6.504618421370710e-03,9.014121686028945e-04,4.327225319238130e-02,3.025511724049240e-04,nan
8.175000000000000e+01,5.071164363996564e-02,-6.203724245715077e-01,-6.733786584947286e-02,7.797640642229166e-01,3.537401315747066e-02,-2.965561327984337e-01,-4.315569085553320e-02,0.000000000000000e+00,0.000000000000000e+00,0.000000000000000e+00,6.504629663884247e-03,9.009938546252205e-04,4.327229984172526e-02,3.024692947095303e-04,nan
8.200000000000000e+01,5.526673031507660e-02,-5.904492034624219e-01,-6.906361416900045e-02,8.022129043145512e-01,3.683715676157623e-02,-2.962143144108566e-01,-4.495218773778169e-02,0.000000000000000e+00,0.000000000000000e+00,0.000000000000000e+00,6.504641860460560e-03,9.005529635025059e-04,4.327234992437800e-02,3.024170817317452e-04,nan
8.225000000000000e+01,6.003979410982131e-02,-5.596949788015713e-01,-7.067410264831610e-02,8.234937310279987e-01,3.835933702030427e-02,-2.958435571869943e-01,-4.682071277091148e-02,0.000000000000000e+00,0.000000000000000e+00,0.000000000000000e+00,6.504655090734337e-03,9.000909702935687e-04,4.327240365367932e-02,3.023974522715950e-04,nan
8.250000000000000e+01,6.503519066719890e-02,-5.281546369761068e-01,-7.215446728126675e-02,8.435738475479633e-01,3.994267687229860e-02,-2.954414519265853e-01,-4.876387361256912e-02,0.000000000000000e+00,0.000000000000000e+00,0.000000000000000e+00,6.504669440767672e-03,8.996096388904033e-04,4.327246125836048e-02,3.024133190909044e-04,nan
8.275000000000000e+01,7.025686315801255e-02,-4.958744096811333e-01,-7.348906493529660e-02,8.624221126209136e-01,4.158934373871557e-02,-2.950053960938682e-01,-5.078433198702439e-02,0.000000000000000e+00,0.000000000000000e+00,0.000000000000000e+00,6.504685003529813e-03,8.991110327540401e-04,4.327252298408345e-02,3.024675652821681e-04,nan
8.300000000000000e+01,7.570828676846958e-02,-4.629018346794550e-01,-7.466146122856247e-02,8.800089845974265e-01,4.330154575725133e-02,-2.945325795896897e-01,-5.288479909079046e-02,0.000000000000000e+00,0.000000000000000e+00,0.000000000000000e+00,6.504701879405610e-03,8.985975241401524e-04,4.327258909511987e-02,3.025630187767710e-04,nan
8.325000000000000e+01,8.139240950408630e-02,-4.292857168234779e-01,-7.565442069251603e-02,8.963065645392494e-01,4.508152718927088e-02,-2.940199697088447e-01,-5.506802998551770e-02,0.000000000000000e+00,0.000000000000000e+00,0.000000000000000e+00,6.504720176733115e-03,8.980718015902407e-04,4.327265987617643e-02,3.027024250333910e-04,nan
8.350000000000000e+01,8.731158917884925e-02,-3.950760894813209e-01,-7.644989957706247e-02,9.112886385607296e-01,4.693156289282092e-02,-2.934642952802867e-01,-5.733681684695278e-02,0.000000000000000e+00,0.000000000000000e+00,0.000000000000000e+00,6.504740012370443e-03,8.975368754557417e-04,4.327273563437049e-02,3.028884179676053e-04,nan
8.375000000000000e+01,9.346752646634467e-02,-3.603241764980304e-01,-7.702904169334511e-02,9.249307196017895e-01,4.885395174360902e-02,-2.928620299982985e-01,-5.969398092565923e-02,0.000000000000000e+00,0.000000000000000e+00,0.000000000000000e+00,6.504761512291552e-03,8.969960812150683e-04,4.327281670136009e-02,3.031234892063943e-04,nan
8.400000000000000e+01,9.986119390037837e-02,-3.250823548078626e-01,-7.737217773045732e-02,9.372100888587428e-01,5.085100887475683e-02,-2.922093749655854e-01,-6.214236306139234e-02,0.000000000000000e+00,0.000000000000000e+00,0.000000000000000e+00,6.504784812210269e-03,8.964530803374643e-04,4.327290343563006e-02,3.034099557751367e-04,nan
8.425000000000000e+01,1.064927607270817e-01,-2.894041177943193e-01,-7.745882852708146e-02,9.481058371298156e-01,5.292505659437351e-02,-2.915022404849266e-01,-6.468481257862665e-02,0.000000000000000e+00,0.000000000000000e+00,0.000000000000000e+00,6.504810058231210e-03,8.959118584430693e-04,4.327299622493381e-02,3.037499263514008e-04,nan
8.450000000000000e+01,1.133615135293389e-01,-2.533440394702938e-01,-7.726771282726086e-02,9.575989063640662e-01,5.507841382788437e-02,-2.907362271549191e-01,-6.732417437590810e-02,0.000000000000000e+00,0.000000000000000e+00,0.000000000000000e+00,6.504837407525656e-03,8.953767205057035e-04,4.327309548888900e-02,3.041452662480289e-04,nan
8.475000000000000e+01,1.204657725683885e-01,-2.169577395205820e-01,-7.677676010124422e-02,9.656721317351851e-01,5.731338391977389e-02,-2.899066063479251e-01,-7.006327400667713e-02,0.000000000000000e+00,0.000000000000000e+00,0.000000000000000e+00,6.504867029029632e-03,8.948522828444230e-04,4.327320168172129e-02,3.045975613187230e-04,nan
8.500000000000000e+01,1.278028038175695e-01,-1.803018492123279e-01,-7.596312906751070e-02,9.723102845950234e-01,5.963224061721106e-02,-2.890083001750886e-01,-7.290490053428671e-02,0.000000000000000e+00,0.000000000000000e+00,0.000000000000000e+00,6.504899104160338e-03,8.943434616511328e-04,4.327331529514735e-02,3.051080810117374e-04,nan
8.525000000000000e+01,1.353687267004463e-01,-1.434339781347879e-01,-7.480323261049522e-02,9.775001166951077e-01,6.203721204624552e-02,-2.880358610747553e-01,-7.585178692952031e-02,0.000000000000000e+00,0.000000000000000e+00,0.000000000000000e+00,6.504933827546246e-03,8.938554578067151e-04,4.327343686138480e-02,3.056777408325744e-04,nan
8.550000000000000e+01,1.431584175911238e-01,-1.064126816772229e-01,-7.327276984983062e-02,9.812304060971618e-01,6.453046248031130e-02,-2.869834511973312e-01,-7.890658776550925e-02,0.000000000000000e+00,0.000000000000000e+00,0.000000000000000e+00,6.504971407764575e-03,8.933937377454335e-04,4.327356695627079e-02,3.063070645130850e-04,nan
8.575000000000000e+01,1.511654091897627e-01,-6.929742909171985e-02,-7.134676618057020e-02,9.834920052249253e-01,6.711407169117696e-02,-2.858448218021358e-01,-8.207185395320081e-02,0.000000000000000e+00,0.000000000000000e+00,0.000000000000000e+00,6.505012068078527e-03,8.929640101391148e-04,4.327370620246664e-02,3.069961462236273e-04,nan
8.600000000000000e+01,1.593817859525470e-01,-3.214857191531502e-02,-6.899962216907043e-02,9.842778915382117e-01,6.979001166488336e-02,-2.846132929306684e-01,-8.535000425122870e-02,0.000000000000000e+00,0.000000000000000e+00,0.000000000000000e+00,6.505056047164827e-03,8.925721981882274e-04,4.327385527271831e-02,3.077446132056802e-04,nan
8.625000000000000e+01,1.677980758341942e-01,4.972687558088866e-03,-6.620517225493629e-02,9.835832213348730e-01,7.256012046040938e-02,-2.832817336764265e-01,-8.874329327815952e-02,0.000000000000000e+00,0.000000000000000e+00,0.000000000000000e+00,6.505103599820193e-03,8.922244073277553e-04,4.327401489313646e-02,3.085515892449426e-04,nan
8.650000000000000e+01,1.764031386941947e-01,4.200432816185275e-02,-6.293675427424840e-02,9.814053872054764e-01,7.542607298775178e-02,-2.818425434344186e-01,-9.225377575379926e-02,0.000000000000000e+00,0.000000000000000e+00,0.000000000000000e+00,6.505154997633012e-03,8.919268881814740e-04,4.327418584645001e-02,3.094156594489706e-04,nan
8.675000000000000e+01,1.851840518270353e-01,7.888354261229266e-02,-5.916729088136663e-02,9.777440796770985e-01,7.838934848593512e-02,-2.802876345841422e-01,-9.588326670092982e-02,0.000000000000000e+00,0.000000000000000e+00,0.000000000000000e+00,6.505210529604137e-03,8.916859946306865e-04,4.327436897517916e-02,3.103348368384785e-04,nan
8.700000000000000e+01,1.941259932034969e-01,1.155467717752273e-01,-5.486938400362946e-02,9.726013535843664e-01,8.145119449150973e-02,-2.786084171381626e-01,-9.963329735113688e-02,0.000000000000000e+00,0.000000000000000e+00,0.000000000000000e+00,6.505270502697738e-03,8.915081369024851e-04,4.327456518466263e-02,3.113065313069966e-04,nan
8.725000000000000e+01,2.032121231564444e-01,1.519297412210794e-01,-5.001542351235414e-02,9.659816996949919e-01,8.461258710588664e-02,-2.767957859744834e-01,-1.035050665201648e-01,0.000000000000000e+00,0.000000000000000e+00,0.000000000000000e+00,6.505335242300180e-03,8.913997296292747e-04,4.327477544586204e-02,3.123275215492112e-04,nan
8.750000000000000e+01,2.124234654120094e-01,1.879675009994433e-01,-4.457771133116208e-02,9.578921220904014e-01,8.787418739714768e-02,-2.748401113641887e-01,-1.074993872516362e-01,0.000000000000000e+00,0.000000000000000e+00,0.000000000000000e+00,6.505405092561574e-03,8.913671348866545e-04,4.327500079785477e-02,3.133939306028139e-04,nan
8.775000000000000e+01,2.217387885571465e-01,2.235944697317749e-01,-3.852860222455993e-02,9.483422217560478e-01,9.123629381071302e-02,-2.727312336055532e-01,-1.116166285753942e-01,0.000000000000000e+00,0.000000000000000e+00,0.000000000000000e+00,6.505480416590999e-03,8.914166002811294e-04,4.327524234991240e-02,3.145012056914136e-04,nan
8.800000000000000e+01,2.311344892483289e-01,2.587444843022568e-01,-3.184066251085536e-02,9.373442867665771e-01,9.469879051559446e-02,-2.704584626805668e-01,-1.158566522907958e-01,0.000000000000000e+00,0.000000000000000e+00,0.000000000000000e+00,6.505561596472755e-03,8.915541922334819e-04,4.327550128304766e-02,3.156441030954960e-04,nan
8.825000000000000e+01,2.405844787042334e-01,2.933508566202373e-01,-2.448684791799346e-02,9.249133893537418e-01,9.826109168120713e-02,-2.680105839575727e-01,-1.202187447688139e-01,0.000000000000000e+00,0.000000000000000e+00,0.000000000000000e+00,6.505649033067057e-03,8.917857246896269e-04,4.327577885089827e-02,3.168166788130953e-04,nan
8.850000000000000e+01,2.500600742875511e-01,3.273464391302916e-01,-1.644070174199968e-02,9.110674900150115e-01,1.019220817662472e-01,-2.653758710716227e-01,-1.247015438727227e-01,0.000000000000000e+00,0.000000000000000e+00,0.000000000000000e+00,6.505743145554774e-03,8.921166835865191e-04,4.327607637980082e-02,3.180122858000688e-04,nan
8.875000000000000e+01,2.595298982664644e-01,3.606637009539963e-01,-7.676574367780136e-03,8.958275486531663e-01,1.056800520083588e-01,-2.625421072184019e-01,-1.293029612283668e-01,0.000000000000000e+00,0.000000000000000e+00,0.000000000000000e+00,6.505844370682095e-03,8.925521475102657e-04,4.327639526789289e-02,3.192235785991916e-04,nan
8.900000000000000e+01,2.689597861525571e-01,3.932348167556124e-01,1.830134937379645e-03,8.792176425266166e-01,1.095326334334670e-01,-2.594966161932563e-01,-1.340201002343266e-01,0.000000000000000e+00,0.000000000000000e+00,0.000000000000000e+00,6.505953161657487e-03,8.930967051029998e-04,4.327673698306763e-02,3.204425261757529e-04,nan
8.925000000000000e+01,2.783127073350943e-01,4.249917706249779e-01,1.210271325527530e-02,8.612650905317808e-01,1.134767268587157e-01,-2.562263045878237e-01,-1.388491703920749e-01,0.000000000000000e+00,0.000000000000000e+00,0.000000000000000e+00,6.506069986650528e-03,8.937543699087877e-04,4.327710305959369e-02,3.216604337714611e-04,nan
8.950000000000000e+01,2.875487010659278e-01,4.558664774560176e-01,2.316284584702066e-02,8.420005830279497e-01,1.175084305443501e-01,-2.527177166155067e-01,-1.437853987582588e-01,0.000000000000000e+00,0.000000000000000e+00,0.000000000000000e+00,6.506195326839942e-03,8.945284934913436e-04,4.327749509320130e-02,3.228679745656826e-04,nan
8.975000000000000e+01,2.966248311866767e-01,4.857909244572447e-01,3.503030450988891e-02,8.214583160479877e-01,1.216229663582758e-01,-2.489571030646328e-01,-1.488229395763027e-01,0.000000000000000e+00,0.000000000000000e+00,0.000000000000000e+00,6.506329673957315e-03,8.954216778108079e-04,4.327791473443179e-02,3.240552318898061e-04,nan
9.000000000000000e+01,3.054951633195690e-01,5.146973355479539e-01,4.772261282979051e-02,7.996761283125090e-01,1.258146055519253e-01,-2.449305058643036e-01,-1.539547834320420e-01,0.000000000000000e+00,0.000000000000000e+00,0.000000000000000e+00,6.506473527273213e-03,8.964356880078878e-04,4.327836368004434e-02,3.252117526725933e-04,nan
9.025000000000000e+01,3.141107685516847e-01,5.425183614546931e-01,6.125468923518620e-02,7.766956389803447e-01,1.300765955054838e-01,-2.406238596810655e-01,-1.591726675956206e-01,0.000000000000000e+00,0.000000000000000e+00,0.000000000000000e+00,6.506627389974969e-03,8.975713669121602e-04,4.327884366228021e-02,3.263266126990738e-04,nan
9.050000000000000e+01,3.224197579123229e-01,5.691872983088515e-01,7.563846939715632e-02,7.525623835263658e-01,1.344010890805684e-01,-2.360231118320415e-01,-1.644669895546517e-01,0.000000000000000e+00,0.000000000000000e+00,0.000000000000000e+00,6.506791764890035e-03,8.988285527588985e-04,4.327935643579646e-02,3.273884941378362e-04,nan
9.075000000000000e+01,3.303673521544819e-01,5.946383374377135e-01,9.088251026527115e-02,7.273259445445566e-01,1.387790785128380e-01,-2.311143615888940e-01,-1.698267261039600e-01,0.000000000000000e+00,0.000000000000000e+00,0.000000000000000e+00,6.506967149516207e-03,9.002060017655952e-04,4.327990376210603e-02,3.283857756294396e-04,nan
9.100000000000000e+01,3.378959914802121e-01,6.188068488163089e-01,1.069915788797834e-01,7.010400736394786e-01,1.432003360766932e-01,-2.258840196438796e-01,-1.752393607240258e-01,0.000000000000000e+00,0.000000000000000e+00,0.000000000000000e+00,6.507154030330959e-03,9.017013173751934e-04,4.328048739139208e-02,3.293066350267097e-04,nan
9.125000000000000e+01,3.449454898691383e-01,6.416297002835440e-01,1.239662300522567e-01,6.737627999078165e-01,1.476533640469796e-01,-2.203189881022547e-01,-1.806908223385801e-01,0.000000000000000e+00,0.000000000000000e+00,0.000000000000000e+00,6.507352876366436e-03,9.033108881132540e-04,4.328110904161457e-02,3.301391646370680e-04,nan
9.150000000000000e+01,3.514532385504792e-01,6.630456141013346e-01,1.418023780472430e-01,6.455565198443208e-01,1.521253567528125e-01,-2.144068608445334e-01,-1.861654388725161e-01,0.000000000000000e+00,0.000000000000000e+00,0.000000000000000e+00,6.507564132055373e-03,9.050298361205911e-04,4.328177037488666e-02,3.308714985333396e-04,nan
9.175000000000000e+01,3.573544628708033e-01,6.829955617299147e-01,1.604908685072701e-01,6.164880628603771e-01,1.566021777471709e-01,-2.081361434613304e-01,-1.916459093110095e-01,0.000000000000000e+00,0.000000000000000e+00,0.000000000000000e+00,6.507788209375903e-03,9.068519785022724e-04,4.328247297117498e-02,3.314919511748678e-04,nan
9.200000000000000e+01,3.625825363220301e-01,7.014231967900938e-01,1.800170580132052e-01,5.866287260127305e-01,1.610683552803768e-01,-2.014964912017961e-01,-1.971132981620323e-01,0.000000000000000e+00,0.000000000000000e+00,0.000000000000000e+00,6.508025479350466e-03,9.087698036677541e-04,4.328321829947221e-02,3.319891662187172e-04,nan
9.225000000000000e+01,3.670693547783452e-01,7.182753250742540e-01,2.003604098228162e-01,5.560542710452976e-01,1.655070993408369e-01,-1.944789625001115e-01,-2.025470563165740e-01,0.000000000000000e+00,0.000000000000000e+00,0.000000000000000e+00,6.508276262985294e-03,9.107744648118449e-04,4.328400768669511e-02,3.323522740037582e-04,nan
9.250000000000000e+01,3.707457730230239e-01,7.335024091515177e-01,2.214941154321214e-01,5.248448764953526e-01,1.699003434856361e-01,-1.870762846682508e-01,-2.079250722509530e-01,0.000000000000000e+00,0.000000000000000e+00,0.000000000000000e+00,6.508540821771788e-03,9.128557925946398e-04,4.328484228468360e-02,3.325710557694414e-04,nan
9.275000000000000e+01,3.735421044104678e-01,7.470591035996186e-01,2.433847525964111e-01,4.930850374581621e-01,1.742288144996402e-01,-1.792831272929530e-01,-2.132237572904745e-01,0.000000000000000e+00,0.000000000000000e+00,0.000000000000000e+00,6.508819347908690e-03,9.150023289044990e-04,4.328572303580813e-02,3.326361122356417e-04,nan
9.300000000000000e+01,3.753886829999113e-01,7.589048152118545e-01,2.659919912607225e-01,4.608634056952329e-01,1.784721325694131e-01,-1.710963777881598e-01,-2.184181682224198e-01,0.000000000000000e+00,0.000000000000000e+00,0.000000000000000e+00,6.509111954442762e-03,9.172013833264742e-04,4.328665063782913e-02,3.325390337349729e-04,nan
9.325000000000000e+01,3.762164857245481e-01,7.690042807141415e-01,2.892683594059539e-01,4.282725631639090e-01,1.826089441165678e-01,-1.625154124811352e-01,-2.234821698833398e-01,0.000000000000000e+00,0.000000000000000e+00,0.000000000000000e+00,6.509418665564154e-03,9.194391135791194e-04,4.328762550879159e-02,3.322725686745118e-04,nan
9.350000000000000e+01,3.759578101502747e-01,7.773281526450341e-01,3.131590810360270e-01,3.954087227883822e-01,1.866170886905146e-01,-1.535423556131878e-01,-2.283886394341806e-01,0.000000000000000e+00,0.000000000000000e+00,0.000000000000000e+00,6.509739407328354e-03,9.217006307238873e-04,4.328864775286763e-02,3.318307867275216e-04,nan
9.375000000000000e+01,3.745470011793279e-01,7.838535821799593e-01,3.376019983341623e-01,3.623713514228168e-01,1.904738003697916e-01,-1.441823177867815e-01,-2.331097128730391e-01,0.000000000000000e+00,0.000000000000000e+00,0.000000000000000e+00,6.510073999107213e-03,9.239701293929925e-04,4.328971712817598e-02,3.312092328472752e-04,nan
9.400000000000000e+01,3.719212177354371e-01,7.885647859169547e-01,3.625275893306073e-01,3.292627114996101e-01,1.941559429746175e-01,-1.344436047693304e-01,-2.376170729319977e-01,0.000000000000000e+00,0.000000000000000e+00,0.000000000000000e+00,6.510422146093843e-03,9.262310426312523e-04,4.329083301769554e-02,3.304050679730497e-04,nan
9.425000000000000e+01,3.680212281205814e-01,7.914535820968710e-01,3.878590911929659e-01,2.961873198123394e-01,1.976402770775062e-01,-1.243378872518159e-01,-2.418822758939744e-01,0.000000000000000e+00,0.000000000000000e+00,0.000000000000000e+00,6.510783433197737e-03,9.284662202183602e-04,4.329199440444456e-02,3.294171921942313e-04,nan
9.450000000000000e+01,3.627922204714059e-01,7.925198805279415e-01,4.135127374390899e-01,2.632513242303536e-01,2.009037553580563e-01,-1.138803222349205e-01,-2.458771131021102e-01,0.000000000000000e+00,0.000000000000000e+00,0.000000000000000e+00,6.511157320663962e-03,9.306581285510040e-04,4.329319985210377e-02,3.282463461721299e-04,nan
9.475000000000000e+01,3.561846126943896e-01,7.917721097467926e-01,4.393981149768764e-01,2.305618018268167e-01,2.039238413448668e-01,-1.030896172421016e-01,-2.495740010943732e-01,0.000000000000000e+00,0.000000000000000e+00,0.000000000000000e+00,6.511543141731902e-03,9.327890693467192e-04,4.329444749221614e-02,3.268951868125106e-04,nan
9.500000000000000e+01,3.481548445611859e-01,7.892275647922837e-01,4.654186439274895e-01,1.982259848388071e-01,2.066788451010381e-01,-9.198802958306301e-02,-2.529463924766256e-01,0.000000000000000e+00,0.000000000000000e+00,0.000000000000000e+00,6.511940102612655e-03,9.348414136172364e-04,4.329573501898924e-02,3.253683335482024e-04,nan
9.525000000000000e+01,3.386661334379522e-01,7.849126594941210e-01,4.914721797618927e-01,1.663504239494051e-01,2.091482680321150e-01,-8.060129442908562e-02,-2.559691979612432e-01,0.000000000000000e+00,0.000000000000000e+00,0.000000000000000e+00,6.512347285009596e-03,9.367978465901206e-04,4.329705969255453e-02,3.236723821362503e-04,nan
9.550000000000000e+01,3.276891745333776e-01,7.788630684549512e-01,5.174517334912568e-01,1.350401014419965e-01,2.113131478261472e-01,-6.895847749495328e-02,-2.586192085673274e-01,0.000000000000000e+00,0.000000000000000e+00,0.000000000000000e+00,6.512763651334155e-03,9.386416185726137e-04,4.329841835130854e-02,3.218158835953180e-04,nan
9.575000000000000e+01,3.152027666855695e-01,7.711237459626524e-01,5.432463016562812e-01,1.043975096592921e-01,2.131563936740622e-01,-5.709175059210084e-02,-2.608755059241066e-01,0.000000000000000e+00,0.000000000000000e+00,0.000000000000000e+00,6.513188052680811e-03,9.403567961991585e-04,4.329980743367000e-02,3.198092867889232e-04,nan
9.600000000000000e+01,3.011943456398395e-01,7.617488118903089e-01,5.687417938491086e-01,7.452171272582074e-02,2.146631014547015e-01,-4.503609112445824e-02,-2.627198480514015e-01,0.000000000000000e+00,0.000000000000000e+00,0.000000000000000e+00,6.513619239525108e-03,9.419285081204154e-04,4.330122300925701e-02,3.176648441741911e-04,nan
9.625000000000000e+01,2.856604085248305e-01,7.508012981523134e-01,5.938220416875719e-01,4.550741148683184e-02,2.158208385738370e-01,-3.282890960463951e-02,-2.641370179970935e-01,0.000000000000000e+00,0.000000000000000e+00,0.000000000000000e+00,6.514055875000899e-03,9.433431790158153e-04,4.330266081912532e-02,3.153964813436064e-04,nan
9.650000000000000e+01,2.686068157882225e-01,7.383527533587543e-01,6.183698697666069e-01,1.744403291924616e-02,2.166198886636882e-01,-2.050961230572532e-02,-2.651151233445934e-01,0.000000000000000e+00,0.000000000000000e+00,0.000000000000000e+00,6.514496550504474e-03,9.445887458657751e-04,4.330411632433852e-02,3.130196321432521e-04,nan
9.675000000000000e+01,2.500489601246569e-01,7.244827077688273e-01,6.422682063484133e-01,-9.585134246211628e-03,2.170534473876009e-01,-8.119109046600232e-03,-2.656458358739556e-01,0.000000000000000e+00,0.000000000000000e+00,0.000000000000000e+00,6.514939803269814e-03,9.456548507197488e-04,4.330558476178514e-02,3.105510422982197e-04,nan
9.700000000000000e+01,2.300117957826833e-01,7.092780052689143e-01,6.654012096068700e-01,-3.550373637082865e-02,2.171177621233717e-01,4.300721352833945e-03,-2.657245625315471e-01,0.000000000000000e+00,0.000000000000000e+00,0.000000000000000e+00,6.515384135468038e-03,9.465330047410958e-04,4.330706120583329e-02,3.080085455582429e-04,nan
9.725000000000000e+01,2.085297258928258e-01,6.928320136479126e-01,6.876553842541185e-01,-6.024306424777824e-02,2.168122102488028e-01,1.670759339186167e-02,-2.653505412500426e-01,0.000000000000000e+00,0.000000000000000e+00,0.000000000000000e+00,6.515828034311628e-03,9.472167190799699e-04,4.330854063415442e-02,3.054108173343520e-04,nan
9.750000000000000e+01,1.856463498987629e-01,6.752437286596891e-01,7.089206634310509e-01,-8.374265720351069e-02,2.161393130196093e-01,2.905938907639639e-02,-2.645268579347234e-01,0.000000000000000e+00,0.000000000000000e+00,0.000000000000000e+00,6.516269992594901e-03,9.477015990954074e-04,4.331001799585598e-02,3.027771115796593e-04,nan
9.775000000000000e+01,1.614140775631762e-01,6.566167910115276e-01,7.290914318543542e-01,-1.059507872680539e-01,2.151046844805150e-01,4.131472747666198e-02,-2.632603839316762e-01,0.000000000000000e+00,0.000000000000000e+00,0.000000000000000e+00,6.516708529080661e-03,9.479853995678494e-04,4.331148827996815e-02,3.001269872310898e-04,nan
9.800000000000000e+01,1.358936201239802e-01,6.370584382921982e-01,7.480674683260703e-01,-1.268248124088053e-01,2.137169173366094e-01,5.343351337815597e-02,-2.615616363365841e-01,0.000000000000000e+00,0.000000000000000e+00,0.000000000000000e+00,6.517142208150238e-03,9.480680397620025e-04,4.331294658232537e-02,2.974800308423974e-04,nan
9.825000000000000e+01,1.091533727793235e-01,6.166784157979618e-01,7.657547887062041e-01,-1.463313919612977e-01,2.119874100818782e-01,6.537744976189160e-02,-2.594445664034393e-01,0.000000000000000e+00,0.000000000000000e+00,0.000000000000000e+00,6.517569658169806e-03,9.479515784545367e-04,4.331438816897780e-02,2.948555820887419e-04,nan
9.850000000000000e+01,8.126870560087855e-02,5.955878711360617e-01,7.820663741472875e-01,-1.644465617569624e-01,2.099301417936206e-01,7.711050058128259e-02,-2.569262838973057e-01,0.000000000000000e+00,0.000000000000000e+00,0.000000000000000e+00,6.517989588087311e-03,9.476401502713366e-04,4.331580853444789e-02,2.922724686095016e-04,nan
9.875000000000000e+01,5.232118208399198e-02,5.738982573586654e-01,7.969227735735891e-01,-1.811556708077301e-01,2.075614027360901e-01,8.859929262748119e-02,-2.540267273583958e-01,0.000000000000000e+00,0.000000000000000e+00,0.000000000000000e+00,6.518400801857235e-03,9.471398658216709e-04,4.331720345340361e-02,2.897487561966568e-04,nan
9.900000000000000e+01,2.239772576767514e-02,5.517202682501844e-01,8.102525738161783e-01,-1.964531855344652e-01,2.048994901871145e-01,9.981344802905914e-02,-2.507682917997039e-01,0.000000000000000e+00,0.000000000000000e+00,0.000000000000000e+00,6.518802210388587e-03,9.464586791227414e-04,4.331856902462995e-02,2.873015196624244e-04,nan
9.925000000000000e+01,-8.410244314828584e-03,5.291628273640239e-01,8.219927352453077e-01,-2.103423712203860e-01,2.019643796586712e-01,1.107258419300704e-01,-2.471754262872430e-01,0.000000000000000e+00,0.000000000000000e+00,0.000000000000000e+00,6.519192840818750e-03,9.456062266344420e-04,4.331990170652528e-02,2.849466388736635e-04,nan
9.950000000000000e+01,-4.000768911753293e-02,5.063321496378982e-01,8.320887949470669e-01,-2.228348634708627e-01,1.987773819170528e-01,1.213127829423325e-01,-2.432742141391648e-01,0.000000000000000e+00,0.000000000000000e+00,0.000000000000000e+00,6.519571843025034e-03,9.445936428409407e-04,4.332119834370697e-02,2.826986234733004e-04,nan
9.975000000000000e+01,-7.229681703739979e-02,4.833308911014056e-01,8.404949432778704e-01,-2.339501448550760e-01,1.953607959483361e-01,1.315541168942856e-01,-2.390919481618950e-01,0.000000000000000e+00,0.000000000000000e+00,0.000000000000000e+00,6.519938493390567e-03,9.434333577107989e-04,4.332245618465638e-02,2.805704687733907e-04,nan
1.000000000000000e+02,-1.051779262892841e-01,4.602573985343939e-01,8.471739828478482e-01,-2.437149435335304e-01,1.917375673198431e-01,1.414332570463407e-01,-2.346567124907215e-01,0.000000000000000e+00,0.000000000000000e+00,0.000000000000000e+00,6.520292195936236e-03,9.421388815380599e-04,4.332367289065381e-02,2.785735442530773e-04,nan
1.002500000000000e+02,-1.385502075147538e-01,4.372050671487859e-01,8.520971815327361e-01,-2.521625715307727e-01,1.879309603408892e-01,1.509371461925668e-01,-2.299969813202895e-01,0.000000000000000e+00,0.000000000000000e+00,0.000000000000000e+00,6.520632481011063e-03,9.407245826265898e-04,4.332484653652827e-02,2.767175150783785e-04,nan
1.005000000000000e+02,-1.723124946091227e-01,4.142618106440893e-01,8.552440329451537e-01,-2.593322204338875e-01,1.839642511230110e-01,1.600561578425958e-01,-2.251412432154838e-01,0.000000000000000e+00,0.000000000000000e+00,0.000000000000000e+00,6.520959001797408e-03,9.392054630493959e-04,4.332597560397156e-02,2.750102961189488e-04,nan
1.007500000000000e+02,-2.063639545577401e-01,3.915096444950522e-01,8.566019389102530e-01,-2.652682317614459e-01,1.798604471821066e-01,1.687839449386258e-01,-2.201176579089131e-01,0.000000000000000e+00,0.000000000000000e+00,0.000000000000000e+00,6.521271528932689e-03,9.375969373267637e-04,4.332705896832867e-02,2.734580371047289e-04,nan
1.010000000000000e+02,-2.406047098674149e-01,3.690243802012185e-01,8.561658289292252e-01,-2.700193581591074e-01,1.756420377095879e-01,1.771172453114186e-01,-2.149537506364772e-01,0.000000000000000e+00,0.000000000000000e+00,0.000000000000000e+00,6.521569943576593e-03,9.359146183541278e-04,4.332809587988269e-02,2.720651368642909e-04,nan
1.012500000000000e+02,-2.749363898353385e-01,3.468754255560894e-01,8.539377314509627e-01,-2.736380300579144e-01,1.713307771530702e-01,1.850556533494068e-01,-2.096761472429577e-01,0.000000000000000e+00,0.000000000000000e+00,0.000000000000000e+00,6.521854229262738e-03,9.341741143099602e-04,4.332908594070140e-02,2.708342840320129e-04,nan
1.015000000000000e+02,-3.092626093167832e-01,3.251256838327250e-01,8.499263111032506e-01,-2.761796406060708e-01,1.669475033602662e-01,1.926013672040356e-01,-2.043103515920947e-01,0.000000000000000e+00,0.000000000000000e+00,0.000000000000000e+00,6.522124462868508e-03,9.323908396230915e-04,4.333002907811059e-02,2.697665212038508e-04,nan
1.017500000000000e+02,-3.434893757641395e-01,3.038315431514592e-01,8.441463849681919e-01,-2.777018596777809e-01,1.625119903057283e-01,1.997589203558013e-01,-1.988805653051872e-01,0.000000000000000e+00,0.000000000000000e+00,0.000000000000000e+00,6.522380805019332e-03,9.305798424090218e-04,4.333092551581714e-02,2.688613292603369e-04,nan
1.020000000000000e+02,-3.775254270718998e-01,2.830429461813661e-01,8.366184296328695e-01,-2.782639856858656e-01,1.580428343736658e-01,2.065349056004108e-01,-1.934095485714679e-01,0.000000000000000e+00,0.000000000000000e+00,0.000000000000000e+00,6.522623490216295e-03,9.287556501253284e-04,4.333177574362756e-02,2.681167284481929e-04,nan
1.022500000000000e+02,-4.112825041590750e-01,2.628035296932746e-01,8.273680892114746e-01,-2.779263418748752e-01,1.535573723287948e-01,2.129376985649979e-01,-1.879185197438022e-01,0.000000000000000e+00,0.000000000000000e+00,0.000000000000000e+00,6.522852816942254e-03,9.269321345725320e-04,4.333258048660878e-02,2.675293928036486e-04,nan
1.025000000000000e+02,-4.446755632580042e-01,2.431508232738994e-01,8.164256929148977e-01,-2.767497218261125e-01,1.490716284736440e-01,2.189771868072218e-01,-1.824270906578330e-01,0.000000000000000e+00,0.000000000000000e+00,0.000000000000000e+00,6.523069137963765e-03,9.251223967928872e-04,4.333334067442352e-02,2.670947745937549e-04,nan
1.027500000000000e+02,-4.776229335792068e-01,2.241164966627392e-01,8.038257891194972e-01,-2.747948871235247e-01,1.446002880554979e-01,2.246645094530494e-01,-1.769532340799657e-01,0.000000000000000e+00,0.000000000000000e+00,0.000000000000000e+00,6.523272851006865e-03,9.233386719133263e-04,4.333405741145060e-02,2.668072356259970e-04,nan
1.030000000000000e+02,-5.100464264204915e-01,2.057266456157423e-01,7.896067013239993e-01,-2.721221185490325e-01,1.401566937309651e-01,2.300118112482153e-01,-1.715132793772289e-01,0.000000000000000e+00,0.000000000000000e+00,0.000000000000000e+00,6.523464389946187e-03,9.215922535414124e-04,4.333473194818113e-02,2.666601825130760e-04,nan
1.032500000000000e+02,-5.418714019269913e-01,1.880021068625468e-01,7.738101099314313e-01,-2.687908208195110e-01,1.357528617970341e-01,2.350320138773403e-01,-1.661219323807301e-01,0.000000000000000e+00,0.000000000000000e+00,0.000000000000000e+00,6.523644216610175e-03,9.198934369629430e-04,4.333536565426366e-02,2.666462032587767e-04,nan
1.035000000000000e+02,-5.730267996326029e-01,1.709587935417061e-01,7.564806624853898e-01,-2.648591797526505e-01,1.313995149275589e-01,2.397386064746381e-01,-1.607923154512324e-01,0.000000000000000e+00,0.000000000000000e+00,0.000000000000000e+00,6.523812813271838e-03,9.182514801023070e-04,4.333595999346629e-02,2.667572028377573e-04,nan
1.037500000000000e+02,-6.034451386679508e-01,1.546080434117766e-01,7.376656138467584e-01,-2.603838698508130e-01,1.271061282858741e-01,2.441454564308430e-01,-1.555360239166532e-01,0.000000000000000e+00,0.000000000000000e+00,0.000000000000000e+00,6.523970675865147e-03,9.166745809896931e-04,4.333651650072701e-02,2.669845357587911e-04,nan
1.040000000000000e+02,-6.330624931486977e-01,1.389569730949037e-01,7.174144968264708e-01,-2.554198096073972e-01,1.228809860913292e-01,2.482666409023757e-01,-1.503631953047531e-01,0.000000000000000e+00,0.000000000000000e+00,0.000000000000000e+00,6.524118307942041e-03,9.151698703259922e-04,4.333703676138279e-02,2.673191339202709e-04,nan
1.042500000000000e+02,-6.618184477998025e-01,1.240088325720443e-01,6.957788229909665e-01,-2.500199613496568e-01,1.187312459759645e-01,2.521162988527434e-01,-1.452825881106053e-01,0.000000000000000e+00,0.000000000000000e+00,0.000000000000000e+00,6.524256215364314e-03,9.137434176415028e-04,4.333752239259791e-02,2.677516283732997e-04,nan
1.045000000000000e+02,-6.896560383602440e-01,1.097633550826356e-01,6.728118127214996e-01,-2.442351721121813e-01,1.146630087564954e-01,2.557085029984870e-01,-1.403016671920921e-01,0.000000000000000e+00,0.000000000000000e+00,0.000000000000000e+00,6.524384901708239e-03,9.124002494982214e-04,4.333797502695735e-02,2.682724638996409e-04,nan
1.047500000000000e+02,-7.165216807771684e-01,9.621709846223940e-02,6.485681531233747e-01,-2.381140518615063e-01,1.106813915488642e-01,2.590571506840163e-01,-1.354266932564326e-01,0.000000000000000e+00,0.000000000000000e+00,0.000000000000000e+00,6.524504864347216e-03,9.111443781814003e-04,4.333839629814744e-02,2.688720055799513e-04,nan
1.050000000000000e+02,-7.423650926612927e-01,8.336377476284522e-02,6.231037820303891e-01,-2.317028853396205e-01,1.067906024540428e-01,2.621758724599587e-01,-1.306628142696801e-01,0.000000000000000e+00,0.000000000000000e+00,0.000000000000000e+00,6.524616591168753e-03,9.099788393550374e-04,4.333878782861390e-02,2.695406367711822e-04,nan
1.052500000000000e+02,-7.671392099542950e-01,7.119456573197026e-02,5.964756961155940e-01,-2.250455738386199e-01,1.029940153340239e-01,2.650779569752377e-01,-1.260141569763935e-01,0.000000000000000e+00,0.000000000000000e+00,0.000000000000000e+00,6.524720557876145e-03,9.089057372135417e-04,4.333915121906536e-02,2.702688481278012e-04,nan
1.055000000000000e+02,-7.908001012667216e-01,5.969842237360624e-02,5.687417809840097e-01,-2.181836033385235e-01,9.929424346855588e-02,2.677762907005956e-01,-1.214839170491403e-01,0.000000000000000e+00,0.000000000000000e+00,0.000000000000000e+00,6.524817225821843e-03,9.079262957366382e-04,4.333948803967606e-02,2.710473174908218e-04,nan
1.057500000000000e+02,-8.133068818903832e-01,4.886234737580154e-02,5.399606610686758e-01,-2.111560356157210e-01,9.569321113123599e-02,2.702833109675877e-01,-1.170744466911078e-01,0.000000000000000e+00,0.000000000000000e+00,0.000000000000000e+00,6.524907040318387e-03,9.070409147465090e-04,4.333979982283548e-02,2.718669806294127e-04,nan
1.060000000000000e+02,-8.346216290775930e-01,3.867165966874129e-02,5.101915671622120e-01,-2.039995191437855e-01,9.219222234534155e-02,2.726109708199675e-01,-1.127873387865352e-01,0.000000000000000e+00,0.000000000000000e+00,0.000000000000000e+00,6.524990429372901e-03,9.062492295660203e-04,4.334008805728912e-02,2.727190929568846e-04,nan
1.062500000000000e+02,-8.547092998134108e-01,2.911024077837234e-02,4.794942194772451e-01,-1.967483168471886e-01,8.879202627417597e-02,2.747707142228666e-01,-1.086235069316144e-01,0.000000000000000e+00,0.000000000000000e+00,0.000000000000000e+00,6.525067802793260e-03,9.055501731824560e-04,4.334035418351984e-02,2.735952824543166e-04,nan
1.065000000000000e+02,-8.735376519866579e-01,2.016076297015951e-02,4.479287242277374e-01,-1.894343480201239e-01,8.549287886798729e-02,2.767734602495714e-01,-1.045832608832598e-01,0.000000000000000e+00,0.000000000000000e+00,0.000000000000000e+00,6.525139551616398e-03,9.049420399286634e-04,4.334059959022340e-02,2.744875941257221e-04,nan
1.067500000000000e+02,-8.910771695895660e-01,1.180489944254865e-02,4.155554818484467e-01,-1.820872419778624e-01,8.229460053085789e-02,2.786295949578469e-01,-1.006663771361385e-01,0.000000000000000e+00,0.000000000000000e+00,0.000000000000000e+00,6.525206047812578e-03,9.044225498004693e-04,4.334082561174053e-02,2.753885263796409e-04,nan
1.070000000000000e+02,-9.073009923420782e-01,4.023517037603815e-03,3.824351051121859e-01,-1.747344012596254e-01,7.919662968818214e-02,2.803489697708548e-01,-9.687216448183200e-02,0.000000000000000e+00,0.000000000000000e+00,0.000000000000000e+00,6.525267644223239e-03,9.039889126331302e-04,4.334103352631821e-02,2.762910597854332e-04,nan
1.072500000000000e+02,-9.221848499418674e-01,-3.203147905489890e-03,3.486283455567131e-01,-1.674010724445331e-01,7.619807223065338e-02,2.819409052862853e-01,-9.319952452064337e-02,0.000000000000000e+00,0.000000000000000e+00,0.000000000000000e+00,6.525324674693741e-03,9.036378914595525e-04,4.334122455508251e-02,2.771886786910207e-04,nan
1.075000000000000e+02,-9.357070009814549e-01,-9.895329812666977e-03,3.141960267889393e-01,-1.601104228719485e-01,7.329774688647016e-02,2.834141995470815e-01,-8.964700718933354e-02,0.000000000000000e+00,0.000000000000000e+00,0.000000000000000e+00,6.525377454366423e-03,9.033658644669249e-04,4.334139986161687e-02,2.780753862142889e-04,nan
1.077500000000000e+02,-9.478481764455714e-01,-1.607358943172675e-02,2.791989833890204e-01,-1.528836217719970e-01,7.049422663219536e-02,2.847771399148226e-01,-8.621286143994104e-02,0.000000000000000e+00,0.000000000000000e+00,0.000000000000000e+00,6.525426280103087e-03,9.031688850574988e-04,4.334156055205011e-02,2.789457131350528e-04,nan
1.080000000000000e+02,-9.585915276013283e-01,-2.175868381225636e-02,2.436980042872840e-01,-1.457399245097421e-01,6.778587629674100e-02,2.860375177900810e-01,-8.289508125874584e-02,0.000000000000000e+00,0.000000000000000e+00,0.000000000000000e+00,6.525471431009885e-03,9.030427395999795e-04,4.334170767556968e-02,2.797947212193294e-04,nan
1.082500000000000e+02,-9.679225780171329e-01,-2.697144981162335e-02,2.077537796302994e-01,-1.386967588267708e-01,6.517088654456268e-02,2.872026455212334e-01,-7.969144725312617e-02,0.000000000000000e+00,0.000000000000000e+00,0.000000000000000e+00,6.525513169040932e-03,9.029830025342081e-04,4.334184222528489e-02,2.806180015056260e-04,nan
1.085000000000000e+02,-9.758291793901549e-01,-3.173270022365481e-02,1.714268502869979e-01,-1.317698121267980e-01,6.264730444539447e-02,2.882793749332462e-01,-7.659956406006424e-02,0.000000000000000e+00,0.000000000000000e+00,0.000000000000000e+00,6.525551739660219e-03,9.029850885597811e-04,4.334196513937466e-02,2.814116680740265e-04,nan
1.087500000000000e+02,-9.823014708233295e-01,-3.606313163568955e-02,1.347775592705215e-01,-1.249731189977727e-01,6.021306085060446e-02,2.892741169903141e-01,-7.361689384566010e-02,0.000000000000000e+00,0.000000000000000e+00,0.000000000000000e+00,6.525587372544475e-03,9.030443017011343e-04,4.334207730246301e-02,2.821723478052302e-04,nan
1.090000000000000e+02,-9.873318411684885e-01,-3.998324314054954e-02,9.786600446585836e-02,-1.183191482926381e-01,5.786599480214621e-02,2.901928621806760e-01,-7.074078617222707e-02,0.000000000000000e+00,0.000000000000000e+00,0.000000000000000e+00,6.525620282312084e-03,9.031558810978944e-04,4.334217954717293e-02,2.828971666192442e-04,nan
1.092500000000000e+02,-9.909148940396777e-01,-4.351326505962579e-02,6.075199215715712e-02,-1.118188892053656e-01,5.560387520055252e-02,2.910412012785786e-01,-6.796850451012024e-02,0.000000000000000e+00,0.000000000000000e+00,0.000000000000000e+00,6.525650669265733e-03,9.033150434186164e-04,4.334227265581660e-02,2.835837326625348e-04,nan
1.095000000000000e+02,-9.930474150978033e-01,-4.667309686921896e-02,2.349499094204397e-02,-1.054819358792826e-01,5.342441995469469e-02,2.918243461974351e-01,-6.529724966688991e-02,0.000000000000000e+00,0.000000000000000e+00,0.000000000000000e+00,6.525678720138530e-03,9.035170218404954e-04,4.334235736218626e-02,2.842301168897302e-04,nan
1.097500000000000e+02,-9.937283412124774e-01,-4.948225356246542e-02,-1.384591429633569e-02,-9.931657017223473e-02,5.132531282914614e-02,2.925471507001693e-01,-6.272418039792542e-02,0.000000000000000e+00,0.000000000000000e+00,0.000000000000000e+00,6.525704608835145e-03,9.037571015766174e-04,4.334243435341518e-02,2.848348314613225e-04,nan
1.100000000000000e+02,-9.929587311176715e-01,-5.195981972196101e-02,-5.121206861496173e-02,-9.332984227899119e-02,4.930421819580953e-02,2.932141307780279e-01,-6.024643145151868e-02,0.000000000000000e+00,0.000000000000000e+00,0.000000000000000e+00,6.525728497161188e-03,9.040306519662848e-04,4.334250427188342e-02,2.853968063533415e-04,nan
1.102500000000000e+02,-9.907417371930598e-01,-5.412441062223979e-02,-8.854529362472022e-02,-8.752764897668358e-02,4.735879388570221e-02,2.938294845483402e-01,-5.786112928809997e-02,0.000000000000000e+00,0.000000000000000e+00,0.000000000000000e+00,6.525750535535518e-03,9.043331551738107e-04,4.334256771714729e-02,2.859153645487375e-04,nan
1.105000000000000e+02,-9.870825780216034e-01,-5.599413972554369e-02,-1.257879346260531e-01,-8.191480931512807e-02,4.548670232502287e-02,2.943971115553521e-01,-5.556540569899017e-02,0.000000000000000e+00,0.000000000000000e+00,0.000000000000000e+00,6.525770863681213e-03,9.046602315666428e-04,4.334262524787445e-02,2.863901961536991e-04,nan
1.107500000000000e+02,-9.819885113949677e-01,-5.758659197803341e-02,-1.628829083510411e-01,-7.649513762166604e-02,4.368562012730309e-02,2.949206313869503e-01,-5.335640953493286e-02,0.000000000000000e+00,0.000000000000000e+00,0.000000000000000e+00,6.525789611292187e-03,9.050076618653960e-04,4.334267738377094e-02,2.868213317559845e-04,nan
1.110000000000000e+02,-9.754688074609762e-01,-5.891880235614462e-02,-1.997737513541668e-01,-7.127151373067649e-02,4.195324630094426e-02,2.954034015443328e-01,-5.123131673936704e-02,0.000000000000000e+00,0.000000000000000e+00,0.000000000000000e+00,6.525806898673051e-03,9.053714061769794e-04,4.334272460748761e-02,2.872091153159615e-04,nan
1.112500000000000e+02,-9.675347217308298e-01,-6.000723915376214e-02,-2.364046690578789e-01,-6.624595038206829e-02,4.028730921903120e-02,2.958485345220323e-01,-4.918733886621036e-02,0.000000000000000e+00,0.000000000000000e+00,0.000000000000000e+00,6.525822837350770e-03,9.057476200369679e-04,4.334276736649691e-02,2.875541768557973e-04,nan
1.115000000000000e+02,-9.581994676877240e-01,-6.086779153996302e-02,-2.727205854284720e-01,-6.141965776167552e-02,3.868557248621056e-02,2.962589140726005e-01,-4.722173024710796e-02,0.000000000000000e+00,0.000000000000000e+00,0.000000000000000e+00,6.525837530657181e-03,9.061326676001525e-04,4.334280607493245e-02,2.878574051871109e-04,nan
1.117500000000000e+02,-9.474781887623660e-01,-6.151576095408634e-02,-3.086671932321374e-01,-5.679310518029727e-02,3.714583982577414e-02,2.966372106441831e-01,-4.533179395884517e-02,0.000000000000000e+00,0.000000000000000e+00,0.000000000000000e+00,6.525851074281894e-03,9.065231321277480e-04,4.334284111538508e-02,2.881199208934274e-04,nan
1.120000000000000e+02,-9.353879294644012e-01,-6.196585593971026e-02,-3.441910047997318e-01,-5.236607990780168e-02,3.566595909900655e-02,2.969858959905576e-01,-4.351488672805735e-02,0.000000000000000e+00,0.000000000000000e+00,0.000000000000000e+00,6.525863556795588e-03,9.069158239275123e-04,4.334287284065116e-02,2.883430497604882e-04,nan
1.122500000000000e+02,-9.219476054816577e-01,-6.223219005172222e-02,-3.792394032113650e-01,-4.813774319483833e-02,3.424382555840780e-02,2.973072569623169e-01,-4.176842289758115e-02,0.000000000000000e+00,0.000000000000000e+00,0.000000000000000e+00,6.525875060144032e-03,9.073077859085625e-04,4.334290157542946e-02,2.885282968251427e-04,nan
1.125000000000000e+02,-9.071779725812308e-01,-6.232828250106257e-02,-4.137606937978222e-01,-4.410668352778793e-02,3.287738442662733e-02,2.976034084950993e-01,-4.008987756682628e-02,0.000000000000000e+00,0.000000000000000e+00,0.000000000000000e+00,6.525885660113325e-03,9.076962969161888e-04,4.334292761796394e-02,2.886773211923628e-04,nan
1.127500000000000e+02,-8.911015941676295e-01,-6.226706122995875e-02,-4.477041558447267e-01,-4.027096717307396e-02,3.156463288386311e-02,2.978763058163720e-01,-3.847678900742923e-02,0.000000000000000e+00,0.000000000000000e+00,0.000000000000000e+00,6.525895426767168e-03,9.080788730139326e-04,4.334295124163076e-02,2.887919117496654e-04,nan
1.130000000000000e+02,-8.737428073733855e-01,-6.206086813661607e-02,-4.810200943767745e-01,-3.662818607525580e-02,3.030362153808730e-02,2.981277558965199e-01,-3.692676044517665e-02,0.000000000000000e+00,0.000000000000000e+00,0.000000000000000e+00,6.525904424857124e-03,9.084532668807710e-04,4.334297269646846e-02,2.888739638890929e-04,nan
1.132500000000000e+02,-8.551276875766745e-01,-6.172146619249417e-02,-5.136598918930579e-01,-3.317550317976294e-02,2.909245544474394e-02,2.983594281730905e-01,-3.543746128974117e-02,0.000000000000000e+00,0.000000000000000e+00,0.000000000000000e+00,6.525912714206793e-03,9.088174654903510e-04,4.334299221065018e-02,2.889254573287454e-04,nan
1.135000000000000e+02,-8.352840112585405e-01,-6.126004821757466e-02,-5.455760599200772e-01,-2.990969525600374e-02,2.792929473550220e-02,2.985728645792071e-01,-3.400662788512735e-02,0.000000000000000e+00,0.000000000000000e+00,0.000000000000000e+00,6.525920350071083e-03,9.091696862370243e-04,4.334300999189808e-02,2.889484351091308e-04,nan
1.137500000000000e+02,-8.142412171292926e-01,-6.068724709953451e-02,-5.767222902462892e-01,-2.682719330014191e-02,2.681235490920984e-02,2.987694889085284e-01,-3.263206384584302e-02,0.000000000000000e+00,0.000000000000000e+00,0.000000000000000e+00,6.525927383471765e-03,9.095083716705910e-04,4.334302622883992e-02,2.889449838234777e-04,nan
1.140000000000000e+02,-7.920303654695287e-01,-6.001314726159559e-02,-6.070535057007027e-01,-2.392412059930021e-02,2.573990683234142e-02,2.989506155498631e-01,-3.131164003664927e-02,0.000000000000000e+00,0.000000000000000e+00,0.000000000000000e+00,6.525933861510388e-03,9.098321829975266e-04,4.334304109230790e-02,2.889172151266245e-04,nan
1.142500000000000e+02,-7.686840956460940e-01,-5.924729720113878e-02,-6.365259103379135e-01,-2.119632854050137e-02,2.471027649093721e-02,2.991174576247531e-01,-3.004329424725621e-02,0.000000000000000e+00,0.000000000000000e+00,0.000000000000000e+00,6.525939827659854e-03,9.101399925016667e-04,4.334305473658062e-02,2.888672485532023e-04,nan
1.145000000000000e+02,-7.442365817771179e-01,-5.839872293706806e-02,-6.650970388928550e-01,-1.863943024845390e-02,2.372184453124338e-02,2.992711345611356e-01,-2.882503060747202e-02,0.000000000000000e+00,0.000000000000000e+00,0.000000000000000e+00,6.525945322035796e-03,9.104308750320119e-04,4.334306730056880e-02,2.887971956634294e-04,nan
1.147500000000000e+02,-7.187234865331201e-01,-5.747594221849310e-02,-6.927258053703307e-01,-1.624883213646400e-02,2.277304562195359e-02,2.994126791356458e-01,-2.765491878303613e-02,0.000000000000000e+00,0.000000000000000e+00,0.000000000000000e+00,6.525950381648883e-03,9.107040986991902e-04,4.334307890894532e-02,2.887091455230266e-04,nan
1.150000000000000e+02,-6.921819130731121e-01,-5.648697936067505e-02,-7.193725506368974e-01,-1.401976345441889e-02,2.186236766707822e-02,2.995430440163352e-01,-2.653109298762346e-02,0.000000000000000e+00,0.000000000000000e+00,0.000000000000000e+00,6.525955040639260e-03,9.109591149155756e-04,4.334308967322099e-02,2.886051515133929e-04,nan
1.152500000000000e+02,-6.646503551256508e-01,-5.543938058644635e-02,-7.449990888857859e-01,-1.194730391703544e-02,2.098835089499346e-02,2.996631078365849e-01,-2.545175084225360e-02,0.000000000000000e+00,0.000000000000000e+00,0.000000000000000e+00,6.525959330494215e-03,9.111955479073051e-04,4.334309969276692e-02,2.884872194585672e-04,nan
1.155000000000000e+02,-6.361686452350194e-01,-5.434022976256511e-02,-7.695687528491790e-01,-1.002640949448008e-02,2.014958684611481e-02,2.997736808298619e-01,-2.441515210953265e-02,0.000000000000000e+00,0.000000000000000e+00,0.000000000000000e+00,6.525963280250049e-03,9.114131838190813e-04,4.334310905578442e-02,2.883572970467513e-04,nan
1.157500000000000e+02,-6.067779012020957e-01,-5.319616443078590e-02,-7.930464376362343e-01,-8.251936446109789e-03,1.934471727886238e-02,2.998755100537339e-01,-2.341961732675468e-02,0.000000000000000e+00,0.000000000000000e+00,0.000000000000000e+00,6.525966916679300e-03,9.116119595253846e-04,4.334311784022404e-02,2.882172645168059e-04,nan
1.160000000000000e+02,-5.765204707581641e-01,-5.201339204289591e-02,-8.153986430796376e-01,-6.618663676513152e-03,1.857243301111094e-02,2.999692842302569e-01,-2.246352635885933e-02,0.000000000000000e+00,0.000000000000000e+00,0.000000000000000e+00,6.525970264464180e-03,9.117919512539598e-04,4.334312611465467e-02,2.880689265730195e-04,nan
1.162500000000000e+02,-5.454398745178626e-01,-5.079770631765840e-02,-8.365935144781647e-01,-5.121313491293029e-03,1.783147271211428e-02,3.000556382285159e-01,-2.154531688954268e-02,0.000000000000000e+00,0.000000000000000e+00,0.000000000000000e+00,6.525973346357212e-03,9.119533631199197e-04,4.334313393908398e-02,2.879140054857839e-04,nan
1.165000000000000e+02,-5.135807472647923e-01,-4.955450364558648e-02,-8.566008816276535e-01,-3.754570828166067e-03,1.712062165793615e-02,3.001351572137480e-01,-2.066348286642148e-02,0.000000000000000e+00,0.000000000000000e+00,0.000000000000000e+00,6.525976183329903e-03,9.120965156609337e-04,4.334314136573186e-02,2.877541353306248e-04,nan
1.167500000000000e+02,-4.809887776299860e-01,-4.828879947480372e-02,-8.753922960378804e-01,-2.513101036991049e-03,1.643871046168389e-02,3.002083804861311e-01,-1.981657291402274e-02,0.000000000000000e+00,0.000000000000000e+00,0.000000000000000e+00,6.525978794710324e-03,9.122218344564522e-04,4.334314843975774e-02,2.875908573137258e-04,nan
1.170000000000000e+02,-4.477106462295632e-01,-4.700524461798822e-02,-8.929410662380791e-01,-1.391566280304530e-03,1.578461378830267e-02,3.002758050309974e-01,-1.900318872648646e-02,0.000000000000000e+00,0.000000000000000e+00,0.000000000000000e+00,6.525981198310342e-03,9.123298389061014e-04,4.334315519994352e-02,2.874256161285824e-04,nan
1.172500000000000e+02,-4.137939623334707e-01,-4.570814142659659e-02,-9.092222910791855e-01,-3.846406238598647e-04,1.515724906232813e-02,3.003378888009304e-01,-1.822198345020179e-02,0.000000000000000e+00,0.000000000000000e+00,0.000000000000000e+00,6.525983410543228e-03,9.124211312350075e-04,4.334316167933340e-02,2.872597572855166e-04,nan
1.175000000000000e+02,-3.792871991422674e-01,-4.440145978426811e-02,-9.242128909463148e-01,5.129761154474501e-04,1.455557517579468e-02,3.003950537489510e-01,-1.747166006512490e-02,0.000000000000000e+00,0.000000000000000e+00,0.000000000000000e+00,6.525985446532369e-03,9.124963857864057e-04,4.334316790583192e-02,2.870945253536502e-04,nan
1.177500000000000e+02,-3.442396277535191e-01,-4.308885287656036e-02,-9.378916368004553e-01,1.306545699014552e-03,1.397859120243759e-02,3.004476886307842e-01,-1.675096977222839e-02,0.000000000000000e+00,0.000000000000000e+00,0.000000000000000e+00,6.525987320211714e-03,9.125563386546815e-04,4.334317390276182e-02,2.869310630533237e-04,nan
1.180000000000000e+02,-3.087012499035049e-01,-4.177367269900401e-02,-9.502391769738665e-01,2.001279910206143e-03,1.342533512339556e-02,3.004961515930332e-01,-1.605871039338858e-02,0.000000000000000e+00,0.000000000000000e+00,0.000000000000000e+00,6.525989044418513e-03,9.126017777051369e-04,4.334317968938298e-02,2.867704111359907e-04,nan
1.182500000000000e+02,-2.727227295736769e-01,-4.045898526992067e-02,-9.612380616492022e-01,2.602330051277608e-03,1.289488256880139e-02,3.005407725629822e-01,-1.539372478901255e-02,0.000000000000000e+00,0.000000000000000e+00,0.000000000000000e+00,6.525990630978981e-03,9.126335330200219e-04,4.334318528137419e-02,2.866135089881826e-04,nan
1.185000000000000e+02,-2.363553235546434e-01,-3.914758551855316e-02,-9.708727649578908e-01,3.114777434668821e-03,1.238634557893026e-02,3.005818554546890e-01,-1.475489929782433e-02,0.000000000000000e+00,0.000000000000000e+00,0.000000000000000e+00,6.525992090787390e-03,9.126524678039838e-04,4.334319069127879e-02,2.864611958961652e-04,nan
1.187500000000000e+02,-1.996508110634216e-01,-3.784201182284435e-02,-9.791297046388237e-01,3.543624811885597e-03,1.189887138794637e-02,3.006196802050292e-01,-1.414116220245721e-02,0.000000000000000e+00,0.000000000000000e+00,0.000000000000000e+00,6.525993433879019e-03,9.126594697759932e-04,4.334319592891608e-02,2.863142129084252e-04,nan
1.190000000000000e+02,-1.626614225123165e-01,-3.654456017469054e-02,-9.859972592038898e-01,3.893788685254896e-03,1.143164123273874e-02,3.006545046524097e-01,-1.355148222382292e-02,0.000000000000000e+00,0.000000000000000e+00,0.000000000000000e+00,6.525994669497540e-03,9.126554430689863e-04,4.334320100175973e-02,2.861732052340485e-04,nan
1.192500000000000e+02,-1.254397675300792e-01,-3.525729795371307e-02,-9.914657825623445e-01,4.170092449879452e-03,1.098386918885815e-02,3.006865662699729e-01,-1.298486704663902e-02,0.000000000000000e+00,0.000000000000000e+00,0.000000000000000e+00,6.525995806157116e-03,9.126413006530045e-04,4.334320591528466e-02,2.860387251163382e-04,nan
1.195000000000000e+02,-8.803876233797228e-02,-3.398207729356046e-02,-9.955276160614260e-01,4.377260315124205e-03,1.055480103514994e-02,3.007160837642791e-01,-1.244036187798158e-02,0.000000000000000e+00,0.000000000000000e+00,0.000000000000000e+00,6.525996851699747e-03,9.126179572925256e-04,4.334321067328402e-02,2.859112351226505e-04,nan
1.197500000000000e+02,-5.051155658505479e-02,-3.272054802748704e-02,-9.981770979059965e-01,4.519911956937677e-03,1.014371314831539e-02,3.007432585496633e-01,-1.191704804028383e-02,0.000000000000000e+00,0.000000000000000e+00,0.000000000000000e+00,6.525997813348111e-03,9.125863230438682e-04,4.334321527815763e-02,2.857911117933479e-04,nan
1.200000000000000e+02,-1.291145974840291e-02,-3.147417020247566e-02,-9.994105699253082e-01,4.602557854244378e-03,9.749911428321446e-03,3.007682761077287e-01,-1.141404159981440e-02,0.000000000000000e+00,0.000000000000000e+00,0.000000000000000e+00,6.525998697754324e-03,9.125472972941472e-04,4.334321973117328e-02,2.856786495949410e-04,nan
1.202500000000000e+02,2.470813279488028e-02,-3.024422615349433e-02,-9.992263816602588e-01,4.629595264537419e-03,9.372730255307934e-03,3.007913072407434e-01,-1.093049203133391e-02,0.000000000000000e+00,0.000000000000000e+00,0.000000000000000e+00,6.525999511044883e-03,9.125017633392178e-04,4.334322403270249e-02,2.855740651249003e-04,nan
1.205000000000000e+02,6.229381391612961e-02,-2.903183213161334e-02,-9.976248917497015e-01,4.605304795652255e-03,9.011531478409222e-03,3.008125092270709e-01,-1.046558091934019e-02,0.000000000000000e+00,0.000000000000000e+00,0.000000000000000e+00,6.526000258862140e-03,9.124505834943117e-04,4.334322818243214e-02,2.854775015182056e-04,nan
1.207500000000000e+02,9.979223899567900e-02,-2.783794948167764e-02,-9.946084665995142e-01,4.533847532512300e-03,8.665703436708081e-03,3.008320268861518e-01,-1.001852069606460e-02,0.000000000000000e+00,0.000000000000000e+00,0.000000000000000e+00,6.526000946402479e-03,9.123945947277453e-04,4.334323217955315e-02,2.853890330084205e-04,nan
1.210000000000000e+02,1.371502001867314e-01,-2.666339536703625e-02,-9.901814763232096e-01,4.419262679403129e-03,8.334660012369929e-03,3.008499935600060e-01,-9.588553416169841e-03,0.000000000000000e+00,0.000000000000000e+00,0.000000000000000e+00,6.526001578451524e-03,9.123346048050575e-04,4.334323602292782e-02,2.853086695989887e-04,nan
1.212500000000000e+02,1.743147005735632e-01,-2.550885304049088e-02,-9.843502879478624e-01,4.265465680054811e-03,8.017839715861647e-03,3.008665320176948e-01,-9.174949567918806e-03,0.000000000000000e+00,0.000000000000000e+00,0.000000000000000e+00,6.526002159416637e-03,9.122713889283216e-04,4.334323971123735e-02,2.852363618033419e-04,nan
1.215000000000000e+02,2.112330281151148e-01,-2.437488166214897e-02,-9.771232558840609e-01,4.076246779489662e-03,7.714704803037937e-03,3.008817552886989e-01,-8.777006920431037e-03,0.000000000000000e+00,0.000000000000000e+00,0.000000000000000e+00,6.526002693356806e-03,9.122056868530014e-04,4.334324324311029e-02,2.851720054154740e-04,nan
1.217500000000000e+02,2.478528292652463e-01,-2.326192566626050e-02,-9.685107096634447e-01,3.855269993226145e-03,7.424740423776815e-03,3.008957674307201e-01,-8.394049406514132e-03,0.000000000000000e+00,0.000000000000000e+00,0.000000000000000e+00,6.526003184010217e-03,9.121382004627527e-04,4.334324661723393e-02,2.851154462756727e-04,nan
1.220000000000000e+02,2.841221821613718e-01,-2.217032368039390e-02,-9.585249389521614e-01,3.606072451018009e-03,7.147453801761745e-03,3.009086642369944e-01,-8.025426040449472e-03,0.000000000000000e+00,0.000000000000000e+00,0.000000000000000e+00,6.526003634819698e-03,9.120695917809222e-04,4.334324983244946e-02,2.850664849991543e-04,nan
1.222500000000000e+02,3.199896692737970e-01,-2.110031700147016e-02,-9.471801758532663e-01,3.332064083850851e-03,6.882373444939180e-03,3.009205338878121e-01,-7.670509870022026e-03,0.000000000000000e+00,0.000000000000000e+00,0.000000000000000e+00,6.526004048956074e-03,9.120004813960339e-04,4.334325288783205e-02,2.850248816384292e-04,nan
1.225000000000000e+02,3.554044494088916e-01,-2.005205763423549e-02,-9.344925745157004e-01,3.036527624416521e-03,6.629048386124614e-03,3.009314575505903e-01,-7.328696962010257e-03,0.000000000000000e+00,0.000000000000000e+00,0.000000000000000e+00,6.526004429339813e-03,9.119314472775821e-04,4.334325578275757e-02,2.849903602532058e-04,nan
1.227500000000000e+02,3.903163289602011e-01,-1.902561589871613e-02,-9.204801880720038e-01,2.722618892738794e-03,6.387047453186321e-03,3.009415099324965e-01,-6.999405420292612e-03,0.000000000000000e+00,0.000000000000000e+00,0.000000000000000e+00,6.526004778660867e-03,9.118630239575017e-04,4.334325851695648e-02,2.849626133646510e-04,nan
1.230000000000000e+02,4.246758323027620e-01,-1.802098761407393e-02,-9.051629429313517e-01,2.393367340031945e-03,6.155958568201937e-03,3.009507597893245e-01,-6.682074435679253e-03,0.000000000000000e+00,0.000000000000000e+00,0.000000000000000e+00,6.526005099397002e-03,9.117957020522345e-04,4.334326109055633e-02,2.849413062736961e-04,nan
1.232500000000000e+02,4.584342712271876e-01,-1.703810086707105e-02,-8.885626104588499e-01,2.051676825237433e-03,5.935388074957941e-03,3.009592703940303e-01,-6.376163366540590e-03,0.000000000000000e+00,0.000000000000000e+00,0.000000000000000e+00,6.526005393830680e-03,9.117299280999310e-04,4.334326350411388e-02,2.849260812259009e-04,nan
1.235000000000000e+02,4.915438133115804e-01,-1.607682237406462e-02,-8.707027760762661e-01,1.700326600003108e-03,5.724960094144279e-03,3.009670999680749e-01,-6.081150849275868e-03,0.000000000000000e+00,0.000000000000000e+00,0.000000000000000e+00,6.526005664064640e-03,9.116661046872940e-04,4.334326575863793e-02,2.849165614080821e-04,nan
1.237500000000000e+02,5.239575491309493e-01,-1.513696344609138e-02,-8.516088058235342e-01,1.341972479144686e-03,5.524315905585467e-03,3.009743020784720e-01,-5.796533937644673e-03,0.000000000000000e+00,0.000000000000000e+00,0.000000000000000e+00,6.526005912036215e-03,9.116045908406027e-04,4.334326785560354e-02,2.849123547645567e-04,nan
1.240000000000000e+02,5.556295582055963e-01,-1.421828556717505e-02,-8.313078104244153e-01,9.791481748610508e-04,5.333113356843841e-03,3.009809260032161e-01,-5.521827269970261e-03,0.000000000000000e+00,0.000000000000000e+00,0.000000000000000e+00,6.526006139530546e-03,9.115457026558895e-04,4.334326979695886e-02,2.849130576232539e-04,nan
1.242500000000000e+02,5.865149735918654e-01,-1.332050559649764e-02,-8.098286069036568e-01,6.142667741638388e-04,5.151026297530246e-03,3.009870170675549e-01,-5.256562263215431e-03,0.000000000000000e+00,0.000000000000000e+00,0.000000000000000e+00,6.526006348192794e-03,9.114897141436210e-04,4.334327158512534e-02,2.849182581243671e-04,nan
1.245000000000000e+02,6.165700450207062e-01,-1.244330060552774e-02,-7.872016778068324e-01,2.496223401283098e-04,4.977744038660781e-03,3.009926169533737e-01,-5.000286332928244e-03,0.000000000000000e+00,0.000000000000000e+00,0.000000000000000e+00,6.526006539539332e-03,9.114368582639594e-04,4.334327322299198e-02,2.849275394463557e-04,nan
1.247500000000000e+02,6.457522004917238e-01,-1.158631236159523e-02,-7.634591280777960e-01,-1.126083813226050e-04,4.812970836405511e-03,3.009977639837867e-01,-4.752562138055368e-03,0.000000000000000e+00,0.000000000000000e+00,0.000000000000000e+00,6.526006714968122e-03,9.113873281294295e-04,4.334327471390459e-02,2.849404828262069e-04,nan
1.250000000000000e+02,6.740201062327076e-01,-1.074915146974977e-02,-7.386346396522986e-01,-4.703641663252838e-04,4.656425399585079e-03,3.010024933848570e-01,-4.512966849624900e-03,0.000000000000000e+00,0.000000000000000e+00,0.000000000000000e+00,6.526006875768257e-03,9.113412783527683e-04,4.334327606165073e-02,2.849566703727215e-04,nan
1.252500000000000e+02,7.013337249371003e-01,-9.931401185041166e-03,-7.127634238298574e-01,-8.216974458738440e-04,4.507840420283898e-03,3.010068375262202e-01,-4.281091442307150e-03,0.000000000000000e+00,0.000000000000000e+00,0.000000000000000e+00,6.526007023128767e-03,9.112988265187231e-04,4.334327727044077e-02,2.849756876733886e-04,nan
1.255000000000000e+02,7.276543721944585e-01,-9.132620907618468e-03,-6.858821714893492e-01,-1.164772381725976e-03,4.366962126963430e-03,3.010108261422405e-01,-4.056540007870872e-03,0.000000000000000e+00,0.000000000000000e+00,0.000000000000000e+00,6.526007158146733e-03,9.112600547597225e-04,4.334327834488603e-02,2.849971261969426e-04,nan
1.257500000000000e+02,7.529447710316458e-01,-8.352349373264555e-03,-6.580290012171067e-01,-1.497862899686066e-03,4.233549859475735e-03,3.010144865352022e-01,-3.838929089563318e-03,0.000000000000000e+00,0.000000000000000e+00,0.000000000000000e+00,6.526007281834794e-03,9.112250114165166e-04,4.334327928997421e-02,2.850205854951683e-04,nan
1.260000000000000e+02,7.771691044853366e-01,-7.590107552166533e-03,-6.292434054194449e-01,-1.819350693626799e-03,4.107375665395648e-03,3.010178437619134e-01,-3.627887036454716e-03,0.000000000000000e+00,0.000000000000000e+00,0.000000000000000e+00,6.526007395128060e-03,9.111937127661634e-04,4.334328011104292e-02,2.850456752087609e-04,nan
1.262500000000000e+02,8.002930661293116e-01,-6.845401268873509e-03,-5.995661944946057e-01,-2.127723212738203e-03,3.988223917109313e-03,3.010209208049910e-01,-3.423053376801178e-03,0.000000000000000e+00,0.000000000000000e+00,0.000000000000000e+00,6.526007498890521e-03,9.111661448010287e-04,4.334328081375158e-02,2.850720168831724e-04,nan
1.265000000000000e+02,8.222839084830729e-01,-6.117723556514560e-03,-5.690394391420176e-01,-2.421571643656066e-03,3.875890949117288e-03,3.010237387299907e-01,-3.224078209494200e-03,0.000000000000000e+00,0.000000000000000e+00,0.000000000000000e+00,6.526007593920933e-03,9.111422650438283e-04,4.334328140405211e-02,2.850992456013270e-04,nan
1.267500000000000e+02,8.431104892314317e-01,-5.406556758443742e-03,-5.377064108895613e-01,-2.699588898318896e-03,3.770184715031557e-03,3.010263168294514e-01,-3.030621612679741e-03,0.000000000000000e+00,0.000000000000000e+00,0.000000000000000e+00,6.526007680958287e-03,9.111220043851026e-04,4.334328188815882e-02,2.851270114408666e-04,nan
1.270000000000000e+02,8.627433151879428e-01,-4.711374390548399e-03,-5.056115209221914e-01,-2.960567617632783e-03,3.670924463767852e-03,3.010286727548335e-01,-2.842353068644846e-03,0.000000000000000e+00,0.000000000000000e+00,0.000000000000000e+00,6.526007760686857e-03,9.111052689308809e-04,4.334328227251793e-02,2.851549807642799e-04,nan
1.272500000000000e+02,8.811545839383774e-01,-4.031642777504515e-03,-4.728002572978043e-01,-3.203398200285416e-03,3.577940434456865e-03,3.010308226372509e-01,-2.658950904085111e-03,0.000000000000000e+00,0.000000000000000e+00,0.000000000000000e+00,6.526007833740894e-03,9.110919418496653e-04,4.334328256377684e-02,2.851828373507351e-04,nan
1.275000000000000e+02,8.983182231038347e-01,-3.366822476290096e-03,-4.393191206386116e-01,-3.427066865343018e-03,3.491073569620920e-03,3.010327811978163e-01,-2.480101744881358e-03,0.000000000000000e+00,0.000000000000000e+00,0.000000000000000e+00,6.526007900708967e-03,9.110818852092297e-04,4.334328276875349e-02,2.852102833788129e-04,nan
1.277500000000000e+02,9.142099271665564e-01,-2.716369500277330e-03,-4.052155583885662e-01,-3.630653756585502e-03,3.410175246185575e-03,3.010345618483543e-01,-2.305499984529024e-03,0.000000000000000e+00,0.000000000000000e+00,0.000000000000000e+00,6.526007962137953e-03,9.110749417950378e-04,4.334328289440583e-02,2.852370402695825e-04,nan
1.280000000000000e+02,9.288071918050884e-01,-2.079736357218068e-03,-3.705378977294810e-01,-3.813331095884601e-03,3.335107023918991e-03,3.010361767831686e-01,-2.134847265378399e-03,0.000000000000000e+00,0.000000000000000e+00,0.000000000000000e+00,6.526008018536812e-03,9.110709369033997e-04,4.334328294780199e-02,2.852628493995427e-04,nan
1.282500000000000e+02,9.420893456890430e-01,-1.456372914417094e-03,-3.353352772504679e-01,-3.974361392305527e-03,3.265740410915232e-03,3.010376370624878e-01,-1.967851971858211e-03,0.000000000000000e+00,0.000000000000000e+00,0.000000000000000e+00,6.526008070380057e-03,9.110696801037216e-04,4.334328293609088e-02,2.852874726929428e-04,nan
1.285000000000000e+02,9.540375796874225e-01,-8.457271043554242e-04,-2.996575774671570e-01,-4.113095713013652e-03,3.201956645761153e-03,3.010389526881604e-01,-1.804228734868857e-03,0.000000000000000e+00,0.000000000000000e+00,0.000000000000000e+00,6.526008118111000e-03,9.110709669654055e-04,4.334328286647344e-02,2.853106931028701e-04,nan
1.287500000000000e+02,9.646349734482140e-01,-2.472454839829430e-04,-2.635553502888439e-01,-4.228972021491979e-03,3.143646496049962e-03,3.010401326721150e-01,-1.643697946544805e-03,0.000000000000000e+00,0.000000000000000e+00,0.000000000000000e+00,6.526008162144789e-03,9.110745807460836e-04,4.334328274617484e-02,2.853323149902419e-04,nan
1.290000000000000e+02,9.738665193107791e-01,3.396263391522799e-04,-2.270797475332536e-01,-4.321513588021749e-03,3.090710072928058e-03,3.010411850980528e-01,-1.485985284598323e-03,0.000000000000000e+00,0.000000000000000e+00,0.000000000000000e+00,6.526008202871230e-03,9.110802940389510e-04,4.334328258241728e-02,2.853521644095092e-04,nan
1.292500000000000e+02,9.817191435164218e-01,9.154434008304452e-04,-1.902824485900076e-01,-4.390327476845522e-03,3.043056661385102e-03,3.010421171767947e-01,-1.330821245468529e-03,0.000000000000000e+00,0.000000000000000e+00,0.000000000000000e+00,6.526008240657487e-03,9.110878703779411e-04,4.334328238239393e-02,2.853700893094509e-04,nan
1.295000000000000e+02,9.881817246864301e-01,1.480761181101033e-03,-1.532155873351209e-01,-4.435103113918114e-03,3.000604566020664e-03,3.010429352956598e-01,-1.177940685510942e-03,0.000000000000000e+00,0.000000000000000e+00,0.000000000000000e+00,6.526008275850566e-03,9.110970658004079e-04,4.334328215324347e-02,2.853859596569283e-04,nan
1.297500000000000e+02,9.932451095408230e-01,2.036135499268890e-03,-1.159316783999545e-01,-4.455610938654445e-03,2.963280972044008e-03,3.010436450622133e-01,-1.027082369473021e-03,0.000000000000000e+00,0.000000000000000e+00,0.000000000000000e+00,6.526008308779699e-03,9.111076303678029e-04,4.334328190202577e-02,2.853996674908842e-04,nan
1.300000000000000e+02,9.969021258350319e-01,2.582122490032136e-03,-7.848354289899075e-02,-4.451701142602760e-03,2.931021821286801e-03,3.010442513426836e-01,-8.779885255107051e-04,0.000000000000000e+00,0.000000000000000e+00,0.000000000000000e+00,6.526008339758595e-03,9.111193096455785e-04,4.334328163569826e-02,2.854111269132354e-04,nan
1.302500000000000e+02,9.991475924957398e-01,3.119278647958331e-03,-4.092423372158618e-02,-4.423302497505642e-03,2.903771703031533e-03,3.010447582953094e-01,-7.304044060096215e-04,0.000000000000000e+00,0.000000000000000e+00,0.000000000000000e+00,6.526008369087594e-03,9.111318461441950e-04,4.334328136109321e-02,2.854202740225896e-04,nan
1.305000000000000e+02,9.999783269411502e-01,3.648160927567898e-03,-3.306960493498824e-03,-4.370421274757877e-03,2.881483759481488e-03,3.010451693988463e-01,-5.840778534823989e-04,0.000000000000000e+00,0.000000000000000e+00,0.000000000000000e+00,6.526008397055699e-03,9.111449807236511e-04,4.334328108489583e-02,2.854270667959870e-04,nan
1.307500000000000e+02,9.993931495750021e-01,4.169326886378439e-03,3.431498568553304e-02,-4.293140257828091e-03,2.864119605720914e-03,3.010454874764285e-01,-4.387588708203753e-04,0.000000000000000e+00,0.000000000000000e+00,0.000000000000000e+00,6.526008423942565e-03,9.111584539644284e-04,4.334328081362305e-02,2.854314849230710e-04,nan
1.310000000000000e+02,9.973928854477172e-01,4.683334858349704e-03,7.188830762155320e-02,-4.191617848778547e-03,2.851649264036887e-03,3.010457147149466e-01,-2.941991951839477e-04,0.000000000000000e+00,0.000000000000000e+00,0.000000000000000e+00,6.526008450020424e-03,9.111720075080780e-04,4.334328055360316e-02,2.854335295962803e-04,nan
1.312500000000000e+02,9.939803630821399e-01,5.190744145256458e-03,1.093597774167085e-01,-4.066087269592984e-03,2.844051112497047e-03,3.010458526800777e-01,-1.501518748208086e-04,0.000000000000000e+00,0.000000000000000e+00,0.000000000000000e+00,6.526008475555930e-03,9.111853853709381e-04,4.334328031095599e-02,2.854332232598295e-04,nan
1.315000000000000e+02,9.891604104654035e-01,5.692115213604442e-03,1.466763117633264e-01,-3.916855858604273e-03,2.841311847700042e-03,3.010459023270672e-01,-6.370848105378731e-06,0.000000000000000e+00,0.000000000000000e+00,0.000000000000000e+00,6.526008500811994e-03,9.111983352346336e-04,4.334328009157375e-02,2.854306093193916e-04,nan
1.317500000000000e+02,9.829398482125323e-01,6.188009884793431e-03,1.837850470350792e-01,-3.744304461900402e-03,2.843426461638100e-03,3.010458640073397e-01,1.373894759041461e-04,0.000000000000000e+00,0.000000000000000e+00,0.000000000000000e+00,6.526008526049577e-03,9.112106097170439e-04,4.334327990110246e-02,2.854257518135589e-04,nan
1.320000000000000e+02,9.753274799114471e-01,6.678991506320509e-03,2.206334140688555e-01,-3.548886919177236e-03,2.850398232633704e-03,3.010457374709821e-01,2.813746360925679e-04,0.000000000000000e+00,0.000000000000000e+00,0.000000000000000e+00,6.526008551529463e-03,9.112219676273961e-04,4.334327974492388e-02,2.854187350473256e-04,nan
1.322500000000000e+02,9.663340796630964e-01,7.165625091906185e-03,2.571692125313988e-01,-3.331129643098262e-03,2.862238730334839e-03,3.010455218651186e-01,4.258305377985316e-04,0.000000000000000e+00,0.000000000000000e+00,0.000000000000000e+00,6.526008577514048e-03,9.112321752089902e-04,4.334327962813795e-02,2.854096631869997e-04,nan
1.325000000000000e+02,9.559723768344589e-01,7.648477418516072e-03,2.933406847653686e-01,-3.091631290813222e-03,2.878967834775824e-03,3.010452157281652e-01,5.710038719094748e-04,0.000000000000000e+00,0.000000000000000e+00,0.000000000000000e+00,6.526008604269140e-03,9.112410073728203e-04,4.334327955554581e-02,2.853986598151743e-04,nan
1.327500000000000e+02,9.442570380461724e-01,8.128117068341672e-03,3.290965890102281e-01,-2.831062525877983e-03,2.900613769533198e-03,3.010448169799270e-01,7.171425352414612e-04,0.000000000000000e+00,0.000000000000000e+00,0.000000000000000e+00,6.526008632065779e-03,9.112482489250294e-04,4.334327953163321e-02,2.853858674436124e-04,nan
1.330000000000000e+02,9.312046464205092e-01,8.605114403895532e-03,3.643862718942547e-01,-2.550165868405386e-03,2.927213149028701e-03,3.010443229074684e-01,8.644960529063928e-04,0.000000000000000e+00,0.000000000000000e+00,0.000000000000000e+00,6.526008661182071e-03,9.112536957907054e-04,4.334327956055445e-02,2.853714469811860e-04,nan
1.332500000000000e+02,9.168336781193621e-01,9.080041464469146e-03,3.991597400950234e-01,-2.249755630859847e-03,2.958811040053908e-03,3.010437301466639e-01,1.013316003371763e-03,0.000000000000000e+00,0.000000000000000e+00,0.000000000000000e+00,6.526008691905088e-03,9.112571562360206e-04,4.334327964611673e-02,2.853555771533280e-04,nan
1.335000000000000e+02,9.011644762057952e-01,9.553471772297260e-03,4.333677310669085e-01,-1.930717936485548e-03,2.995461037613693e-03,3.010430346593024e-01,1.163856446921741e-03,0.000000000000000e+00,0.000000000000000e+00,0.000000000000000e+00,6.526008724532864e-03,9.112584520901279e-04,4.334327979176531e-02,2.853384538688557e-04,nan
1.337500000000000e+02,8.842192218665634e-01,1.002598003686946e-02,4.669617827354877e-01,-1.594010816927780e-03,3.037225355208352e-03,3.010422317055881e-01,1.316374358232957e-03,0.000000000000000e+00,0.000000000000000e+00,0.000000000000000e+00,6.526008759376384e-03,9.112574199675401e-04,4.334328000056900e-02,2.853202895294537e-04,nan
1.340000000000000e+02,8.660219030368017e-01,1.049814174593106e-02,4.998943020602278e-01,-1.240664385167915e-03,3.084174929696933e-03,3.010413158118541e-01,1.471130063783846e-03,0.000000000000000e+00,0.000000000000000e+00,0.000000000000000e+00,6.526008796761725e-03,9.112539124910061e-04,4.334328027520642e-02,2.853013122766433e-04,nan
1.342500000000000e+02,8.465982804718195e-01,1.097053263181976e-02,5.321186323684615e-01,-8.717810794432803e-04,3.136389540907139e-03,3.010402807332668e-01,1.628387684822870e-03,0.000000000000000e+00,0.000000000000000e+00,0.000000000000000e+00,6.526008837032291e-03,9.112477995140626e-04,4.334328061795325e-02,2.852817651706587e-04,nan
1.345000000000000e+02,8.259758513146211e-01,1.144372800189440e-02,5.635891193654365e-01,-4.885359733623729e-04,3.193957946180046e-03,3.010391194112695e-01,1.788415586628252e-03,0.000000000000000e+00,0.000000000000000e+00,0.000000000000000e+00,6.526008880551157e-03,9.112389693415818e-04,4.334328103067017e-02,2.852619052953220e-04,nan
1.347500000000000e+02,8.041838102113698e-01,1.191830192192783e-02,5.942611757271334e-01,-9.217714695231460e-05,3.256978030060853e-03,3.010378239254728e-01,1.951486834800081e-03,0.000000000000000e+00,0.000000000000000e+00,0.000000000000000e+00,6.526008927703538e-03,9.112273299457227e-04,4.334328151479193e-02,2.852420027828154e-04,nan
1.350000000000000e+02,7.812530080305612e-01,1.239482624145835e-02,6.240913441846045e-01,3.159738871123166e-04,3.325556969369974e-03,3.010363854396674e-01,2.117879659334757e-03,0.000000000000000e+00,0.000000000000000e+00,0.000000000000000e+00,6.526008978899408e-03,9.112128101737103e-04,4.334328207131767e-02,2.852223397520817e-04,nan
1.352500000000000e+02,7.572159082451255e-01,1.287386945022538e-02,6.530373590107600e-01,7.345217083531621e-04,3.399811413911880e-03,3.010347941415917e-01,2.287877927241627e-03,0.000000000000000e+00,0.000000000000000e+00,0.000000000000000e+00,6.526009034576320e-03,9.111953609428768e-04,4.334328270080279e-02,2.852032091546021e-04,nan
1.355000000000000e+02,7.321065410400532e-01,1.335599535495543e-02,6.810582058228563e-01,1.161996471177730e-03,3.479867683102394e-03,3.010330391760432e-01,2.461771624472426e-03,0.000000000000000e+00,0.000000000000000e+00,0.000000000000000e+00,6.526009095202390e-03,9.111749564173550e-04,4.334328340335227e-02,2.851849135213524e-04,nan
1.357500000000000e+02,7.059604552114376e-01,1.384176156591609e-02,7.081141796163822e-01,1.596853352725655e-03,3.565861978818391e-03,3.010311085708795e-01,2.639857347945586e-03,0.000000000000000e+00,0.000000000000000e+00,0.000000000000000e+00,6.526009161279452e-03,9.111515951597643e-04,4.334328417861599e-02,2.851677636049385e-04,nan
1.360000000000000e+02,6.788146679260149e-01,1.433171778281981e-02,7.341669409486130e-01,2.037471973738136e-03,3.657940614797197e-03,3.010289891554080e-01,2.822438808459686e-03,0.000000000000000e+00,0.000000000000000e+00,0.000000000000000e+00,6.526009233346541e-03,9.111253012501657e-04,4.334328502578641e-02,2.851520769112468e-04,nan
1.362500000000000e+02,6.507076124134005e-01,1.482640386983778e-02,7.591795701927972e-01,2.482155800892732e-03,3.756260262936362e-03,3.010266664706057e-01,3.009827345303155e-03,0.000000000000000e+00,0.000000000000000e+00,0.000000000000000e+00,6.526009311983529e-03,9.110961253634859e-04,4.334328594359838e-02,2.851381761153402e-04,nan
1.365000000000000e+02,6.216790836662085e-01,1.532634770967827e-02,7.831166197867653e-01,2.929131539641989e-03,3.860988216867799e-03,3.010241246705624e-01,3.202342453380794e-03,0.000000000000000e+00,0.000000000000000e+00,0.000000000000000e+00,6.526009397815093e-03,9.110641457955608e-04,4.334328693033201e-02,2.851263873568983e-04,nan
1.367500000000000e+02,5.917701822261457e-01,1.583206282689631e-02,8.059441644026730e-01,3.376548527212273e-03,3.972302673203558e-03,3.010213464144762e-01,3.400312323691633e-03,0.000000000000000e+00,0.000000000000000e+00,0.000000000000000e+00,6.526009491514960e-03,9.110294694269080e-04,4.334328798381860e-02,2.851170384111841e-04,nan
1.370000000000000e+02,5.610232561369649e-01,1.634404577083334e-02,8.276298489676516e-01,3.822478136059359e-03,4.090393030873669e-03,3.010183127484686e-01,3.604074398007002e-03,0.000000000000000e+00,0.000000000000000e+00,0.000000000000000e+00,6.526009593810531e-03,9.109922326123302e-04,4.334328910145007e-02,2.851104567322998e-04,nan
1.372500000000000e+02,5.294818411478270e-01,1.686277324883907e-02,8.481429344682847e-01,4.264913198740762e-03,4.215460208999481e-03,3.010150029764160e-01,3.813975938612447e-03,0.000000000000000e+00,0.000000000000000e+00,0.000000000000000e+00,6.526009705487807e-03,9.109526019834621e-04,4.334329028019225e-02,2.851069673664188e-04,nan
1.375000000000000e+02,4.971905992531923e-01,1.738869900070663e-02,8.674543414751070e-01,4.701767465851919e-03,4.347716983768588e-03,3.010113945189226e-01,4.030374613991975e-03,0.000000000000000e+00,0.000000000000000e+00,0.000000000000000e+00,6.526009827396757e-03,9.109107751505157e-04,4.334329151660261e-02,2.851068907337611e-04,nan
1.377500000000000e+02,4.641952556577859e-01,1.792225040555527e-02,8.855366913266866e-01,5.130875109384915e-03,4.487388344799844e-03,3.010074627594772e-01,4.253639101348131e-03,0.000000000000000e+00,0.000000000000000e+00,0.000000000000000e+00,6.526009960457124e-03,9.108669812885592e-04,4.334329280685256e-02,2.851105402792010e-04,nan
1.380000000000000e+02,4.305425342575032e-01,1.846382481272926e-02,9.023643449163161e-01,5.549990284604920e-03,4.634711871508745e-03,3.010031808767507e-01,4.484149706866242e-03,0.000000000000000e+00,0.000000000000000e+00,0.000000000000000e+00,6.526010105664683e-03,9.108214815929437e-04,4.334329414675512e-02,2.851182199927361e-04,nan
1.382500000000000e+02,3.962800917293013e-01,1.901378558864555e-02,9.179134390279130e-01,5.956786764301241e-03,4.789938130004829e-03,3.009985196618989e-01,4.722299004645785e-03,0.000000000000000e+00,0.000000000000000e+00,0.000000000000000e+00,6.526010264098006e-03,9.107745695877992e-04,4.334329553179798e-02,2.851302218024305e-04,nan
1.385000000000000e+02,3.614564503251708e-01,1.957245787192203e-02,9.321619201713786e-01,6.348857660057442e-03,4.953331091073099e-03,3.009934473196338e-01,4.968492495235955e-03,0.000000000000000e+00,0.000000000000000e+00,0.000000000000000e+00,6.526010436925854e-03,9.107265712709358e-04,4.334329695718300e-02,2.851468228439901e-04,nan
1.387500000000000e+02,3.261209294671951e-01,2.014012402955384e-02,9.450895758714184e-01,6.723715245998231e-03,5.125168569811066e-03,3.009879292517154e-01,5.223149284725772e-03,0.000000000000000e+00,0.000000000000000e+00,0.000000000000000e+00,6.526010625415085e-03,9.106778450780142e-04,4.334329841787200e-02,2.851682826127436e-04,nan
1.390000000000000e+02,2.903235762424836e-01,2.071701880738087e-02,9.566780633676539e-01,7.078790901310293e-03,5.305742687511310e-03,3.009819278214027e-01,5.486702785351515e-03,0.000000000000000e+00,0.000000000000000e+00,0.000000000000000e+00,6.526010830939324e-03,9.106287816485519e-04,4.334329990863996e-02,2.851948400055696e-04,nan
1.392500000000000e+02,2.541150948983851e-01,2.130332416860855e-02,9.669109356877684e-01,7.411435188699700e-03,5.495360356396367e-03,3.009754020972698e-01,5.759601438595155e-03,0.000000000000000e+00,0.000000000000000e+00,0.000000000000000e+00,6.526011054988279e-03,9.105798033760806e-04,4.334330142413550e-02,2.852267102621222e-04,nan
1.395000000000000e+02,2.175467754398789e-01,2.189916381470865e-02,9.757736650594215e-01,7.718918086840003e-03,5.694343787827939e-03,3.009683075746595e-01,6.042309461756795e-03,0.000000000000000e+00,0.000000000000000e+00,0.000000000000000e+00,6.526011299177905e-03,9.105313637247742e-04,4.334330295894976e-02,2.852640818166432e-04,nan
1.397500000000000e+02,1.806704214323666e-01,2.250459738364206e-02,9.832536636307296e-01,7.998429395782469e-03,5.903031024625534e-03,3.009605958728944e-01,6.335307618991150e-03,0.000000000000000e+00,0.000000000000000e+00,0.000000000000000e+00,6.526011565261389e-03,9.104839462949529e-04,4.334330450769378e-02,2.853071130736432e-04,nan
1.400000000000000e+02,1.435382771142668e-01,2.311961432101299e-02,9.893403014732360e-01,8.247079335242833e-03,6.121776498140294e-03,3.009522144062066e-01,6.639094017802707e-03,0.000000000000000e+00,0.000000000000000e+00,0.000000000000000e+00,6.526011855141079e-03,9.104380636201960e-04,4.334330606508501e-02,2.853559291228177e-04,nan
1.402500000000000e+02,1.062029539248328e-01,2.374412742048934e-02,9.940249218455026e-01,8.461899356646915e-03,6.350951610737629e-03,3.009431060261696e-01,6.954184931995338e-03,0.000000000000000e+00,0.000000000000000e+00,0.000000000000000e+00,6.526012170881406e-03,9.103942556792446e-04,4.334330762604342e-02,2.854106184106647e-04,nan
1.405000000000000e+02,6.871735655347283e-02,2.437796603060980e-02,9.973008536997005e-01,8.639843190810027e-03,6.590945344346614e-03,3.009332086332304e-01,7.281115652069769e-03,0.000000000000000e+00,0.000000000000000e+00,0.000000000000000e+00,6.526012514722938e-03,9.103530881065947e-04,4.334330918579788e-02,2.854712293884589e-04,nan
1.407500000000000e+02,3.113460861754086e-02,2.502086892594967e-02,9.991634214179099e-01,8.777788154141772e-03,6.842164895734542e-03,3.009224547547328e-01,7.620441364055079e-03,0.000000000000000e+00,0.000000000000000e+00,0.000000000000000e+00,6.526012889097594e-03,9.103151500865674e-04,4.334331074000299e-02,2.855377671584175e-04,nan
1.410000000000000e+02,-6.492021923907365e-03,2.567247684153667e-02,9.996099517691915e-01,8.872536737307349e-03,7.105036339160792e-03,3.009107710866034e-01,7.972738057748088e-03,0.000000000000000e+00,0.000000000000000e+00,0.000000000000000e+00,6.526013296645180e-03,9.102810519167004e-04,4.334331228486722e-02,2.856101901421021e-04,nan
1.412500000000000e+02,-4.410919751254944e-02,2.633232467040402e-02,9.986397780829269e-01,8.920818501338395e-03,7.380005317054615e-03,3.008980779956314e-01,8.338603465315583e-03,0.000000000000000e+00,0.000000000000000e+00,0.000000000000000e+00,6.526013740231292e-03,9.102514222277278e-04,4.334331381729237e-02,2.856884067973007e-04,nan
1.415000000000000e+02,-8.166358578140501e-02,2.699983332524031e-02,9.962542416383831e-01,8.919292307269374e-03,7.667537759345503e-03,3.008842889790183e-01,8.718658031188344e-03,0.000000000000000e+00,0.000000000000000e+00,0.000000000000000e+00,6.526014222966769e-03,9.102269048489300e-04,4.334331533502522e-02,2.857722724118108e-04,nan
1.417500000000000e+02,-1.191019342856079e-01,2.767430126625278e-02,9.924566902749642e-01,8.864548906478000e-03,7.968120632051717e-03,3.008693100775912e-01,9.113545914141024e-03,0.000000000000000e+00,0.000000000000000e+00,0.000000000000000e+00,6.526014748228812e-03,9.102081553094553e-04,4.334331683682155e-02,2.858615860046778e-04,nan
1.420000000000000e+02,-1.563711450655224e-01,2.835489569860753e-02,9.872524742321599e-01,8.753113920029589e-03,8.282262715701089e-03,3.008530392387735e-01,9.523936022407403e-03,0.000000000000000e+00,0.000000000000000e+00,0.000000000000000e+00,6.526015319683849e-03,9.101958369682788e-04,4.334331832262300e-02,2.859560873675011e-04,nan
1.422500000000000e+02,-1.934183489347691e-01,2.904064344415157e-02,9.806489392327785e-01,8.581451236462848e-03,8.610495414117113e-03,3.008353656250838e-01,9.950523082624160e-03,0.000000000000000e+00,0.000000000000000e+00,0.000000000000000e+00,6.526015941312430e-03,9.101906167678083e-04,4.334331979374724e-02,2.860554542804290e-04,nan
1.425000000000000e+02,-2.301909793862980e-01,2.973042149356380e-02,9.726554168276589e-01,8.345966858607569e-03,8.953373594051172e-03,3.008161688635780e-01,1.039402874332685e-02,0.000000000000000e+00,0.000000000000000e+00,0.000000000000000e+00,6.526016617436146e-03,9.101931606086405e-04,4.334332125309161e-02,2.861592999393023e-04,nan
1.427500000000000e+02,-2.666368460104285e-01,3.042294724663220e-02,9.632832120246893e-01,8.043013231190272e-03,9.311476456076877e-03,3.007953182312754e-01,1.085520271363683e-02,0.000000000000000e+00,0.000000000000000e+00,0.000000000000000e+00,6.526017352746872e-03,9.102041283458463e-04,4.334332270535066e-02,2.862671706321877e-04,nan
1.430000000000000e+02,-3.027042073197510e-01,3.111676845001933e-02,9.525455882296163e-01,7.668894082160271e-03,9.685408437083100e-03,3.007726717712015e-01,1.133482393767552e-02,0.000000000000000e+00,0.000000000000000e+00,0.000000000000000e+00,6.526018152338513e-03,9.102241684102311e-04,4.334332415724807e-02,2.863785437050801e-04,nan
1.432500000000000e+02,-3.383418428769858e-01,3.181025284366430e-02,9.404577495307948e-01,7.219869811853240e-03,1.007580014460621e-02,3.007480753332382e-01,1.183370180511978e-02,0.000000000000000e+00,0.000000000000000e+00,0.000000000000000e+00,6.526019021741424e-03,9.102539120613267e-04,4.334332561778294e-02,2.864928258580024e-04,nan
1.435000000000000e+02,-3.734991246232948e-01,3.250157752888524e-02,9.270368203647146e-01,6.692163465298966e-03,1.048330932312699e-02,3.007213615335003e-01,1.235267739816631e-02,0.000000000000000e+00,0.000000000000000e+00,0.000000000000000e+00,6.526019966959725e-03,9.102939672823932e-04,4.334332709849083e-02,2.866093518138793e-04,nan
1.437500000000000e+02,-4.081260873061905e-01,3.318871807330168e-02,9.123018226038235e-01,6.081967324172185e-03,1.090862185232085e-02,3.006923486254504e-01,1.289262477500126e-02,0.000000000000000e+00,0.000000000000000e+00,0.000000000000000e+00,6.526020994511817e-03,9.103449123316585e-04,4.334332861371988e-02,2.867273834035388e-04,nan
1.440000000000000e+02,-4.421734979080390e-01,3.386943736989664e-02,8.962736501128616e-01,5.385450156076003e-03,1.135245277708868e-02,3.006608392754163e-01,1.345445228966899e-02,0.000000000000000e+00,0.000000000000000e+00,0.000000000000000e+00,6.526022111474275e-03,9.104072889678588e-04,4.334333018092194e-02,2.868461091108756e-04,nan
1.442500000000000e+02,-4.755929239782748e-01,3.454127426989925e-02,8.789750408246011e-01,4.598765160032957e-03,1.181554736900582e-02,3.006266192345882e-01,1.403910394799741e-02,0.000000000000000e+00,0.000000000000000e+00,0.000000000000000e+00,6.526023325529515e-03,9.104815953725984e-04,4.334333182095935e-02,2.869646441226055e-04,nan
1.445000000000000e+02,-5.083368007747953e-01,3.520153201169510e-02,8.604305463905638e-01,3.718058648234681e-03,1.229868221860527e-02,3.005894558989436e-01,1.464756079896240e-02,0.000000000000000e+00,0.000000000000000e+00,0.000000000000000e+00,6.526024645017380e-03,9.105682787963776e-04,4.334333355842680e-02,2.870820309270972e-04,nan
1.447500000000000e+02,-5.403584971226175e-01,3.584726647067954e-02,8.406664994669447e-01,2.739479505262610e-03,1.280266635765337e-02,3.005490967478791e-01,1.528084236055405e-02,0.000000000000000e+00,0.000000000000000e+00,0.000000000000000e+00,6.526026078991167e-03,9.106677279598481e-04,4.334333542198936e-02,2.871972405065265e-04,nan
1.450000000000000e+02,-5.716123799007750e-01,3.647527425786938e-02,8.197109787006013e-01,1.659189467133433e-03,1.332834241027707e-02,3.005052676516001e-01,1.594000807883758e-02,0.000000000000000e+00,0.000000000000000e+00,0.000000000000000e+00,6.526027637278303e-03,9.107802652466501e-04,4.334333744473592e-02,2.873091741658906e-04,nan
1.452500000000000e+02,-6.020538770715843e-01,3.708208069819452e-02,7.975937714845652e-01,4.733742636381441e-04,1.387658777145618e-02,3.004576710365580e-01,1.662615881847538e-02,0.000000000000000e+00,0.000000000000000e+00,0.000000000000000e+00,6.526029330546092e-03,9.109061387291533e-04,4.334333966454867e-02,2.874166660414182e-04,nan
1.455000000000000e+02,-6.316395391698855e-01,3.766392772272040e-02,7.743463345570933e-01,-8.217443314749220e-04,1.444831581099586e-02,3.004059838974014e-01,1.734043838248493e-02,0.000000000000000e+00,0.000000000000000e+00,0.000000000000000e+00,6.526031170373008e-03,9.110455140735665e-04,4.334334212448872e-02,2.875184863293354e-04,nan
1.457500000000000e+02,-6.603270991736178e-01,3.821676171261786e-02,7.500017525227718e-01,-2.229895496882653e-03,1.504447710063598e-02,3.003498556430378e-01,1.808403505844412e-02,0.000000000000000e+00,0.000000000000000e+00,0.000000000000000e+00,6.526033169325910e-03,9.111984663759465e-04,4.334334487319778e-02,2.876133452740627e-04,nan
1.460000000000000e+02,-6.880755306811854e-01,3.873622133651983e-02,7.245946943786260e-01,-3.754745360055748e-03,1.566606066142878e-02,3.002889057634738e-01,1.885818318770778e-02,0.000000000000000e+00,0.000000000000000e+00,0.000000000000000e+00,6.526035341043662e-03,9.113649719860224e-04,4.334334796531630e-02,2.876998979524333e-04,nan
1.462500000000000e+02,-7.148451043254909e-01,3.921762542700464e-02,6.981613681325495e-01,-5.399881946106073e-03,1.631409522791463e-02,3.002227213031280e-01,1.966416475346114e-02,0.000000000000000e+00,0.000000000000000e+00,0.000000000000000e+00,6.526037700327728e-03,9.115449003809288e-04,4.334335146191794e-02,2.877767498875449e-04,nan
1.465000000000000e+02,-7.405974423592933e-01,3.965596094634059e-02,6.707394736056260e-01,-7.168799030751622e-03,1.698965052493815e-02,3.001508541252710e-01,2.050331098259076e-02,0.000000000000000e+00,0.000000000000000e+00,0.000000000000000e+00,6.526040263240183e-03,9.117380061562243e-04,4.334335543096094e-02,2.878424635224216e-04,nan
1.467500000000000e+02,-7.652955713517042e-01,4.004587109634696e-02,6.423681535140652e-01,-9.064878848271821e-03,1.769383855216373e-02,3.000728179511622e-01,2.137700395539199e-02,0.000000000000000e+00,0.000000000000000e+00,0.000000000000000e+00,6.526043047209894e-03,9.119439212068650e-04,4.334335994775639e-02,2.878955655795227e-04,nan
1.470000000000000e+02,-7.889039729411713e-01,4.038164363229171e-02,6.130879429305000e-01,-1.109137360466403e-02,1.842781487045670e-02,2.999880851563105e-01,2.228667821603712e-02,0.000000000000000e+00,0.000000000000000e+00,0.000000000000000e+00,6.526046071147327e-03,9.121621471758258e-04,4.334336509545382e-02,2.879345553275785e-04,nan
1.472500000000000e+02,-8.113886325962613e-01,4.065719944618902e-02,5.829407172282456e-01,-1.325138574567333e-02,1.919277988328320e-02,2.998960833050930e-01,2.323382237548479e-02,0.000000000000000e+00,0.000000000000000e+00,0.000000000000000e+00,6.526049355568750e-03,9.123920482531211e-04,4.334337096554439e-02,2.879579137719528e-04,nan
1.475000000000000e+02,-8.327170863419390e-01,4.086608149070935e-02,5.519696386158025e-01,-1.554784692897391e-02,1.998998010513100e-02,2.997961914037328e-01,2.421998069710089e-02,0.000000000000000e+00,0.000000000000000e+00,0.000000000000000e+00,6.526052922730566e-03,9.126328444127626e-04,4.334337765838240e-02,2.879641137789200e-04,nan
1.477500000000000e+02,-8.528584654158925e-01,4.100144412120659e-02,5.202191013723418e-01,-1.798349564955723e-02,2.082070940765043e-02,2.996877358503511e-01,2.524675465366350e-02,0.000000000000000e+00,0.000000000000000e+00,0.000000000000000e+00,6.526056796774444e-03,9.128836051797845e-04,4.334338528372533e-02,2.879516311377224e-04,nan
1.480000000000000e+02,-8.717835388267762e-01,4.105604294013507e-02,4.877346758981304e-01,-2.056085346735911e-02,2.168631023274082e-02,2.995699860595051e-01,2.631580444261834e-02,0.000000000000000e+00,0.000000000000000e+00,0.000000000000000e+00,6.526061003884161e-03,9.131432440236591e-04,4.334339396129341e-02,2.879189565572076e-04,nan
1.482500000000000e+02,-8.894647537940793e-01,4.102222523541822e-02,4.545630516967697e-01,-2.328219978636987e-02,2.258817476014289e-02,2.994421497372827e-01,2.742885044441101e-02,0.000000000000000e+00,0.000000000000000e+00,0.000000000000000e+00,6.526065572454959e-03,9.134105134783965e-04,4.334340382134948e-02,2.878646085861069e-04,nan
1.485000000000000e+02,-9.058762740576981e-01,4.089192111218038e-02,4.207519794086922e-01,-2.614954513495845e-02,2.352774601522078e-02,2.993033677816855e-01,2.858767460642332e-02,0.000000000000000e+00,0.000000000000000e+00,0.000000000000000e+00,6.526070533276323e-03,9.136840010931470e-04,4.334341500529975e-02,2.877871474375152e-04,nan
1.487500000000000e+02,-9.209940160542038e-01,4.065663542571187e-02,3.863502120175614e-01,-2.916460289795018e-02,2.450651890050414e-02,2.991527087816937e-01,2.979412173245207e-02,0.000000000000000e+00,0.000000000000000e+00,0.000000000000000e+00,6.526075919729159e-03,9.139621263200038e-04,4.334342766631723e-02,2.876851896892066e-04,nan
1.490000000000000e+02,-9.347956829663101e-01,4.030744063265648e-02,3.514074453529369e-01,-3.232875945218289e-02,2.552604113218545e-02,2.989891630871009e-01,3.105010065475968e-02,0.000000000000000e+00,0.000000000000000e+00,0.000000000000000e+00,6.526081767998344e-03,9.142431384482854e-04,4.334344196998835e-02,2.875574238216142e-04,nan
1.492500000000000e+02,-9.472607966621491e-01,3.983497068724168e-02,3.159742580137717e-01,-3.564304265889132e-02,2.658791406010304e-02,2.988116364199556e-01,3.235758526246264e-02,0.000000000000000e+00,0.000000000000000e+00,0.000000000000000e+00,6.526088117301737e-03,9.145251156963580e-04,4.334345809498495e-02,2.874026265450005e-04,nan
1.495000000000000e+02,-9.583707275517085e-01,3.922941611997392e-02,2.801020508379023e-01,-3.910808866840788e-02,2.769379334675480e-02,2.986189429972811e-01,3.371861535636737e-02,0.000000000000000e+00,0.000000000000000e+00,0.000000000000000e+00,6.526095010136642e-03,9.148059655731726e-04,4.334347623376252e-02,2.872196798563986e-04,nan
1.497500000000000e+02,-9.681087223991729e-01,3.848052044765359e-02,2.438429860425842e-01,-4.272410699540634e-02,2.884538947755040e-02,2.984097981337152e-01,3.513529729627774e-02,0.000000000000000e+00,0.000000000000000e+00,0.000000000000000e+00,6.526102492545037e-03,9.150834266219885e-04,4.334349659328747e-02,2.870075887552428e-04,nan
1.500000000000000e+02,-9.764599301419685e-01,3.757757807588873e-02,2.072499261601945e-01,-4.649084382635089e-02,3.004446807078625e-02,2.981828102918420e-01,3.660980440223777e-02,0.000000000000000e+00,0.000000000000000e+00,0.000000000000000e+00,6.526110614398437e-03,9.153550716583931e-04,4.334351939579426e-02,2.867654995345552e-04,nan
1.502500000000000e+02,-9.834114257800430e-01,3.650943386856919e-02,1.703763728913971e-01,-5.040754352506339e-02,3.129284995168115e-02,2.979364725473769e-01,3.814437706609784e-02,0.000000000000000e+00,0.000000000000000e+00,0.000000000000000e+00,6.526119429703922e-03,9.156183126130436e-04,4.334354487957597e-02,2.864927185516523e-04,nan
1.505000000000000e+02,-9.889522324123329e-01,3.526448457306501e-02,1.332764059951337e-01,-5.447290830751846e-02,3.259241095020519e-02,2.976691534360256e-01,3.974132252415376e-02,0.000000000000000e+00,0.000000000000000e+00,0.000000000000000e+00,6.526128996932203e-03,9.158704070872338e-04,4.334357329980960e-02,2.861887313693057e-04,nan
1.507500000000000e+02,-9.930733415114664e-01,3.383068230530485e-02,9.600462233069024e-02,-5.868505606327272e-02,3.394508137733139e-02,2.973790871489127e-01,4.140301423536025e-02,0.000000000000000e+00,0.000000000000000e+00,0.000000000000000e+00,6.526139379369087e-03,9.161084667255945e-04,4.334360492941907e-02,2.858532221442883e-04,nan
1.510000000000000e+02,-9.957677315425001e-01,3.219554031542518e-02,5.861607516155496e-02,-6.304147630850661e-02,3.535284512870011e-02,2.970643630440135e-01,4.313189080271688e-02,0.000000000000000e+00,0.000000000000000e+00,0.000000000000000e+00,6.526150645491487e-03,9.163294675055167e-04,4.334364005997882e-02,2.854860931262622e-04,nan
1.512500000000000e+02,-9.970303850468826e-01,3.034614127242565e-02,2.116621382368541e-02,-6.753898426471097e-02,3.681773835847392e-02,2.967229144421639e-01,4.493045436781921e-02,0.000000000000000e+00,0.000000000000000e+00,0.000000000000000e+00,6.526162869369088e-03,9.165302620365154e-04,4.334367900266045e-02,2.850874841152787e-04,nan
1.515000000000000e+02,-9.968583043287953e-01,2.826914832526114e-02,-1.628917614811521e-02,-7.217367306781110e-02,3.834184765933889e-02,2.963525066780921e-01,4.680126840021688e-02,0.000000000000000e+00,0.000000000000000e+00,0.000000000000000e+00,6.526176131092694e-03,9.167075939552159e-04,4.334372208922536e-02,2.846577917112909e-04,nan
1.517500000000000e+02,-9.952505258974984e-01,2.595081921808760e-02,-5.369403235296614e-02,-7.694086412525898e-02,3.992730767714633e-02,2.959507243796777e-01,4.874695479408599e-02,0.000000000000000e+00,0.000000000000000e+00,0.000000000000000e+00,6.526190517230334e-03,9.168581144924008e-04,4.334376967306631e-02,2.841976881740418e-04,nan
1.520000000000000e+02,-9.922081338361853e-01,2.337702375897842e-02,-9.099207424634688e-02,-8.183505565363854e-02,4.157629808056072e-02,2.955149579524605e-01,5.077019017477303e-02,0.000000000000000e+00,0.000000000000000e+00,0.000000000000000e+00,6.526206121311811e-03,9.169784012776742e-04,4.334382213030017e-02,2.837081396962841e-04,nan
1.522500000000000e+02,-9.877342722849826e-01,2.053326496433424e-02,-1.281268611986090e-01,-8.684986944695396e-02,4.329103979726696e-02,2.950423892515299e-01,5.287370130697993e-02,0.000000000000000e+00,0.000000000000000e+00,0.000000000000000e+00,6.526223044342427e-03,9.170649794347113e-04,4.334387986091474e-02,2.831904238781114e-04,nan
1.525000000000000e+02,-9.818341572429753e-01,1.740470422539468e-02,-1.650418498547777e-01,-9.197799594640112e-02,4.507379041878887e-02,2.945299764295357e-01,5.506025948472951e-02,0.000000000000000e+00,0.000000000000000e+00,0.000000000000000e+00,6.526241395346314e-03,9.171143450053343e-04,4.334394328997144e-02,2.826461461748176e-04,nan
1.527500000000000e+02,-9.745150879112134e-01,1.397619086865044e-02,-2.016804507829543e-01,-9.721113770647451e-02,4.692683866578929e-02,2.939744379579668e-01,5.733267377078798e-02,0.000000000000000e+00,0.000000000000000e+00,0.000000000000000e+00,6.526261291939423e-03,9.171229907241696e-04,4.334401286886539e-02,2.820772550757461e-04,nan
1.530000000000000e+02,-9.657864578153152e-01,1.023229650842942e-02,-2.379860844243863e-01,-1.025399513802256e-01,4.885249779489447e-02,2.933722358293419e-01,5.969378293996602e-02,0.000000000000000e+00,0.000000000000000e+00,0.000000000000000e+00,6.526282860931872e-03,9.170874341468118e-04,4.334408907664351e-02,2.814860557568495e-04,nan
1.532500000000000e+02,-9.556597659621384e-01,6.157354617307614e-03,-2.739022363880925e-01,-1.079539883788876e-01,5.085309781666499e-02,2.927195579609033e-01,6.214644596674242e-02,0.000000000000000e+00,0.000000000000000e+00,0.000000000000000e+00,6.526306238959076e-03,9.170042481131415e-04,4.334417242138074e-02,2.808752219356364e-04,nan
1.535000000000000e+02,-9.441486282996215e-01,1.735505768011369e-03,-3.093725121672400e-01,-1.134416343985013e-01,5.293097638241958e-02,2.920122998361709e-01,6.469353088306669e-02,0.000000000000000e+00,0.000000000000000e+00,0.000000000000000e+00,6.526331573140164e-03,9.168700935040623e-04,4.334426344161224e-02,2.802478056436303e-04,nan
1.537500000000000e+02,-9.312687897617202e-01,-3.049250971223221e-03,-3.443406913937003e-01,-1.189900480492533e-01,5.508846818533666e-02,2.912460454397496e-01,6.733790181716502e-02,0.000000000000000e+00,0.000000000000000e+00,0.000000000000000e+00,6.526359021761918e-03,9.166817542234007e-04,4.334436270781920e-02,2.796072446193498e-04,nan
1.540000000000000e+02,-9.170381371907806e-01,-8.212999977761539e-03,-3.787507817918275e-01,-1.245850988726492e-01,5.732789270880147e-02,2.904160475635278e-01,7.008240400892637e-02,0.000000000000000e+00,0.000000000000000e+00,0.000000000000000e+00,6.526388754985223e-03,9.164361743081140e-04,4.334447082396198e-02,2.789573670133882e-04,nan
1.542500000000000e+02,-9.014767134368579e-01,-1.377184381478037e-02,-4.125470730429046e-01,-1.302113050881328e-01,5.965154014258441e-02,2.895172075893932e-01,7.292984658228711e-02,0.000000000000000e+00,0.000000000000000e+00,0.000000000000000e+00,6.526420955570510e-03,9.161304970375698e-04,4.334458842905413e-02,2.783023930879730e-04,nan
1.545000000000000e+02,-8.846067329365253e-01,-1.974183020749521e-02,-4.456741908283575e-01,-1.358517714750694e-01,6.206165527545728e-02,2.885440548853194e-01,7.588298284037225e-02,0.000000000000000e+00,0.000000000000000e+00,0.000000000000000e+00,6.526455819617117e-03,9.157621058782624e-04,4.334471619876556e-02,2.776469335854614e-04,nan
1.547500000000000e+02,-8.664525990714841e-01,-2.613887066918706e-02,-4.780771513830683e-01,-1.414881278689488e-01,6.456041916169983e-02,2.874907259887419e-01,7.894448783549624e-02,0.000000000000000e+00,0.000000000000000e+00,0.000000000000000e+00,6.526493557310436e-03,9.153286670618814e-04,4.334485484704122e-02,2.769959844353478e-04,nan
1.550000000000000e+02,-8.470409235985539e-01,-3.297865017146136e-02,-5.097014169602555e-01,-1.471004688329879e-01,6.714992834914874e-02,2.863509437940752e-01,8.211693295413108e-02,0.000000000000000e+00,0.000000000000000e+00,0.000000000000000e+00,6.526534393669102e-03,9.148281735534341e-04,4.334500512771671e-02,2.763549174669045e-04,nan
1.552500000000000e+02,-8.264005484258539e-01,-4.027652723909345e-02,-5.404929526866196e-01,-1.526672951588057e-01,6.983217144865225e-02,2.851179970105939e-01,8.540275724741532e-02,0.000000000000000e+00,0.000000000000000e+00,0.000000000000000e+00,6.526578569282676e-03,9.142589901217670e-04,4.334516783610722e-02,2.757294667955477e-04,nan
1.555000000000000e+02,-8.045625699835746e-01,-4.804742384280177e-02,-5.703982853708035e-01,-1.581654579531920e-01,7.260900281981646e-02,2.837847202132303e-01,8.880423523168364e-02,0.000000000000000e+00,0.000000000000000e+00,0.000000000000000e+00,6.526626341028317e-03,9.136198991764009e-04,4.334534381054112e-02,2.751257105563327e-04,nan
1.557500000000000e+02,-7.815603663996826e-01,-5.630570446547920e-02,-5.993645649195463e-01,-1.635701061827707e-01,7.548211314673083e-02,2.823434748725608e-01,9.232344088203187e-02,0.000000000000000e+00,0.000000000000000e+00,0.000000000000000e+00,6.526677982752548e-03,9.129101469839557e-04,4.334553393380185e-02,2.745500476676599e-04,nan
1.560000000000000e+02,-7.574296276391527e-01,-6.506504373133444e-02,-6.273396291137592e-01,-1.688546386750016e-01,7.845299668109178e-02,2.807861318217142e-01,9.596220754649482e-02,0.000000000000000e+00,0.000000000000000e+00,0.000000000000000e+00,6.526733785901885e-03,9.121294898226124e-04,4.334573913443564e-02,2.740091693238028e-04,nan
1.562500000000000e+02,-7.322083886974549e-01,-7.433828201599671e-02,-6.542720726003761e-01,-1.739906617126200e-01,8.152291494014684e-02,2.791040556972668e-01,9.972208352066210e-02,0.000000000000000e+00,0.000000000000000e+00,0.000000000000000e+00,6.526794060082948e-03,9.112782395761503e-04,4.334596038787298e-02,2.735100249364819e-04,nan
1.565000000000000e+02,-7.059370658525345e-01,-8.413726850231876e-02,-6.801113210639743e-01,-1.789479535091113e-01,8.469285666472526e-02,2.772880919783376e-01,1.036042830443931e-01,0.000000000000000e+00,0.000000000000000e+00,0.000000000000000e+00,6.526859133529848e-03,9.103573082089502e-04,4.334619871730350e-02,2.730597822750242e-04,nan
1.567500000000000e+02,-6.786584958716483e-01,-9.447269121524672e-02,-7.048077116531102e-01,-1.836944370145355e-01,8.796349387007141e-02,2.753285573426187e-01,1.076096325158923e-01,0.000000000000000e+00,0.000000000000000e+00,0.000000000000000e+00,6.526929353453021e-03,9.093682505016288e-04,4.334645519423277e-02,2.726657815921504e-04,nan
1.570000000000000e+02,-6.504179779373829e-01,-1.053538936640491e-01,-7.283125808476255e-01,-1.881961626727320e-01,9.133513386124845e-02,2.732152341591557e-01,1.117385117662030e-01,0.000000000000000e+00,0.000000000000000e+00,0.000000000000000e+00,6.527005086240209e-03,9.083133043637139e-04,4.334673093863932e-02,2.723354835695987e-04,nan
1.572500000000000e+02,-6.212633178980815e-01,-1.167886778461987e-01,-7.505783610617073e-01,-1.924173029307023e-01,9.480766713771116e-02,2.709373700439220e-01,1.159907903018415e-01,0.000000000000000e+00,0.000000000000000e+00,0.000000000000000e+00,6.527086717476418e-03,9.071954279759945e-04,4.334702711863797e-02,2.720764109755674e-04,nan
1.575000000000000e+02,-5.912448742590461e-01,-1.287830935294635e-01,-7.715586873791029e-01,-1.963201604859317e-01,9.838051118059613e-02,2.684836835135654e-01,1.203657585076846e-01,0.000000000000000e+00,0.000000000000000e+00,0.000000000000000e+00,6.527174651745736e-03,9.060183329523963e-04,4.334734494954368e-02,2.718960839958422e-04,nan
1.577500000000000e+02,-5.604156051097718e-01,-1.413412139327539e-01,-7.912085159064902e-01,-1.998651924435892e-01,1.020525502037773e-01,2.658423768822457e-01,1.248620539093238e-01,0.000000000000000e+00,0.000000000000000e+00,0.000000000000000e+00,6.527269312174054e-03,9.047865126507598e-04,4.334768569221786e-02,2.718019492834295e-04,nan
1.580000000000000e+02,-5.288311149271123e-01,-1.544648981776112e-01,-8.094842553022639e-01,-2.030110527376945e-01,1.058220710582213e-01,2.630011576523756e-01,1.294775827268796e-01,0.000000000000000e+00,0.000000000000000e+00,0.000000000000000e+00,6.527371139667774e-03,9.035052647057631e-04,4.334805065056647e-02,2.718013028686888e-04,nan
1.582500000000000e+02,-4.965496999034258e-01,-1.681535411864439e-01,-8.263439130833719e-01,-2.057146553416592e-01,1.096866956109549e-01,2.599472697473488e-01,1.342094371135668e-01,0.000000000000000e+00,0.000000000000000e+00,0.000000000000000e+00,6.527480591800298e-03,9.021807068075004e-04,4.334844116804893e-02,2.719012071845995e-04,nan
1.585000000000000e+02,-4.636323901222520e-01,-1.824038120658726e-01,-8.417472583233793e-01,-2.079312609456306e-01,1.136433100770300e-01,2.566675360167185e-01,1.390538086645527e-01,0.000000000000000e+00,0.000000000000000e+00,0.000000000000000e+00,6.527598141294850e-03,9.008197847091039e-04,4.334885862304579e-02,2.721084025903834e-04,nan
1.587500000000000e+02,-4.301429865431892e-01,-1.972093824382234e-01,-8.556560023203982e-01,-2.096145899004060e-01,1.176879919667117e-01,2.531484135041852e-01,1.440058990066662e-01,0.000000000000000e+00,0.000000000000000e+00,0.000000000000000e+00,6.527724274050292e-03,8.994302714191646e-04,4.334930442292674e-02,2.724292139219652e-04,nan
1.590000000000000e+02,-3.961480903656234e-01,-2.125606466744229e-01,-8.680339987223107e-01,-2.107169643079941e-01,1.218159355213945e-01,2.493760629970667e-01,1.490598285381171e-01,0.000000000000000e+00,0.000000000000000e+00,0.000000000000000e+00,6.527859486655426e-03,8.980207565236556e-04,4.334977999665576e-02,2.728694527600876e-04,nan
1.592500000000000e+02,-3.617171219234051e-01,-2.284444365385367e-01,-8.788474644361586e-01,-2.111894821627581e-01,1.260213767499822e-01,2.453364343621938e-01,1.542085446789765e-01,0.000000000000000e+00,0.000000000000000e+00,0.000000000000000e+00,6.528004283337590e-03,8.966006245913066e-04,4.335028678576999e-02,2.734343162840984e-04,nan
1.595000000000000e+02,-3.269223258280382e-01,-2.448437333765973e-01,-8.880652224051401e-01,-2.109822263981144e-01,1.302975194406500e-01,2.410153691056093e-01,1.594437313152924e-01,0.000000000000000e+00,0.000000000000000e+00,0.000000000000000e+00,6.528159172294065e-03,8.951800216508952e-04,4.335082623357585e-02,2.741282837727013e-04,nan
1.597500000000000e+02,-2.918387586385507e-01,-2.617373816654511e-01,-8.956589669965402e-01,-2.100445115538948e-01,1.346364638070667e-01,2.363987214592218e-01,1.647557214675278e-01,0.000000000000000e+00,0.000000000000000e+00,0.000000000000000e+00,6.528324661359271e-03,8.937698087941280e-04,4.335139977241839e-02,2.749550120181733e-04,nan
1.600000000000000e+02,-2.565442549079228e-01,-2.790998084720302e-01,-9.016035522936644e-01,-2.083251705292969e-01,1.390291397269207e-01,2.314724990832879e-01,1.701334155796841e-01,0.000000000000000e+00,0.000000000000000e+00,0.000000000000000e+00,6.528501252968513e-03,8.923815020568590e-04,4.335200880890199e-02,2.759172311336219e-04,nan
1.602500000000000e+02,-2.211193670592458e-01,-2.969007541455072e-01,-9.058773030122885e-01,-2.057728835058935e-01,1.434652468347511e-01,2.262230241659684e-01,1.755642081977573e-01,0.000000000000000e+00,0.000000000000000e+00,0.000000000000000e+00,6.528689438389988e-03,8.910271978727902e-04,4.335265470697272e-02,2.770166424520193e-04,nan
1.605000000000000e+02,-1.856472742047321e-01,-3.151050203538269e-01,-9.084623470576741e-01,-2.023365505948674e-01,1.479332040281851e-01,2.206371152879498e-01,1.810339261698209e-01,0.000000000000000e+00,0.000000000000000e+00,0.000000000000000e+00,6.528889691211503e-03,8.897194835783967e-04,4.335333876881636e-02,2.782538204308561e-04,nan
1.607500000000000e+02,-1.502136547669348e-01,-3.336722423549366e-01,-9.093449678960842e-01,-1.979657090646214e-01,1.524201112208219e-01,2.147022898911989e-01,1.865267818355645e-01,0.000000000000000e+00,0.000000000000000e+00,0.000000000000000e+00,6.529102460087205e-03,8.884713326825673e-04,4.335406221358252e-02,2.796281206819190e-04,nan
1.610000000000000e+02,-1.149065176280229e-01,-3.525566931270784e-01,-9.085159739349346e-01,-1.926109951247772e-01,1.569117264066883e-01,2.084069865399856e-01,1.920253449566949e-01,0.000000000000000e+00,0.000000000000000e+00,0.000000000000000e+00,6.529328160773082e-03,8.872959849006087e-04,4.335482615401587e-02,2.811375964319341e-04,nan
1.612500000000000e+02,-7.981598655697619e-02,-3.717071276296655e-01,-9.059710809955727e-01,-1.862246491712463e-01,1.613924612676010e-01,2.017408053884132e-01,1.975105373432963e-01,0.000000000000000e+00,0.000000000000000e+00,0.000000000000000e+00,6.529567167507377e-03,8.862068112920271e-04,4.335563157115868e-02,2.827789258734049e-04,nan
1.615000000000000e+02,-4.503403288540445e-02,-3.910666759773359e-01,-9.017113027389190e-01,-1.787610621332151e-01,1.658453986303173e-01,1.946947643781713e-01,2.029616542236986e-01,0.000000000000000e+00,0.000000000000000e+00,0.000000000000000e+00,6.529819803824294e-03,8.852171652330466e-04,4.335647928738640e-02,2.845473529765902e-04,nan
1.617500000000000e+02,-1.065415185960961e-02,-4.105727946295882e-01,-8.957433425947109e-01,-1.701773591152977e-01,1.702523350376535e-01,1.872615676985069e-01,2.083564163531521e-01,0.000000000000000e+00,0.000000000000000e+00,0.000000000000000e+00,6.530086332924626e-03,8.843402203944084e-04,4.335736993814605e-02,2.864366443858322e-04,nan
1.620000000000000e+02,2.322902117412489e-02,-4.301572847676770e-01,-8.880799793902882e-01,-1.604340149180870e-01,1.745938515092601e-01,1.794358819737975e-01,2.136710566258838e-01,0.000000000000000e+00,0.000000000000000e+00,0.000000000000000e+00,6.530366947765382e-03,8.835887973759476e-04,4.335830394288446e-02,2.884390650040609e-04,nan
1.622500000000000e+02,5.652015756202036e-02,-4.497463867888997e-01,-8.787404375287853e-01,-1.494954942839841e-01,1.788494152077311e-01,1.712146145410284e-01,2.188804445144772e-01,0.000000000000000e+00,0.000000000000000e+00,0.000000000000000e+00,6.530661761069888e-03,8.829751811597064e-04,4.335928147577408e-02,2.905453747639019e-04,nan
1.625000000000000e+02,8.912374656946837e-02,-4.692609592385161e-01,-8.677507312967214e-01,-1.373309079048636e-01,1.829975141729956e-01,1.625971870910700e-01,2.239582509839759e-01,0.000000000000000e+00,0.000000000000000e+00,0.000000000000000e+00,6.530970795499147e-03,8.825109320685781e-04,4.336030243696493e-02,2.927448488786698e-04,nan
1.627500000000000e+02,1.209446708156907e-01,-4.886167494716372e-01,-8.551439717672763e-01,-1.239146734133752e-01,1.870158265287268e-01,1.535857969373097e-01,2.288771555988618e-01,0.000000000000000e+00,0.000000000000000e+00,0.000000000000000e+00,6.531293974261427e-03,8.822066934365894e-04,4.336136642520189e-02,2.950253235511902e-04,nan
1.630000000000000e+02,1.518888436931412e-01,-5.077247618552779e-01,-8.409606238976708e-01,-1.092271688464115e-01,1.908814245958133e-01,1.441856573168294e-01,2.336090963553926e-01,0.000000000000000e+00,0.000000000000000e+00,0.000000000000000e+00,6.531631112468050e-03,8.820719996874976e-04,4.336247271274221e-02,2.973732686868229e-04,nan
1.632500000000000e+02,1.818639042731700e-01,-5.264917273677502e-01,-8.252487008923388e-01,-9.325536451780599e-02,1.945710131805786e-01,1.344052075039350e-01,2.381255613429685e-01,0.000000000000000e+00,0.000000000000000e+00,0.000000000000000e+00,6.531981909566040e-03,8.821150889529727e-04,4.336362022357680e-02,2.997738886059698e-04,nan
1.635000000000000e+02,2.107799627081463e-01,-5.448206760376686e-01,-8.080638828128693e-01,-7.599341797813750e-02,1.980611999667568e-01,1.242562832066092e-01,2.423979196996802e-01,0.000000000000000e+00,0.000000000000000e+00,0.000000000000000e+00,6.532345943189586e-03,8.823427247099599e-04,4.336480751599364e-02,3.022112510860653e-04,nan
1.637500000000000e+02,2.385503865219020e-01,-5.626116108278804e-01,-7.894695468480317e-01,-5.744321588727784e-02,2.013287944757730e-01,1.137542378019848e-01,2.463977875347229e-01,0.000000000000000e+00,0.000000000000000e+00,0.000000000000000e+00,6.532722664769548e-03,8.827600311499505e-04,4.336603277051138e-02,3.046684442959482e-04,nan
1.640000000000000e+02,2.650926155502748e-01,-5.797622783849722e-01,-7.695366976831530e-01,-3.761484629089591e-02,2.043511305336657e-01,1.029180055135078e-01,2.500974226223139e-01,0.000000000000000e+00,0.000000000000000e+00,0.000000000000000e+00,6.533111397220962e-03,8.833703470803034e-04,4.336729378415129e-02,3.071277603347057e-04,nan
1.642500000000000e+02,2.903289907894905e-01,-5.961690286528050e-01,-7.483437880725136e-01,-1.652698507314129e-02,2.071064056759784e-01,9.177009868539249e-02,2.534701398271998e-01,0.000000000000000e+00,0.000000000000000e+00,0.000000000000000e+00,6.533511334991058e-03,8.841751030768917e-04,4.336858797189765e-02,3.095709031837833e-04,nan
1.645000000000000e+02,3.141875801859664e-01,-6.117277518329886e-01,-7.259764220317911e-01,5.792818671682274e-03,2.095740295282989e-01,8.033653288539148e-02,2.564907375160458e-01,0.000000000000000e+00,0.000000000000000e+00,0.000000000000000e+00,6.533921546694167e-03,8.851737263348460e-04,4.336991237602193e-02,3.119792179594738e-04,nan
1.647500000000000e+02,3.366029826171981e-01,-6.263348777390594e-01,-7.025269359986291e-01,2.930797190495702e-02,2.117349720213075e-01,6.864667564466352e-02,2.591359237661475e-01,0.000000000000000e+00,0.000000000000000e+00,0.000000000000000e+00,6.534340980485596e-03,8.863635771936863e-04,4.337126368371519e-02,3.143339374559115e-04,nan
1.650000000000000e+02,3.575170901246968e-01,-6.398884194264924e-01,-6.780938567805587e-01,5.397279267466208e-02,2.135721014361317e-01,5.673301716267183e-02,2.613847301265412e-01,0.000000000000000e+00,0.000000000000000e+00,0.000000000000000e+00,6.534768472236457e-03,8.877399206431366e-04,4.337263825319238e-02,3.166164411451955e-04,nan
1.652500000000000e+02,3.768797880024545e-01,-6.522890402863819e-01,-6.527812389959019e-01,7.973259893212389e-02,2.150705018196515e-01,4.463086416282377e-02,2.632189001282578e-01,0.000000000000000e+00,0.000000000000000e+00,0.000000000000000e+00,6.535202756469023e-03,8.892959352576335e-04,4.337403214811576e-02,3.188085210960034e-04,nan
1.655000000000000e+02,3.946495727213586e-01,-6.634411217568625e-01,-6.266978888462663e-01,1.065239354721632e-01,2.162177593317992e-01,3.237796113967044e-02,2.646232397678907e-01,0.000000000000000e+00,0.000000000000000e+00,0.000000000000000e+00,6.535642479902636e-03,8.910227609895405e-04,4.337544117984564e-02,3.208926487365399e-04,nan
1.657500000000000e+02,4.107940689389952e-01,-6.732538075981351e-01,-5.999564852348365e-01,1.342749392247815e-01,2.170042076309870e-01,2.001404631909058e-02,2.655859178545926e-01,0.000000000000000e+00,0.000000000000000e+00,0.000000000000000e+00,6.536086217349449e-03,8.929095861105012e-04,4.337686095668544e-02,3.228522360568600e-04,nan
1.660000000000000e+02,4.252904290077603e-01,-6.816420004179590e-01,-5.726726132364817e-01,1.629058387827073e-01,2.174231234770265e-01,7.580352568873522e-03,2.660987054242365e-01,0.000000000000000e+00,0.000000000000000e+00,0.000000000000000e+00,6.536532489594625e-03,8.949437723735701e-04,4.337828693896792e-02,3.246718847551844e-04,nan
1.662500000000000e+02,4.381256013937938e-01,-6.885272868932077e-01,-5.449637285014767e-01,1.923295796921875e-01,2.174708653009707e-01,-4.880933944211410e-03,2.661571453461954e-01,0.000000000000000e+00,0.000000000000000e+00,0.000000000000000e+00,6.536979782803218e-03,8.971110162386553e-04,4.337971449854801e-02,3.263376169980250e-04,nan
1.665000000000000e+02,4.492964581358591e-01,-6.938387699133103e-01,-5.169480741151437e-01,2.224525628991514e-01,2.171469494859851e-01,-1.732724253132815e-02,2.657606456896425e-01,0.000000000000000e+00,0.000000000000000e+00,0.000000000000000e+00,6.537426568923082e-03,8.993955428164974e-04,4.338113898104905e-02,3.278370818895829e-04,nan
1.667500000000000e+02,4.588097757332202e-01,-6.975137886082300e-01,-4.887435735534927e-01,2.531754800591626e-01,2.164540614145914e-01,-2.971619803068310e-02,2.649124932451739e-01,0.000000000000000e+00,0.000000000000000e+00,0.000000000000000e+00,6.537871326504259e-03,9.017803281077888e-04,4.338255576906638e-02,3.291597324186490e-04,nan
1.670000000000000e+02,4.666820684380717e-01,-6.994985107860207e-01,-4.604667245313210e-01,2.843942263933972e-01,2.153980008297754e-01,-4.200619540529304e-02,2.636197866478925e-01,0.000000000000000e+00,0.000000000000000e+00,0.000000000000000e+00,6.538312561334756e-03,9.042473441966542e-04,4.338396034447897e-02,3.302969685415602e-04,nan
1.672500000000000e+02,4.729392775978944e-01,-6.997483865048573e-01,-4.322315186570740e-01,3.160008695691044e-01,2.139875635787012e-01,-5.415695242699423e-02,2.618932916340491e-01,0.000000000000000e+00,0.000000000000000e+00,0.000000000000000e+00,6.538748826301162e-03,9.067778213539338e-04,4.338534834805627e-02,3.312422431275275e-04,nan
1.675000000000000e+02,4.776163251957083e-01,-6.982284561114042e-01,-4.041484108798123e-01,3.478846518117101e-01,2.122343642036427e-01,-6.613002504919505e-02,2.597472238958278e-01,0.000000000000000e+00,0.000000000000000e+00,0.000000000000000e+00,6.539178739920500e-03,9.093525205452618e-04,4.338671563467723e-02,3.319911286792654e-04,nan
1.677500000000000e+02,4.807565438339921e-01,-6.949135108375315e-01,-3.763233607989289e-01,3.799330021638680e-01,2.101526059718093e-01,-7.788927186105334e-02,2.571989676023478e-01,0.000000000000000e+00,0.000000000000000e+00,0.000000000000000e+00,6.539601003053196e-03,9.119520096442513e-04,4.338805832268523e-02,3.325413439935893e-04,nan
1.680000000000000e+02,4.824109988950541e-01,-6.897881087041811e-01,-3.488569651313478e-01,4.120325364758597e-01,2.077588066741123e-01,-8.940125640133514e-02,2.542687397826769e-01,0.000000000000000e+00,0.000000000000000e+00,0.000000000000000e+00,6.540014413392570e-03,9.145569367238204e-04,4.338937283617763e-02,3.328927411719029e-04,nan
1.682500000000000e+02,4.826377213278392e-01,-6.828464527955760e-01,-3.218436971699652e-01,4.440700242618700e-01,2.050714897858433e-01,-1.006355789231960e-01,2.509792123124496e-01,0.000000000000000e+00,0.000000000000000e+00,0.000000000000000e+00,6.540417877426843e-03,9.171482941247797e-04,4.339065593934793e-02,3.330472545768765e-04,nan
1.685000000000000e+02,4.815008713565266e-01,-6.740921427354323e-01,-2.953712651326841e-01,4.759333038558838e-01,2.021108513219246e-01,-1.115651322518830e-01,2.473551041510406e-01,0.000000000000000e+00,0.000000000000000e+00,0.000000000000000e+00,6.540810419679086e-03,9.197076675522206e-04,4.339190476234359e-02,3.330088143994950e-04,nan
1.687500000000000e+02,4.790698543392973e-01,-6.635378132643911e-01,-2.695200971222357e-01,5.075121301790284e-01,1.988984129284748e-01,-1.221662794722113e-01,2.434227567321642e-01,0.000000000000000e+00,0.000000000000000e+00,0.000000000000000e+00,6.541191189141682e-03,9.222174651878773e-04,4.339311681844869e-02,3.327832284077820e-04,nan
1.690000000000000e+02,4.754184100457584e-01,-6.512046760863103e-01,-2.443629562201887e-01,5.386989426945414e-01,1.954566714613814e-01,-1.324189541405353e-01,2.392097050545208e-01,0.000000000000000e+00,0.000000000000000e+00,0.000000000000000e+00,6.541559462928250e-03,9.246611226824686e-04,4.339429001273157e-02,3.323780361654607e-04,nan
1.692500000000000e+02,4.706236958412071e-01,-6.371219825806136e-01,-2.199646852327584e-01,5.693895445788981e-01,1.918087545735192e-01,-1.423066863821343e-01,2.347442561267763e-01,0.000000000000000e+00,0.000000000000000e+00,0.000000000000000e+00,6.541914647261825e-03,9.270232808548245e-04,4.339542264258950e-02,3.318023405138454e-04,nan
1.695000000000000e+02,4.647653827802872e-01,-6.213264255842857e-01,-1.963820769679840e-01,5.994836875891527e-01,1.879780907505913e-01,-1.518165604909783e-01,2.300550850972179e-01,0.000000000000000e+00,0.000000000000000e+00,0.000000000000000e+00,6.542256275999544e-03,9.292899339214955e-04,4.339651339087072e-02,3.310666214030242e-04,nan
1.697500000000000e+02,4.579247815659005e-01,-6.038614982935684e-01,-1.736638627891213e-01,6.288855603904657e-01,1.839881009002204e-01,-1.609391114175631e-01,2.251708577640017e-01,0.000000000000000e+00,0.000000000000000e+00,0.000000000000000e+00,6.542584006957808e-03,9.314485470666364e-04,4.339756131244266e-02,3.301825372451633e-04,nan
1.700000000000000e+02,4.501840128811319e-01,-5.847768275220231e-01,-1.518508096476553e-01,6.575041810885087e-01,1.798619171127916e-01,-1.696681687766720e-01,2.201198863429120e-01,0.000000000000000e+00,0.000000000000000e+00,0.000000000000000e+00,6.542897616347114e-03,9.334881430919442e-04,4.339856581520522e-02,3.291627188609300e-04,nan
1.702500000000000e+02,4.416252339142637e-01,-5.641274972030771e-01,-1.309759138955009e-01,6.852536972894072e-01,1.756221326739648e-01,-1.780006577338735e-01,2.149298234863640e-01,0.000000000000000e+00,0.000000000000000e+00,0.000000000000000e+00,6.543196991652152e-03,9.353993587287585e-04,4.339952663661945e-02,3.280205608274488e-04,nan
1.705000000000000e+02,4.323299301221750e-01,-5.419733762782781e-01,-1.110646789119731e-01,7.120535991231698e-01,1.712905859047417e-01,-1.859363663729967e-01,2.096273977064745e-01,0.000000000000000e+00,0.000000000000000e+00,0.000000000000000e+00,6.543482123301809e-03,9.371744719240613e-04,4.340044381683802e-02,3.267700146429332e-04,nan
1.707500000000000e+02,4.223782785500801e-01,-5.183784631051449e-01,-9.213546292375648e-02,7.378288522886889e-01,1.668881790065809e-01,-1.934776889667258e-01,2.042381916434239e-01,0.000000000000000e+00,0.000000000000000e+00,0.000000000000000e+00,6.543753095467596e-03,9.388074020149489e-04,4.340131766949357e-02,3.254253876319238e-04,nan
1.710000000000000e+02,4.118485864563415e-01,-4.934102563801483e-01,-7.419988328467032e-02,7.625099593141921e-01,1.624347318490908e-01,-2.006293540445163e-01,1.987864631026481e-01,0.000000000000000e+00,0.000000000000000e+00,0.000000000000000e+00,6.544010076310231e-03,9.402936851722332e-04,4.340214875113219e-02,3.240011509608662e-04,nan
1.712500000000000e+02,4.008168066639505e-01,-4.671391604173043e-01,-5.726326383709760e-02,7.860329579063797e-01,1.579488695904243e-01,-2.073981453592924e-01,1.932950075023863e-01,0.000000000000000e+00,0.000000000000000e+00,0.000000000000000e+00,6.544253307965834e-03,9.416304278289309e-04,4.340293783018128e-02,3.225117595444214e-04,nan
1.715000000000000e+02,3.893561290321123e-01,-4.396379305456754e-01,-4.132511270882673e-02,8.083393655329720e-01,1.534479421823127e-01,-2.137926228800692e-01,1.877850593471993e-01,0.000000000000000e+00,0.000000000000000e+00,0.000000000000000e+00,6.544483096528334e-03,9.428162410174967e-04,4.340368585622593e-02,3.209714860297579e-04,nan
1.717500000000000e+02,3.775366457437184e-01,-4.109811624628000e-01,-2.637961891522729e-02,8.293760793073278e-01,1.489479731843408e-01,-2.198228498594183e-01,1.822762295752204e-01,0.000000000000000e+00,0.000000000000000e+00,0.000000000000000e+00,6.544699802245999e-03,9.438511586327275e-04,4.340439393024005e-02,3.193942704689014e-04,nan
1.720000000000000e+02,3.654250867467711e-01,-3.812448276569900e-01,-1.241615734793775e-02,8.490952398863263e-01,1.444636348851785e-01,-2.255001309106809e-01,1.767864751044026e-01,0.000000000000000e+00,0.000000000000000e+00,0.000000000000000e+00,6.544903830109999e-03,9.447365426334051e-04,4.340506327628993e-02,3.177935867483689e-04,nan
1.722500000000000e+02,3.530846206612419e-01,-3.505058555207899e-01,5.802069437847805e-04,8.674540675206086e-01,1.400082464828940e-01,-2.308367649362182e-01,1.713320966024287e-01,0.000000000000000e+00,0.000000000000000e+00,0.000000000000000e+00,6.545095620973738e-03,9.454749781066668e-04,4.340569521510315e-02,3.161823263524779e-04,nan
1.725000000000000e+02,3.405747157449026e-01,-3.188417615342614e-01,1.262822290476329e-02,8.844146776729090e-01,1.355937919874582e-01,-2.358458157181385e-01,1.659277603959954e-01,0.000000000000000e+00,0.000000000000000e+00,0.000000000000000e+00,6.545275643304510e-03,9.460701609665945e-04,4.340629113977872e-02,3.145726996017090e-04,nan
1.727500000000000e+02,3.279510550703229e-01,-2.863303198993645e-01,2.374997243119708e-02,8.999438828027595e-01,1.312309545485931e-01,-2.405409020476081e-01,1.605865404841996e-01,0.000000000000000e+00,0.000000000000000e+00,0.000000000000000e+00,6.545444385635465e-03,9.465267808558483e-04,4.340685249380950e-02,3.129761541345727e-04,nan
1.730000000000000e+02,3.152654998628174e-01,-2.530492782436128e-01,3.397040921328263e-02,9.140129860535443e-01,1.269291640532565e-01,-2.449360084473129e-01,1.553199767934994e-01,0.000000000000000e+00,0.000000000000000e+00,0.000000000000000e+00,6.545602349756326e-03,9.468504015835016e-04,4.340738075149726e-02,3.114033100908506e-04,nan
1.732500000000000e+02,3.025660949456414e-01,-2.190761114626437e-01,4.331692134349088e-02,9.265975717111902e-01,1.226966550525972e-01,-2.490453168432268e-01,1.501381460755449e-01,0.000000000000000e+00,0.000000000000000e+00,0.000000000000000e+00,6.545750044656045e-03,9.470473411754138e-04,4.340787740076457e-02,3.098639112057450e-04,nan
1.735000000000000e+02,2.898971103944291e-01,-1.844878114125870e-01,5.181892048682252e-02,9.376772964643721e-01,1.185405323440028e-01,-2.528830589679190e-01,1.450497421744930e-01,0.000000000000000e+00,0.000000000000000e+00,0.000000000000000e+00,6.545887981209992e-03,9.471245533490408e-04,4.340834392830598e-02,3.083667908333910e-04,nan
1.737500000000000e+02,2.772991137802158e-01,-1.493607089669299e-01,5.950745945309804e-02,9.472356847073704e-01,1.144668418289672e-01,-2.564633888233940e-01,1.400621627516193e-01,0.000000000000000e+00,0.000000000000000e+00,0.000000000000000e+00,6.546016667587822e-03,9.470895119592787e-04,4.340878180697326e-02,3.069198517801179e-04,nan
1.740000000000000e+02,2.648090677453626e-01,-1.137703248911861e-01,6.641487918727905e-02,9.552599304045601e-01,1.104806445745825e-01,-2.598002741878009e-01,1.351815999308975e-01,0.000000000000000e+00,0.000000000000000e+00,0.000000000000000e+00,6.546136605345735e-03,9.469500997070987e-04,4.340919248525454e-02,3.055300587365070e-04,nan
1.742500000000000e+02,2.524604480795855e-01,-7.779124603528394e-02,7.257448550023146e-02,9.617407073895279e-01,1.065860923117376e-01,-2.629074059054360e-01,1.304131327028717e-01,0.000000000000000e+00,0.000000000000000e+00,0.000000000000000e+00,6.546248286158123e-03,9.467145021586562e-04,4.340957737868383e-02,3.042034420463399e-04,nan
1.745000000000000e+02,2.402833779189705e-01,-4.149702347339261e-02,7.802025529291838e-02,9.666719894062958e-01,1.027865028962159e-01,-2.657981235400048e-01,1.257608192829025e-01,0.000000000000000e+00,0.000000000000000e+00,0.000000000000000e+00,6.546352189137596e-03,9.463911078983894e-04,4.340993786300243e-02,3.029451115339043e-04,nan
1.747500000000000e+02,2.283047741588133e-01,-4.960089411742927e-03,8.278657157227927e-02,9.700508807153512e-01,9.908443453245397e-02,-2.684853558834823e-01,1.212277879547164e-01,0.000000000000000e+00,0.000000000000000e+00,0.000000000000000e+00,6.546448778689371e-03,9.459884154342374e-04,4.341027526888789e-02,3.017592791225501e-04,nan
1.750000000000000e+02,2.165485026352033e-01,3.174831008232930e-02,8.690798620559829e-02,9.718774576802649e-01,9.548175780900386e-02,-2.709815747838283e-01,1.168163252352958e-01,0.000000000000000e+00,0.000000000000000e+00,0.000000000000000e+00,6.546538502844883e-03,9.455149472891375e-04,4.341059087806724e-02,3.006492890111085e-04,nan
1.752500000000000e+02,2.050355390782727e-01,6.855816921851469e-02,9.041900909961775e-02,9.721546214166401e-01,9.197972481709973e-02,-2.732987607719439e-01,1.125279604693141e-01,0.000000000000000e+00,0.000000000000000e+00,0.000000000000000e+00,6.546621792019993e-03,9.449791715509179e-04,4.341088592063456e-02,2.996176542258890e-04,nan
1.755000000000000e+02,1.937841332631632e-01,1.054007659063540e-01,9.335392230843317e-02,9.708879613175917e-01,8.857903481825154e-02,-2.754483790205133e-01,1.083635461994054e-01,0.000000000000000e+00,0.000000000000000e+00,0.000000000000000e+00,6.546699058145120e-03,9.443894310110050e-04,4.341116157340350e-02,2.986660984298315e-04,nan
1.757500000000000e+02,1.828099741772032e-01,1.422086966073229e-01,9.574661745811620e-02,9.680856290617612e-01,8.527989609381528e-02,-2.774413642450849e-01,1.043233338629990e-01,0.000000000000000e+00,0.000000000000000e+00,0.000000000000000e+00,6.546770694117291e-03,9.437538799021185e-04,4.341141895913559e-02,2.977956019433450e-04,nan
1.760000000000000e+02,1.721263543800880e-01,1.789159044937257e-01,9.763045481460118e-02,9.637582225536168e-01,8.208208375031584e-02,-2.792881132527225e-01,1.004070445388144e-01,0.000000000000000e+00,0.000000000000000e+00,0.000000000000000e+00,6.546837073527643e-03,9.430804281423850e-04,4.341165914649842e-02,2.970064510096067e-04,nan
1.762500000000000e+02,1.617443320564740e-01,2.154577025367231e-01,9.903814230419804e-02,9.579186791341610e-01,7.898499337081782e-02,-2.809984839490153e-01,9.661393460873192e-02,0.000000000000000e+00,0.000000000000000e+00,0.000000000000000e+00,6.546898550621545e-03,9.423766929093184e-04,4.341188315062201e-02,2.962982894187962e-04,nan
1.765000000000000e+02,1.516728895472979e-01,2.517707929064540e-01,1.000016328138615e-01,9.505821773261848e-01,7.598769049713486e-02,-2.825817997247572e-01,9.294285631641101e-02,0.000000000000000e+00,0.000000000000000e+00,0.000000000000000e+00,6.546955460452549e-03,9.416499572980318e-04,4.341209193413505e-02,2.956701716877656e-04,nan
1.767500000000000e+02,1.419190873983187e-01,2.877932838463030e-01,1.005520381429341e-01,9.417660463354429e-01,7.308895600259011e-02,-2.840468582549154e-01,8.939231329573159e-02,0.000000000000000e+00,0.000000000000000e+00,0.000000000000000e+00,6.547008119195424e-03,9.409071357629264e-04,4.341228640857717e-02,2.951206170734404e-04,nan
1.770000000000000e+02,1.324882131836966e-01,3.234647049823167e-01,1.007195580425485e-01,9.314896825117323e-01,7.028732747288170e-02,-2.854019438514212e-01,8.596051121293172e-02,0.000000000000000e+00,0.000000000000000e+00,0.000000000000000e+00,6.547056824587285e-03,9.401547460008534e-04,4.341246743609645e-02,2.946476637769122e-04,nan
1.772500000000000e+02,1.233839245511428e-01,3.587260218480483e-01,1.005334228573761e-01,9.197744719766968e-01,6.758113675578530e-02,-2.866548426154828e-01,8.264540371916045e-02,0.000000000000000e+00,0.000000000000000e+00,0.000000000000000e+00,6.547101856469745e-03,9.393988869013208e-04,4.341263583135398e-02,2.942489227717674e-04,nan
1.775000000000000e+02,1.146083860959211e-01,3.935196502445196e-01,1.000218483721269e-01,9.066437186437363e-01,6.496854387121144e-02,-2.878128597329667e-01,7.944473394784730e-02,0.000000000000000e+00,0.000000000000000e+00,0.000000000000000e+00,6.547143477408431e-03,9.386452221680289e-04,4.341279236356922e-02,2.939216307620155e-04,nan
1.777500000000000e+02,1.061623998064971e-01,4.277894709137746e-01,9.921200155822857e-02,8.921225768858495e-01,6.244756749361650e-02,-2.888828383469045e-01,7.635607181635692e-02,0.000000000000000e+00,0.000000000000000e+00,0.000000000000000e+00,6.547181933369497e-03,9.378989692020272e-04,4.341293775865009e-02,2.936627018432746e-04,nan
1.780000000000000e+02,9.804552893764303e-02,4.614808448816023e-01,9.812997601133790e-02,8.762379881463223e-01,6.001611223080908e-02,-2.898711795238344e-01,7.337684740613712e-02,0.000000000000000e+00,0.000000000000000e+00,0.000000000000000e+00,6.547217454435697e-03,9.371648928296825e-04,4.341307270136147e-02,2.934687775040471e-04,nan
1.782500000000000e+02,9.025621525999093e-02,4.945406297191090e-01,9.680077596533865e-02,8.590186208322131e-01,5.767199292845373e-02,-2.907838629053093e-01,7.050438070200651e-02,0.000000000000000e+00,0.000000000000000e+00,0.000000000000000e+00,6.547250255547334e-03,9.364473034574813e-04,4.341319783749464e-02,2.933362746628245e-04,nan
1.785000000000000e+02,8.279188971090073e-02,5.269171968825104e-01,9.524830786144248e-02,8.404948128793583e-01,5.541295622947854e-02,-2.916264677025969e-01,6.773590797111033e-02,0.000000000000000e+00,0.000000000000000e+00,0.000000000000000e+00,6.547280537255742e-03,9.357500592394354e-04,4.341331377600702e-02,2.932614314907615e-04,nan
1.787500000000000e+02,7.564907653241525e-02,5.585604502142898e-01,9.349537854057721e-02,8.206985164283880e-01,5.323669961336988e-02,-2.924041937516576e-01,6.506860505690297e-02,0.000000000000000e+00,0.000000000000000e+00,0.000000000000000e+00,6.547308486479146e-03,9.350765718499771e-04,4.341342109110903e-02,2.932403508193737e-04,nan
1.790000000000000e+02,6.882349103014715e-02,5.894218456252803e-01,9.156369921249814e-02,7.996632441025627e-01,5.114088813301877e-02,-2.931218823973431e-01,6.249960785455799e-02,0.000000000000000e+00,0.000000000000000e+00,0.000000000000000e+00,6.547334277252485e-03,9.344298154665767e-04,4.341352032427948e-02,2.932690409775830e-04,nan
1.792500000000000e+02,6.231013112410642e-02,6.194544119248457e-01,8.947389443536463e-02,7.774240164290717e-01,4.912316905722787e-02,-2.937840370209245e-01,6.002603022250808e-02,0.000000000000000e+00,0.000000000000000e+00,0.000000000000000e+00,6.547358071464611e-03,9.338123385789349e-04,4.341361198619685e-02,2.933434539434360e-04,nan
1.795000000000000e+02,5.610336289045083e-02,6.486127727237984e-01,8.724551541454514e-02,7.540173099949224e-01,4.718118461590337e-02,-2.943948430640929e-01,5.764497957125159e-02,0.000000000000000e+00,0.000000000000000e+00,0.000000000000000e+00,6.547380019577475e-03,9.332262782575755e-04,4.341369655857672e-02,2.934595207326543e-04,nan
1.797500000000000e+02,5.019700031343040e-02,6.768531693007699e-01,8.489705699899150e-02,7.294810059761299e-01,4.531258303291188e-02,-2.949581874360532e-01,5.535357035581754e-02,0.000000000000000e+00,0.000000000000000e+00,0.000000000000000e+00,6.547400261323213e-03,9.326733765310808e-04,4.341377449591012e-02,2.936131839789006e-04,nan
1.800000000000000e+02,4.458437948072027e-02,7.041334842962830e-01,8.244597781765624e-02,7.038543387241324e-01,4.351502801903622e-02,-2.954776772188296e-01,5.314893568292500e-02,0.000000000000000e+00,0.000000000000000e+00,0.000000000000000e+00,6.547418926376174e-03,9.321549985396409e-04,4.341384622709980e-02,2.938004276903700e-04,nan
1.802500000000000e+02,3.925842746403706e-02,7.304132660787027e-01,7.990872305724395e-02,6.771778441359800e-01,4.178620688477092e-02,-2.959566576099538e-01,5.102823722833592e-02,0.000000000000000e+00,0.000000000000000e+00,0.000000000000000e+00,6.547436134997507e-03,9.316721521512028e-04,4.341391215699324e-02,2.940173041930914e-04,nan
1.805000000000000e+02,3.421172613138670e-02,7.556537536116729e-01,7.730074943627455e-02,6.494933075746745e-01,4.012383742013412e-02,-2.963982290618710e-01,4.898867364452071e-02,0.000000000000000e+00,0.000000000000000e+00,0.000000000000000e+00,6.547451998651020e-03,9.312255087460461e-04,4.341397266781470e-02,2.942599582943673e-04,nan
1.807500000000000e+02,2.943657113833629e-02,7.798179016426852e-01,7.463655197926371e-02,6.208437111430413e-01,3.852567367644179e-02,-2.968052635941140e-01,4.702748762378518e-02,0.000000000000000e+00,0.000000000000000e+00,0.000000000000000e+00,6.547466620589297e-03,9.308154248952264e-04,4.341402812049781e-02,2.945246487197494e-04,nan
1.810000000000000e+02,2.492502634404094e-02,8.028704060264152e-01,7.192969223907431e-02,5.912731801486686e-01,3.698951077324194e-02,-2.971804202680526e-01,4.514197176762713e-02,0.000000000000000e+00,0.000000000000000e+00,0.000000000000000e+00,6.547480096409801e-03,9.304419646782216e-04,4.341407885592315e-02,2.948077668942595e-04,nan
1.812500000000000e+02,2.066897389398214e-02,8.247777289936709e-01,6.919282765548702e-02,5.608269286288337e-01,3.551318884244452e-02,-2.975261598251939e-01,4.332947339942683e-02,0.000000000000000e+00,0.000000000000000e+00,0.000000000000000e+00,6.547492514580934e-03,9.301049224045878e-04,4.341412519606548e-02,2.951058531534512e-04,nan
1.815000000000000e+02,1.666016020598337e-02,8.455081241767470e-01,6.643774177408782e-02,5.295512038330091e-01,3.409459621117120e-02,-2.978447584989740e-01,4.158739844471017e-02,0.000000000000000e+00,0.000000000000000e+00,0.000000000000000e+00,6.547503956938407e-03,9.298038455241749e-04,4.341416744505466e-02,2.954156104823880e-04,nan
1.817500000000000e+02,1.289023808946693e-02,8.650316612041319e-01,6.367537508200329e-02,4.974932295866780e-01,3.273167191502812e-02,-2.981383210170598e-01,3.991321449120028e-02,0.000000000000000e+00,0.000000000000000e+00,0.000000000000000e+00,6.547514499152526e-03,9.295380575292458e-04,4.341420589015738e-02,2.957339158911497e-04,nan
1.820000000000000e+02,9.350805220442293e-03,8.833202496814652e-01,6.091585624613741e-02,4.647011484838433e-01,3.142240762438646e-02,-2.984087928166533e-01,3.830445312971197e-02,0.000000000000000e+00,0.000000000000000e+00,0.000000000000000e+00,6.547524211167278e-03,9.293066806707502e-04,4.341424080268400e-02,2.960578295438242e-04,nan
1.822500000000000e+02,6.033439186641965e-03,9.003476623810514e-01,5.816853356567447e-02,4.312239628770373e-01,3.016484905783806e-02,-2.986579714994158e-01,3.675871166663958e-02,0.000000000000000e+00,0.000000000000000e+00,0.000000000000000e+00,6.547533157612029e-03,9.291086583288893e-04,4.341427243882723e-02,2.963846017648712e-04,nan
1.825000000000000e+02,2.929729308768300e-03,9.160895574687732e-01,5.544200647399361e-02,3.971114746528763e-01,2.895709694926138e-02,-2.988875175556321e-01,3.527365428932317e-02,0.000000000000000e+00,0.000000000000000e+00,0.000000000000000e+00,6.547541398186983e-03,9.289427768958292e-04,4.341430104043716e-02,2.967116780516871e-04,nan
1.827500000000000e+02,3.130543515941028e-05,9.305234996046854e-01,5.274415694605508e-02,3.624142237984989e-01,2.779730762786076e-02,-2.990989643892888e-01,3.384701275692133e-02,0.000000000000000e+00,0.000000000000000e+00,0.000000000000000e+00,6.547548988023550e-03,9.288076870450279e-04,4.341432683573983e-02,2.970367022258327e-04,nan
1.830000000000000e+02,-2.670136101536646e-03,9.436289797616529e-01,5.008218068600909e-02,3.271834257796615e-01,2.668369326409891e-02,-2.992937276770279e-01,3.247658668153008e-02,0.000000000000000e+00,0.000000000000000e+00,0.000000000000000e+00,6.547555978020776e-03,9.287019242779785e-04,4.341435004000302e-02,2.973575178577274e-04,nan
1.832500000000000e+02,-5.182809185763272e-03,9.553874336149935e-01,4.746261798647120e-02,2.914709077650305e-01,2.561452182859173e-02,-2.994731140945875e-01,3.116024345712604e-02,0.000000000000000e+00,0.000000000000000e+00,0.000000000000000e+00,6.547562415159015e-03,9.286239286544293e-04,4.341437085615548e-02,2.976721681005987e-04,nan
1.835000000000000e+02,-7.514817107161677e-03,9.657822583649984e-01,4.489138416580824e-02,2.553290437434160e-01,2.458811680573948e-02,-2.996383294444812e-01,2.989591788742837e-02,0.000000000000000e+00,0.000000000000000e+00,0.000000000000000e+00,6.547568342792113e-03,9.285720636267956e-04,4.341438947536394e-02,2.979788940694001e-04,nan
1.837500000000000e+02,-9.674134072366176e-03,9.747988278633427e-01,4.237379950307175e-02,2.188106885914773e-01,2.360285669908814e-02,-2.997904862183989e-01,2.868161155792263e-02,0.000000000000000e+00,0.000000000000000e+00,0.000000000000000e+00,6.547573800919261e-03,9.285446339132759e-04,4.341440607757237e-02,2.982761318993474e-04,nan
1.840000000000000e+02,-1.166858888559167e-02,9.824245059236336e-01,3.991461860207211e-02,1.819691111589394e-01,2.265717436111189e-02,-2.999306106272169e-01,2.751539199202036e-02,0.000000000000000e+00,0.000000000000000e+00,0.000000000000000e+00,6.547578826437727e-03,9.285399023572748e-04,4.341442083200777e-02,2.985625086168475e-04,nan
1.842500000000000e+02,-1.350585065096858e-02,9.886486577056274e-01,3.751805912665867e-02,1.448579264466519e-01,2.174955617624212e-02,-3.000596491306634e-01,2.639539162659637e-02,0.000000000000000e+00,0.000000000000000e+00,0.000000000000000e+00,6.547583453377586e-03,9.285561057328336e-04,4.341443389765590e-02,2.988368369527335e-04,nan
1.845000000000000e+02,-1.519341635714444e-02,9.934626590718678e-01,3.518782985869450e-02,1.075310269600721e-01,2.087854112250449e-02,-3.001784744976550e-01,2.531980663790369e-02,0.000000000000000e+00,0.000000000000000e+00,0.000000000000000e+00,6.547587713119626e-03,9.285914694671439e-04,4.341444542371127e-02,2.990981092243403e-04,nan
1.847500000000000e+02,-1.673860021193586e-02,9.968599038246460e-01,3.292715803861336e-02,7.004251332699982e-02,2.004271973402746e-02,-3.002878914271488e-01,2.428689564507202e-02,0.000000000000000e+00,0.000000000000000e+00,0.000000000000000e+00,6.547591634597370e-03,9.286442212619261e-04,4.341445555000314e-02,2.993454904089169e-04,nan
1.850000000000000e+02,-1.814852460177342e-02,9.988358087401771e-01,3.073881595593075e-02,3.244662427376185e-02,1.924073298391940e-02,-3.003886417580919e-01,2.329497831500855e-02,0.000000000000000e+00,0.000000000000000e+00,0.000000000000000e+00,6.547595244484440e-03,9.287126036049706e-04,4.341446440740177e-02,2.995783105262805e-04,nan
1.852500000000000e+02,-1.943011255733632e-02,9.993878163257371e-01,2.862514676374796e-02,-5.202333941409427e-03,1.847127110454690e-02,-3.004814092957210e-01,2.234243388950108e-02,0.000000000000000e+00,0.000000000000000e+00,0.000000000000000e+00,6.547598567368059e-03,9.287948851722850e-04,4.341447211820634e-02,2.997960564435523e-04,nan
1.855000000000000e+02,-2.059008161312613e-02,9.985153952341342e-01,2.658808949722531e-02,-4.285005853523448e-02,1.773307236005419e-02,-3.005668242801063e-01,2.142769965263764e-02,0.000000000000000e+00,0.000000000000000e+00,0.000000000000000e+00,6.547601625909687e-03,9.288893711292870e-04,4.341447879651694e-02,2.999983632094934e-04,nan
1.857500000000000e+02,-2.163493895478738e-02,9.962200382783329e-01,2.462920328128626e-02,-8.044232154076987e-02,1.702492178401643e-02,-3.006454675214637e-01,2.054926935427139e-02,0.000000000000000e+00,0.000000000000000e+00,0.000000000000000e+00,6.547604440993740e-03,9.289944123469273e-04,4.341448454859310e-02,3.001850050202088e-04,nan
1.860000000000000e+02,-2.257097775375486e-02,9.925052579972496e-01,2.274969071751604e-02,-1.179250413750624e-01,1.634564989339282e-02,-3.007178742253951e-01,1.970569160314398e-02,0.000000000000000e+00,0.000000000000000e+00,0.000000000000000e+00,6.547607031865104e-03,9.291084135552704e-04,4.341448947319949e-02,3.003558859120243e-04,nan
1.862500000000000e+02,-2.340427459430532e-02,9.873765797317179e-01,2.095042044439968e-02,-1.552443545228354e-01,1.569413138841693e-02,-3.007845375298742e-01,1.889556824140719e-02,0.000000000000000e+00,0.000000000000000e+00,0.000000000000000e+00,6.547609416256307e-03,9.292298404628267e-04,4.341449366194081e-02,3.005110302713126e-04,nan
1.865000000000000e+02,-2.414068790332327e-02,9.808415321773589e-01,1.923194886875697e-02,-1.923466872244870e-01,1.506928384671052e-02,-3.008459117744874e-01,1.811755271062654e-02,0.000000000000000e+00,0.000000000000000e+00,0.000000000000000e+00,6.547611610505092e-03,9.293572258751957e-04,4.341449719958736e-02,3.006505732446982e-04,nan
1.867500000000000e+02,-2.478585729807136e-02,9.729096353885823e-01,1.759454106952605e-02,-2.291788270556601e-01,1.447006641871462e-02,-3.009024155211695e-01,1.737034841788872e-02,0.000000000000000e+00,0.000000000000000e+00,0.000000000000000e+00,6.547613629662997e-03,9.294891748510676e-04,4.341450016439099e-02,3.007747511268189e-04,nan
1.870000000000000e+02,-2.534520377199502e-02,9.635923862152027e-01,1.603819087796579e-02,-2.656879942850437e-01,1.389547853048090e-02,-3.009544343444528e-01,1.665270710934557e-02,0.000000000000000e+00,0.000000000000000e+00,0.000000000000000e+00,6.547615487595744e-03,9.296243689373394e-04,4.341450262839356e-02,3.008838917965325e-04,nan
1.872500000000000e+02,-2.582393064310082e-02,9.529032411601686e-01,1.456264014092609e-02,-3.018219128968467e-01,1.334455859894191e-02,-3.010023234080758e-01,1.596342725739382e-02,0.000000000000000e+00,0.000000000000000e+00,0.000000000000000e+00,6.547617197075828e-03,9.297615695284555e-04,4.341450465772773e-02,3.009784052660411e-04,nan
1.875000000000000e+02,-2.622702519374062e-02,9.408575966536689e-01,1.316739717611093e-02,-3.375288811645242e-01,1.281638276396714e-02,-3.010464098436841e-01,1.530135246669277e-02,0.000000000000000e+00,0.000000000000000e+00,0.000000000000000e+00,6.547618769868102e-03,9.298996203975620e-04,4.341450631291060e-02,3.010587744012821e-04,nan
1.877500000000000e+02,-2.655926093471911e-02,9.274727667454296e-01,1.185175443026028e-02,-3.727578416627935e-01,1.231006364079996e-02,-3.010869949462906e-01,1.466536990334850e-02,0.000000000000000e+00,0.000000000000000e+00,0.000000000000000e+00,6.547620216808721e-03,9.300374494491527e-04,4.341450764913092e-02,3.011255458657473e-04,nan
1.880000000000000e+02,-2.682520043053217e-02,9.127679582233139e-01,1.061480535293034e-02,-4.074584506057318e-01,1.182474909584745e-02,-3.011243562001594e-01,1.405440875082735e-02,0.000000000000000e+00,0.000000000000000e+00,0.000000000000000e+00,6.547621547878006e-03,9.301740697443854e-04,4.341450871652962e-02,3.011793213339078e-04,nan
1.882500000000000e+02,-2.702919862624693e-02,8.967642431724234e-01,9.455460500081664e-03,-4.415811463997814e-01,1.135962104825171e-02,-3.011587491478246e-01,1.346743869549277e-02,0.000000000000000e+00,0.000000000000000e+00,0.000000000000000e+00,6.547622772267631e-03,9.303085798512281e-04,4.341450956047387e-02,3.012207490145618e-04,nan
1.885000000000000e+02,-2.717540662006166e-02,8.794845289947513e-01,8.372462883012863e-03,-4.750772173017641e-01,1.091389429919652e-02,-3.011904091140670e-01,1.290346844407591e-02,0.000000000000000e+00,0.000000000000000e+00,0.000000000000000e+00,6.547623898442692e-03,9.304401635721817e-04,4.341451022182510e-02,3.012505155188848e-04,nan
1.887500000000000e+02,-2.726777582894429e-02,8.609535259150870e-01,7.364402579322423e-03,-5.078988680735287e-01,1.048681539049133e-02,-3.012195527958191e-01,1.236154427488224e-02,0.000000000000000e+00,0.000000000000000e+00,0.000000000000000e+00,6.547624934198849e-03,9.305680891023649e-04,4.341451073720047e-02,3.012693381024192e-04,nan
1.890000000000000e+02,-2.731006249794817e-02,8.411977120042848e-01,6.429730623559973e-03,-5.399992855265856e-01,1.007766149361702e-02,-3.012463797281906e-01,1.184074862409543e-02,0.000000000000000e+00,0.000000000000000e+00,0.000000000000000e+00,6.547625886715071e-03,9.306917076705428e-04,4.341451113922795e-02,3.012779573051461e-04,nan
1.892500000000000e+02,-2.730583250685504e-02,8.202452957562394e-01,5.566772196057293e-03,-5.713327028520111e-01,9.685739330108571e-03,-3.012710736360611e-01,1.134019870815741e-02,0.000000000000000e+00,0.000000000000000e+00,0.000000000000000e+00,6.547626762602284e-03,9.308104517149799e-04,4.341451145679479e-02,3.012771300088465e-04,nan
1.895000000000000e+02,-2.725846643070138e-02,7.981261762599117e-01,4.773739129121507e-03,-6.018544626330404e-01,9.310384123883257e-03,-3.012938036799963e-01,1.085904518287356e-02,0.000000000000000e+00,0.000000000000000e+00,0.000000000000000e+00,6.547627567948200e-03,9.309238326450373e-04,4.341451171528941e-02,3.012676229262896e-04,nan
1.897500000000000e+02,-2.717116481351402e-02,7.748719010125731e-01,4.048741750341102e-03,-6.315210784400447e-01,8.950958585894021e-03,-3.013147256045970e-01,1.039647083960732e-02,0.000000000000000e+00,0.000000000000000e+00,0.000000000000000e+00,6.547628308358612e-03,9.310314382381564e-04,4.341451193683633e-02,3.012502065323918e-04,nan
1.900000000000000e+02,-2.704695361722166e-02,7.505156214250384e-01,3.389800083211417e-03,-6.602902949100585e-01,8.606851931291700e-03,-3.013339827967951e-01,9.951689338684813e-03,0.000000000000000e+00,0.000000000000000e+00,0.000000000000000e+00,6.547628988995526e-03,9.311329297203930e-04,4.341451214052409e-02,3.012256494434834e-04,nan
1.902500000000000e+02,-2.688868981022453e-02,7.250920460740884e-01,2.794854425640256e-03,-6.881211462156364e-01,8.277478929113079e-03,-3.013517072610384e-01,9.523943979921222e-03,0.000000000000000e+00,0.000000000000000e+00,0.000000000000000e+00,6.547629614612238e-03,9.312280385768072e-04,4.341451234262600e-02,3.011947132469227e-04,nan
1.905000000000000e+02,-2.669906706250234e-02,6.986373917615096e-01,2.261775327155367e-03,-7.149740128305618e-01,7.962278984370340e-03,-3.013680205177948e-01,9.112506510003464e-03,0.000000000000000e+00,0.000000000000000e+00,0.000000000000000e+00,6.547630189585706e-03,9.313165631361581e-04,4.341451255681325e-02,3.011581477799009e-04,nan
1.907500000000000e+02,-2.648062151642589e-02,6.711893324432264e-01,1.788372985813140e-03,-7.408106765028319e-01,7.660715252298770e-03,-3.013830344313161e-01,8.716675966313136e-03,0.000000000000000e+00,0.000000000000000e+00,0.000000000000000e+00,6.547630717946364e-03,9.313983649721484e-04,4.341451279436091e-02,3.011166868530312e-04,nan
1.910000000000000e+02,-2.623573760461419e-02,6.427869460958608e-01,1.372406085909205e-03,-7.655943733483377e-01,7.372273784420420e-03,-3.013968519721505e-01,8.335777556647599e-03,0.000000000000000e+00,0.000000000000000e+00,0.000000000000000e+00,6.547631203405568e-03,9.314733651612332e-04,4.341451306434567e-02,3.010710444114289e-04,nan
1.912500000000000e+02,-2.596665388825331e-02,6.134706595917302e-01,1.011590097624359e-03,-7.892898449818100e-01,7.096462705999209e-03,-3.014095679194776e-01,7.969161574191351e-03,0.000000000000000e+00,0.000000000000000e+00,0.000000000000000e+00,6.547631649380940e-03,9.315415404346186e-04,4.341451337383621e-02,3.010219111234452e-04,nan
1.915000000000000e+02,-2.567546889126797e-02,5.832821916567924e-01,7.036050597100216e-04,-8.118633876048251e-01,6.832811424396300e-03,-3.014212695079498e-01,7.616202347002491e-03,0.000000000000000e+00,0.000000000000000e+00,0.000000000000000e+00,6.547632059019693e-03,9.316029192595961e-04,4.341451372807522e-02,3.009699513848310e-04,nan
1.917500000000000e+02,-2.536414690761788e-02,5.522644939893765e-01,4.461028662323269e-04,-8.332828989740155e-01,6.580869867780448e-03,-3.014320370233630e-01,7.276297221207555e-03,0.000000000000000e+00,0.000000000000000e+00,0.000000000000000e+00,6.547632435220099e-03,9.316575778828343e-04,4.341451413065364e-02,3.009158007241622e-04,nan
1.920000000000000e+02,-2.503452376078079e-02,5.204616906206651e-01,2.367140782588153e-04,-8.535179231760720e-01,6.340207753605712e-03,-3.014419443511486e-01,6.948865577040057e-03,0.000000000000000e+00,0.000000000000000e+00,0.000000000000000e+00,6.547632780651301e-03,9.317056363656795e-04,4.341451458367672e-02,3.008600635935718e-04,nan
1.922500000000000e+02,-2.468831249618795e-02,4.879190156008778e-01,7.305428119174577e-05,-8.725396931396492e-01,6.110413886236390e-03,-3.014510594813707e-01,6.633347876812233e-03,0.000000000000000e+00,0.000000000000000e+00,0.000000000000000e+00,6.547633097771568e-03,9.317472546389407e-04,4.341451508792201e-02,3.008033115274042e-04,nan
1.925000000000000e+02,-2.432710898899856e-02,4.546827490978974e-01,-4.726999176779737e-05,-8.903211708179043e-01,5.891095483075041e-03,-3.014594449736221e-01,6.329204743873781e-03,0.000000000000000e+00,0.000000000000000e+00,0.000000000000000e+00,6.547633388845090e-03,9.317826286020306e-04,4.341451564298885e-02,3.007460816501577e-04,nan
1.927500000000000e+02,-2.395239745114046e-02,4.208001519976988e-01,-1.266557497960399e-04,-9.068370849790920e-01,5.681877528533119e-03,-3.014671583849532e-01,6.035916071584621e-03,0.000000000000000e+00,0.000000000000000e+00,0.000000000000000e+00,6.547633655957450e-03,9.318119862887866e-04,4.341451624744044e-02,3.006888755141560e-04,nan
1.930000000000000e+02,-2.356555582300984e-02,3.863193990983971e-01,-1.674984283202332e-04,-9.220639665464009e-01,5.482402155173649e-03,-3.014742526637227e-01,5.752980161309510e-03,0.000000000000000e+00,0.000000000000000e+00,0.000000000000000e+00,6.547633901029940e-03,9.318355841197840e-04,4.341451689893739e-02,3.006321582466523e-04,nan
1.932500000000000e+02,-2.316786103661472e-02,3.512895109920127e-01,-1.721871469608400e-04,-9.359801814320469e-01,5.292328051350967e-03,-3.014807765120289e-01,5.479912888429654e-03,0.000000000000000e+00,0.000000000000000e+00,0.000000000000000e+00,6.547634125832672e-03,9.318537032584782e-04,4.341451759436329e-02,3.005763579855631e-04,nan
1.935000000000000e+02,-2.276049413826936e-02,3.157602847301567e-01,-1.431003222501662e-04,-9.485659608145391e-01,5.111329894672841e-03,-3.014867747191765e-01,5.216246895359346e-03,0.000000000000000e+00,0.000000000000000e+00,0.000000000000000e+00,6.547634331996707e-03,9.318666460861108e-04,4.341451832994268e-02,3.005218655827642e-04,nan
1.937500000000000e+02,-2.234454526020276e-02,2.797822233717908e-01,-8.260161619272447e-05,-9.598034288119757e-01,4.939097810614678e-03,-3.014922884684367e-01,4.961530810553178e-03,0.000000000000000e+00,0.000000000000000e+00,0.000000000000000e+00,6.547634521025246e-03,9.318747328080381e-04,4.341451910135154e-02,3.004690345537764e-04,nan
1.940000000000000e+02,-2.192101843163584e-02,2.434064645129785e-01,6.963797893049713e-06,-9.696766275082213e-01,4.775336855623403e-03,-3.014973556191824e-01,4.715328492490873e-03,0.000000000000000e+00,0.000000000000000e+00,0.000000000000000e+00,6.547634694303894e-03,9.318782982018867e-04,4.341451990381962e-02,3.004181812527653e-04,nan
1.942500000000000e+02,-2.149083622101379e-02,2.066847079001576e-01,1.232726704235801e-04,-9.781715392928771e-01,4.619766524059495e-03,-3.015020109663141e-01,4.477218297631522e-03,0.000000000000000e+00,0.000000000000000e+00,0.000000000000000e+00,6.547634853110195e-03,9.318776885158613e-04,4.341452073222624e-02,3.003695852520525e-04,nan
1.945000000000000e+02,-2.105484420215182e-02,1.696691422298955e-01,2.640268292613099e-04,-9.852761064800203e-01,4.472120278338910e-03,-3.015062864787366e-01,4.246792371336490e-03,0.000000000000000e+00,0.000000000000000e+00,0.000000000000000e+00,6.547634998622346e-03,9.318732585234966e-04,4.341452158118835e-02,3.003234899057410e-04,nan
1.947500000000000e+02,-2.061381523807120e-02,1.324123712393594e-01,4.269560694511303e-04,-9.909802481748138e-01,4.332145101652159e-03,-3.015102115185144e-01,4.023655960769991e-03,0.000000000000000e+00,0.000000000000000e+00,0.000000000000000e+00,6.547635131927305e-03,9.318653687393412e-04,4.341452244514219e-02,3.002801030776385e-04,nan
1.950000000000000e+02,-2.016845357726631e-02,9.496733919283967e-02,6.098207959292898e-04,-9.952758743612399e-01,4.199601072655003e-03,-3.015138130421920e-01,3.807426748797688e-03,0.000000000000000e+00,0.000000000000000e+00,0.000000000000000e+00,6.547635254028237e-03,9.318543827982119e-04,4.341452331841830e-02,3.002395980143213e-04,nan
1.952500000000000e+02,-1.971939875805831e-02,5.738725587059566e-02,8.104144357316694e-04,-9.981568971883656e-01,4.074260961543880e-03,-3.015171157856532e-01,3.597734207916597e-03,0.000000000000000e+00,0.000000000000000e+00,0.000000000000000e+00,6.547635365851373e-03,9.318406649991293e-04,4.341452419530990e-02,3.002021143450000e-04,nan
1.955000000000000e+02,-1.926722931755783e-02,1.972552116706901e-02,1.026565635805312e-03,-9.996192394367506e-01,3.955909846949060e-03,-3.015201424337802e-01,3.394218973263462e-03,0.000000000000000e+00,0.000000000000000e+00,0.000000000000000e+00,6.547635468252384e-03,9.318245780135293e-04,4.341452507013574e-02,3.001677591907349e-04,nan
1.957500000000000e+02,-1.881246630258069e-02,-1.796435059388770e-02,1.256140262103117e-03,-9.996608401507964e-01,3.844344753099417e-03,-3.015229137760680e-01,3.196532233763370e-03,0.000000000000000e+00,0.000000000000000e+00,0.000000000000000e+00,6.547635562022249e-03,9.318064807559954e-04,4.341452593729661e-02,3.001366083665212e-04,nan
1.960000000000000e+02,-1.835557658063959e-02,-5.562880651867626e-02,1.497043215218268e-03,-9.982816574270569e-01,3.739374306734304e-03,-3.015254488492572e-01,3.004335140495632e-03,0.000000000000000e+00,0.000000000000000e+00,0.000000000000000e+00,6.547635647892665e-03,9.317867264145741e-04,4.341452679132717e-02,3.001087076608194e-04,nan
1.962500000000000e+02,-1.789697594987308e-02,-9.321433107014446e-02,1.747220077393640e-03,-9.954836683527241e-01,3.640818413260291e-03,-3.015277650679593e-01,2.817298231369363e-03,0.000000000000000e+00,0.000000000000000e+00,0.000000000000000e+00,6.547635726541089e-03,9.317656606366504e-04,4.341452762694194e-02,3.000840741782029e-04,nan
1.965000000000000e+02,-1.743703204747386e-02,-1.306675219518207e-01,2.004658605323462e-03,-9.912708660927253e-01,3.548507951673272e-03,-3.015298783441664e-01,2.635100871216794e-03,0.000000000000000e+00,0.000000000000000e+00,0.000000000000000e+00,6.547635798595372e-03,9.317436198654845e-04,4.341452843907697e-02,3.000626977319430e-04,nan
1.967500000000000e+02,-1.697606705684266e-02,-1.679351658417560e-01,2.267390082750938e-03,-9.856492541280576e-01,3.462284487789557e-03,-3.015318031964629e-01,2.457430706427838e-03,0.000000000000000e+00,0.000000000000000e+00,0.000000000000000e+00,6.547635864638075e-03,9.317209298216537e-04,4.341452922292680e-02,3.000445422745282e-04,nan
1.970000000000000e+02,-1.651436021432557e-02,-2.049643138677435e-01,2.533490546457373e-03,-9.786268376521705e-01,3.382000005352911e-03,-3.015335528496841e-01,2.283983133264760e-03,0.000000000000000e+00,0.000000000000000e+00,0.000000000000000e+00,6.547635925210449e-03,9.316979041230904e-04,4.341452997397702e-02,3.000295473553084e-04,nan
1.972500000000000e+02,-1.605215011699163e-02,-2.417023567160569e-01,2.801081898836477e-03,-9.702136121363798e-01,3.307516654608067e-03,-3.015351393257072e-01,2.114460779010752e-03,0.000000000000000e+00,0.000000000000000e+00,0.000000000000000e+00,6.547635980816172e-03,9.316748430368011e-04,4.341453068803366e-02,3.000176295956589e-04,nan
1.975000000000000e+02,-1.558963683347878e-02,-2.780970992663685e-01,3.068332919852563e-03,-9.604215490794263e-01,3.238706517954869e-03,-3.015365735259921e-01,1.948572995120787e-03,0.000000000000000e+00,0.000000000000000e+00,0.000000000000000e+00,6.547636031924814e-03,9.316520323550398e-04,4.341453136124805e-02,3.000086841732520e-04,nan
1.977500000000000e+02,-1.512698382047869e-02,-3.140968346461968e-01,3.333460190793987e-03,-9.492645789604136e-01,3.175451392320914e-03,-3.015378653064376e-01,1.786035361557122e-03,0.000000000000000e+00,0.000000000000000e+00,0.000000000000000e+00,6.547636078975007e-03,9.316297423884244e-04,4.341453199013907e-02,3.000025863082136e-04,nan
1.980000000000000e+02,-1.466431964794933e-02,-3.496504175990644e-01,3.594728941853782e-03,-9.367585714184297e-01,3.117642587914297e-03,-3.015390235450697e-01,1.626569201505267e-03,0.000000000000000e+00,0.000000000000000e+00,0.000000000000000e+00,6.547636122377519e-03,9.316082270683349e-04,4.341453257161214e-02,2.999991927451048e-04,nan
1.982500000000000e+02,-1.420173953663932e-02,-3.847073370615468e-01,3.850453835198380e-03,-9.229213126861954e-01,3.065180743041659e-03,-3.015400562030194e-01,1.469901105678961e-03,0.000000000000000e+00,0.000000000000000e+00,0.000000000000000e+00,6.547636162518037e-03,9.315877231509550e-04,4.341453310297550e-02,2.999983432257738e-04,nan
1.985000000000000e+02,-1.373930671198093e-02,-4.192177878455242e-01,4.098999694822779e-03,-9.077724803090701e-01,3.017975654700496e-03,-3.015409703792129e-01,1.315762465434785e-03,0.000000000000000e+00,0.000000000000000e+00,0.000000000000000e+00,6.547636199759828e-03,9.315684495153551e-04,4.341453358195386e-02,2.999998619492422e-04,nan
1.987500000000000e+02,-1.327705357886348e-02,-4.531327413232540e-01,4.338782194136740e-03,-8.913336151846900e-01,2.975946124678071e-03,-3.015417723591457e-01,1.163889013928226e-03,0.000000000000000e+00,0.000000000000000e+00,0.000000000000000e+00,6.547636234446220e-03,9.315506065482632e-04,4.341453400669995e-02,3.000035590157882e-04,nan
1.990000000000000e+02,-1.281498272223509e-02,-4.864040150143112e-01,4.568268511881288e-03,-8.736280909623899e-01,2.939019820912861e-03,-3.015424676580778e-01,1.014020374553524e-03,0.000000000000000e+00,0.000000000000000e+00,0.000000000000000e+00,6.547636266902971e-03,9.315343756084241e-04,4.341453437580395e-02,3.000092318533875e-04,nan
1.992500000000000e+02,-1.235306773890154e-02,-5.189843409750384e-01,4.785977966638184e-03,-8.546810808453914e-01,2.907133153897729e-03,-3.015430610589436e-01,8.658996159191973e-04,0.000000000000000e+00,0.000000000000000e+00,0.000000000000000e+00,6.547636297440497e-03,9.315199185638359e-04,4.341453468830123e-02,3.000166666255766e-04,nan
1.995000000000000e+02,-1.189125390629764e-02,-5.508274328928662e-01,4.990482639866676e-03,-8.345195218424866e-01,2.880231167927327e-03,-3.015435566452389e-01,7.192728126198790e-04,0.000000000000000e+00,0.000000000000000e+00,0.000000000000000e+00,6.547636326356019e-03,9.315073773956307e-04,4.341453494367808e-02,3.000256396206413e-04,nan
1.997500000000000e+02,-1.142945869440084e-02,-5.818880517897457e-01,5.180407997081448e-03,-8.131720765196448e-01,2.858267447015323e-03,-3.015439578291079e-01,5.738886110729337e-04,0.000000000000000e+00,0.000000000000000e+00,0.000000000000000e+00,6.547636353935565e-03,9.314968738628850e-04,4.341453514187638e-02,3.000359186228034e-04,nan
2.000000000000000e+02,-1.096757212733971e-02,-6.121220702409271e-01,5.354433516472930e-03,-7.906690923055680e-01,2.841204035330135e-03,-3.015442673748274e-01,4.294977996952161e-04,0.000000000000000e+00,0.000000000000000e+00,0.000000000000000e+00,6.547636380455979e-03,9.314885092232706e-04,4.341453528329673e-02,3.000472642667554e-04,nan
